player_id,team_id,fifa_code,team_name,group_letter,confederation,shirt_number,position,player_name,date_of_birth,age,caps,international_goals,is_captain,club,club_country,club_league,height_cm,preferred_foot,market_value_eur,club_apps_2025_26,club_starts_2025_26,club_minutes_2025_26,club_goals_2025_26,club_assists_2025_26,club_yellow_2025_26,club_red_2025_26,club_clean_sheets_2025_26,club_goals_conceded_2025_26,club_competitions_2025_26,team_wins_2025_26,team_draws_2025_26,team_losses_2025_26,career_club_apps,career_club_goals,enrichment_confidence,form_note,enrichment_sources
1,1,MEX,Mexico,A,CONCACAF,1,GK,Raúl Rangel,2000-02-25,26,14,0,False,Guadalajara,Mexico,Liga MX,189,Right,6000000,17,17,1530,0,0,1,0,4,,Liga MX,,,,,0,high,,https://www.livescore.com/en/season-stats/raul-rangel/5025/ ; https://www.transfermarkt.us/raul-rangel/leistungsdaten/spieler/802855/saison/2025
2,1,MEX,Mexico,A,CONCACAF,2,DF,Jorge Sánchez,1997-12-10,28,59,3,False,PAOK,Greece,Super League Greece,177,Right,,21,,,1,,,,,,"Liga MX, Leagues Cup, FIFA Intercontinental Cup (with Cruz Azul); Super League Greece (PAOK)",,,,242,5,medium,Joined PAOK from Cruz Azul in Feb 2026,"https://en.wikipedia.org/wiki/Jorge_S%C3%A1nchez_(footballer,_born_1997)"
3,1,MEX,Mexico,A,CONCACAF,3,DF,César Montes,1997-02-24,29,67,4,False,Lokomotiv Moscow,Russia,Russian Premier League,192,Right,,29,,,4,,,,,,"Russian Premier League, Russian Cup",,,,300,16,high,,https://en.wikipedia.org/wiki/C%C3%A9sar_Montes
4,1,MEX,Mexico,A,CONCACAF,4,DF,Edson Álvarez,1997-10-24,28,98,7,True,Fenerbahçe,Turkey,Süper Lig,187,Right,,18,,,0,,,,,,"Süper Lig, Turkish Cup, UEFA Europa League",,,,255,16,high,Captain and defensive anchor,https://en.wikipedia.org/wiki/Edson_%C3%81lvarez
5,1,MEX,Mexico,A,CONCACAF,5,DF,Johan Vásquez,1998-10-22,27,46,3,False,Genoa,Italy,Serie A,184,Left,,39,,,3,,,,,,"Serie A, Coppa Italia",,,,281,11,high,,"https://en.wikipedia.org/wiki/Johan_V%C3%A1squez_(footballer,_born_1998)"
6,1,MEX,Mexico,A,CONCACAF,6,MF,Érik Lira,2000-05-08,26,25,0,False,Cruz Azul,Mexico,Liga MX,175,Right,12000000,43,,,1,,,,,,"Liga MX, CONCACAF Champions Cup, Leagues Cup, FIFA Intercontinental Cup",,,,253,2,high,,https://en.wikipedia.org/wiki/%C3%89rik_Lira ; https://www.transfermarkt.us/erik-lira/leistungsdaten/spieler/602324
7,1,MEX,Mexico,A,CONCACAF,7,MF,Luis Romo,1995-06-05,31,63,4,False,Guadalajara,Mexico,Liga MX,187,Right,,26,,2271,1,2,,,,,Liga MX,,,,252,19,high,,https://en.wikipedia.org/wiki/Luis_Romo ; https://www.transfermarkt.us/luis-romo/leistungsdaten/spieler/532938
8,1,MEX,Mexico,A,CONCACAF,8,MF,Álvaro Fidalgo,1997-04-09,29,4,0,False,Real Betis,Spain,La Liga,178,Right,,37,,,2,,,,,,"Liga MX, CONCACAF (with América); La Liga, Copa del Rey, UEFA competition (Betis)",,,,389,38,high,Joined Real Betis from América during 2025-26,https://en.wikipedia.org/wiki/%C3%81lvaro_Fidalgo
9,1,MEX,Mexico,A,CONCACAF,9,FW,Raúl Jiménez,1991-05-05,35,124,45,False,Fulham,England,Premier League,190,Right,3000000,43,27,2158,10,3,,,,,"Premier League, FA Cup, EFL Cup",,,,531,158,high,"Veteran striker, all-time leading scorer for Mexico",https://en.wikipedia.org/wiki/Ra%C3%BAl_Jim%C3%A9nez ; https://www.transfermarkt.us/raul-jimenez/leistungsdaten/spieler/206040/saison/2025
10,1,MEX,Mexico,A,CONCACAF,10,FW,Alexis Vega,1997-11-25,28,52,7,False,Toluca,Mexico,Liga MX,174,Right,,22,17,1528,4,11,4,0,,,Liga MX (Clausura 2026),,,,270,66,medium,,https://www.transfermarkt.us/alexis-vega/leistungsdaten/spieler/424689 ; https://en.wikipedia.org/wiki/Alexis_Vega_(Mexican_footballer)
11,1,MEX,Mexico,A,CONCACAF,11,FW,Santiago Giménez,2001-04-18,25,47,6,False,Milan,Italy,Serie A,185,Right,,18,11,,1,1,2,0,,,"Serie A, Coppa Italia",,,,247,93,high,Five months out with ankle injury from Oct 2025,https://en.wikipedia.org/wiki/Santiago_Gim%C3%A9nez ; https://www.transfermarkt.us/santiago-gimenez/leistungsdaten/spieler/552955
12,1,MEX,Mexico,A,CONCACAF,12,GK,Carlos Acevedo,1996-04-19,30,7,0,False,Santos Laguna,Mexico,Liga MX,183,Right,,32,,2860,0,0,,,5,59,Liga MX,,,,226,1,high,,https://footystats.org/players/mexico/carlos-acevedo-lopez ; https://en.wikipedia.org/wiki/Carlos_Acevedo
13,1,MEX,Mexico,A,CONCACAF,13,GK,Guillermo Ochoa,1985-07-13,40,152,0,False,AEL Limassol,Cyprus,Cypriot First Division,185,Right,,26,,,0,0,,,,,"Cypriot First Division, Cypriot Cup",,,,778,0,high,"Veteran, set for record sixth World Cup at age 40",https://en.wikipedia.org/wiki/Guillermo_Ochoa
14,1,MEX,Mexico,A,CONCACAF,14,FW,Armando González,2003-04-20,23,7,1,False,Guadalajara,Mexico,Liga MX,179,,,35,,,25,,,,,,"Liga MX, CONCACAF Champions Cup",,,,60,27,high,Liga MX top scorer 2025-26 (24 league goals); Clausura 2026 Player of the Tournament,"https://en.wikipedia.org/wiki/Armando_Gonz%C3%A1lez_(footballer,_born_2003) ; https://www.excelsior.com.mx/deportes/chivas-para-mundo-hormiga-gonzalez-mejor-jugador-liga-mx"
15,1,MEX,Mexico,A,CONCACAF,15,DF,Israel Reyes,2000-05-23,26,34,2,False,América,Mexico,Liga MX,178,Right,,43,,,0,1,2,,,,"Liga MX, CONCACAF Champions Cup, Leagues Cup, Campeón de Campeones",,,,226,9,high,,https://en.wikipedia.org/wiki/Israel_Reyes
16,1,MEX,Mexico,A,CONCACAF,16,FW,Julián Quiñones,1997-03-24,29,22,2,False,Al-Qadsiah,Saudi Arabia,Saudi Pro League,173,Right,,35,,,37,4,4,0,,,"Saudi Pro League, King's Cup, AFC Champions League",,,,278,129,high,Saudi Pro League top scorer 2025-26 (33 league goals),https://en.wikipedia.org/wiki/Juli%C3%A1n_Qui%C3%B1ones ; https://www.transfermarkt.us/julian-quinones/leistungsdaten/spieler/416090/saison/2025
17,1,MEX,Mexico,A,CONCACAF,17,MF,Orbelín Pineda,1996-03-24,30,92,12,False,AEK Athens,Greece,Super League Greece,170,Right,,27,,,4,,,,,,"Super League Greece, Greek Cup, UEFA Conference League",,,,363,42,high,,https://en.wikipedia.org/wiki/Orbel%C3%ADn_Pineda
18,1,MEX,Mexico,A,CONCACAF,18,MF,Obed Vargas,2005-08-05,20,6,0,False,Atlético Madrid,Spain,La Liga,180,Right,,13,,,0,,,,,,"La Liga, Copa del Rey (Atlético); MLS (Seattle Sounders)",,,,171,8,medium,Joined Atlético Madrid from Seattle Sounders in 2026,https://en.wikipedia.org/wiki/Obed_Vargas
19,1,MEX,Mexico,A,CONCACAF,19,MF,Gilberto Mora,2008-10-14,17,8,0,False,Tijuana,Mexico,Liga MX,167,Right,,17,,1131,4,1,,,,,Liga MX,,,,,,medium,Youngest player in the squad,https://www.transfermarkt.us/gilberto-mora/leistungsdaten/spieler/1155723 ; https://www.fotmob.com/players/1670377/gilberto-mora
20,1,MEX,Mexico,A,CONCACAF,20,DF,Mateo Chávez,2004-05-12,22,10,0,False,AZ,Netherlands,Eredivisie,177,Left,,32,,,1,,,,,,"Eredivisie, KNVB Cup, UEFA Conference League",,,,116,3,high,,https://en.wikipedia.org/wiki/Mateo_Ch%C3%A1vez
21,1,MEX,Mexico,A,CONCACAF,21,FW,César Huerta,2000-12-03,25,26,3,False,Anderlecht,Belgium,Belgian Pro League,169,Right,,17,,,2,,,,,,"Belgian Pro League, Belgian Cup, UEFA Europa League",,,,179,30,high,,https://en.wikipedia.org/wiki/C%C3%A9sar_Huerta
22,1,MEX,Mexico,A,CONCACAF,22,FW,Guillermo Martínez,1995-03-15,31,12,3,False,Pumas,Mexico,Liga MX,186,Right,1500000,26,,1342,9,,6,0,,,Liga MX (Clausura 2026),,,,,,medium,,https://footystats.org/players/mexico/guillermo-martinez-ayala ; https://www.transfermarkt.us/guillermo-martinez/leistungsdaten/spieler/347932/saison/2025
23,1,MEX,Mexico,A,CONCACAF,23,DF,Jesús Gallardo,1994-08-15,31,121,3,False,Toluca,Mexico,Liga MX,179,Left,,33,,,5,5,5,,,,Liga MX,,,,294,32,medium,,https://www.flashscore.com/player/gallardo-jesus/tSbTldMt/ ; https://en.wikipedia.org/wiki/Jes%C3%BAs_Gallardo
24,1,MEX,Mexico,A,CONCACAF,24,MF,Luis Chávez,1996-01-15,30,45,5,False,Dynamo Moscow,Russia,Russian Premier League,175,Left,,5,,,0,,,,,,"Russian Premier League, Russian Cup",,,,252,24,high,,https://en.wikipedia.org/wiki/Luis_Ch%C3%A1vez_(footballer)
25,1,MEX,Mexico,A,CONCACAF,25,FW,Roberto Alvarado,1998-09-07,27,67,5,False,Guadalajara,Mexico,Liga MX,169,Left,,29,,2195,4,4,,,,,Liga MX,,,,330,54,medium,,https://www.transfermarkt.co.uk/roberto-alvarado/leistungsdaten/spieler/353583 ; https://en.wikipedia.org/wiki/Roberto_Alvarado
26,1,MEX,Mexico,A,CONCACAF,26,MF,Brian Gutiérrez,2003-06-17,22,7,2,False,Guadalajara,Mexico,Liga MX,178,Left,,,,918,2,1,4,,,,Liga MX (Clausura 2026),,,,,,low,Joined Chivas from Chicago Fire FC,https://www.fotmob.com/players/1170238/brian-gutierrez ; https://www.transfermarkt.us/brian-gutierrez/profil/spieler/724443
27,2,RSA,South Africa,A,CAF,1,GK,Ronwen Williams,1992-01-21,34,63,0,True,Mamelodi Sundowns,South Africa,Betway Premiership,184,Right,900000,29,29,2610,0,0,,,13,21,Betway Premiership,,,,,0,medium,First-choice keeper and captain,https://footystats.org/players/south-africa/ronwen-williams ; https://www.fotmob.com/players/253991/ronwen-williams ; https://www.transfermarkt.us/ronwen-williams/profil/spieler/175577
28,2,RSA,South Africa,A,CAF,2,DF,Thabang Matuludi,1999-01-14,27,2,0,False,Polokwane City,South Africa,Betway Premiership,,Right,,23,,1950,2,0,5,1,,,Betway Premiership,,,,,,medium,,https://theanalyst.com/players/7814/thabang-matuludi/stats ; https://footystats.org/players/south-africa/tholo-thabang-matuludi ; https://www.sofascore.com/football/player/matuludi-tholo-thabang/1470073
29,2,RSA,South Africa,A,CAF,3,DF,Khulumani Ndamane,2004-02-05,22,5,0,False,Mamelodi Sundowns,South Africa,Betway Premiership,,,,26,25,,0,1,,,,,Betway Premiership (combined with TS Galaxy spell before Jan 2026 transfer),,,,,,medium,,https://africa.espn.com/football/team/squad/_/id/7084/rsa.mamelodi_sundowns ; https://en.wikipedia.org/wiki/Khulumani_Ndamane ; https://www.transfermarkt.us/khulumani-ndamane/profil/spieler/1283140/
30,2,RSA,South Africa,A,CAF,4,MF,Teboho Mokoena,1997-01-24,29,51,9,False,Mamelodi Sundowns,South Africa,Betway Premiership,180,Right,,23,,1617,4,2,5,1,,,"Betway Premiership, CAF Champions League",,,,,,medium,"Key central midfielder, regular starter",https://www.flashscore.com/player/mokoena-teboho/MFTeufFd/ ; https://www.sofascore.com/football/player/teboho-mokoena/881117 ; https://www.fotmob.com/players/848361/teboho-mokoena
31,2,RSA,South Africa,A,CAF,5,MF,Thalente Mbatha,2000-03-06,26,14,3,False,Orlando Pirates,South Africa,Betway Premiership,,,,,,1537,0,1,1,,,,Betway Premiership,,,,,,medium,,https://www.fotmob.com/players/1124424/thalente-mbatha ; https://www.sofascore.com/football/player/mbatha-thalente/1014410
32,2,RSA,South Africa,A,CAF,6,DF,Aubrey Modiba,1995-07-22,30,44,3,False,Mamelodi Sundowns,South Africa,Betway Premiership,175,Left,,27,22,2017,0,3,4,,,,Betway Premiership,,,,,,medium,Regular left-back,https://africa.espn.com/football/team/squad/_/id/7084/rsa.mamelodi_sundowns ; https://www.sofascore.com/football/player/aubrey-modiba/837099 ; https://www.flashscore.com/player/modiba-aubrey/tWExAYOC/
33,2,RSA,South Africa,A,CAF,7,FW,Oswin Appollis,2001-08-25,24,25,8,False,Orlando Pirates,South Africa,Betway Premiership,,,,37,,2170,9,9,,,,,"Betway Premiership, CAF Champions League, MTN8, Carling Knockout, Nedbank Cup",,,,,,high,Attacking winger; 9 goals and 9 assists across all competitions,https://www.fotmob.com/players/1054166/oswin-appollis ; https://www.livescore.com/en/season-stats/oswin-appollis/43091/ ; https://www.sofascore.com/football/player/oswin-appollis/984505
34,2,RSA,South Africa,A,CAF,8,FW,Tshepang Moremi,2000-10-02,25,9,1,False,Orlando Pirates,South Africa,Betway Premiership,,,,17,,,8,1,,,,,All competitions (Betway Premiership and cups),,,,,,medium,Winger; signed from AmaZulu in July 2025,https://en.wikipedia.org/wiki/Tshepang_Moremi ; https://www.flashscore.com/player/moremi-tshepang/QXY2UJk0/ ; https://www.sofascore.com/football/player/tshepang-moremi/1101745
35,2,RSA,South Africa,A,CAF,9,FW,Lyle Foster,2000-09-03,25,27,10,False,Burnley,England,Premier League,182,Right,8000000,26,15,1372,3,2,4,0,,,Premier League,,,,99,12,high,Leads the line; main striker,https://www.transfermarkt.us/lyle-foster/profil/spieler/467623 ; https://www.fotmob.com/players/881500/lyle-foster ; https://www.premierleague.com/en/players/435973/lyle-foster/stats
36,2,RSA,South Africa,A,CAF,10,FW,Relebohile Mofokeng,2004-10-23,21,12,0,False,Orlando Pirates,South Africa,Betway Premiership,166,,2000000,,,2131,10,8,2,,,,Betway Premiership,,,,,,medium,Young attacking talent; key in Pirates' treble season,https://www.fotmob.com/players/1471333/relebohile-mofokeng ; https://www.transfermarkt.co.za/relebohile-mofokeng/marktwertverlauf/spieler/1125037 ; https://en.wikipedia.org/wiki/Relebohile_Mofokeng
37,2,RSA,South Africa,A,CAF,11,MF,Themba Zwane,1989-08-03,36,53,12,False,Mamelodi Sundowns,South Africa,Betway Premiership,170,Right,,7,1,532,0,1,,,,,Betway Premiership,,,,,,medium,"Veteran playmaker, experience role; limited minutes this season",https://www.fotmob.com/players/303609/themba-zwane ; https://www.espn.com/soccer/player/_/id/157046/themba-zwane
38,2,RSA,South Africa,A,CAF,12,FW,Thapelo Maseko,2003-11-11,22,9,1,False,AEL Limassol,Cyprus,Cypriot First Division,,,,,,294,1,0,,,,,"Cypriot First Division, Cypriot Cup (on loan from Jan 2026)",,,,,,low,On loan at AEL Limassol from January 2026; scored on early appearance,https://en.wikipedia.org/wiki/Thapelo_Maseko ; https://www.transfermarkt.us/thapelo-maseko/profil/spieler/983330 ; https://www.kickoff.com/psl/sa-players-abroad/thapelo-maseko-announces-himself-with-goal-at-ael-limassol-in-cyprus
39,2,RSA,South Africa,A,CAF,13,MF,Sphephelo Sithole,1999-03-03,27,27,1,False,Tondela,Portugal,Primeira Liga,,,,26,,1543,1,0,,,,,Primeira Liga,,,,,,medium,"Defensive midfielder, regular starter for Tondela",https://www.fotmob.com/players/1107735/sphephelo-sithole ; https://us.soccerway.com/player/yaya-sithole/8QxUv8F5/ ; https://www.flashscore.com/player/yaya-sithole/8QxUv8F5/
40,2,RSA,South Africa,A,CAF,14,DF,Mbekezeli Mbokazi,2005-09-19,20,10,1,False,Chicago Fire,United States,Major League Soccer,,,,14,12,,0,,,,,,Major League Soccer,,,,,,low,MLS All-Star First XI selection; revelation for Chicago Fire,https://www.mlssoccer.com/news/mbekezeli-mbokazi-world-cup-profile-chicago-fire-south-africa-defender ; https://www.chicagofirefc.com/players/mbekezeli-mbokazi/ ; https://www.kickoff.com/psl/sa-players-abroad/mbekezeli-mbokazi-helps-chicago-fire-to-clean-sheet-milestone
41,2,RSA,South Africa,A,CAF,15,FW,Iqraam Rayners,1995-12-19,30,13,4,False,Mamelodi Sundowns,South Africa,Betway Premiership,,,,25,,1425,12,4,,,,,Betway Premiership,,,,,,high,Sundowns top scorer this season with 12 league goals,https://footystats.org/players/south-africa/iqraam-rayners ; https://www.flashscore.com/player/rayners-iqraam/8M2gNoUh/ ; https://www.sofascore.com/football/player/iqraam-rayners/991024
42,2,RSA,South Africa,A,CAF,16,GK,Sipho Chaine,1996-12-14,29,3,0,False,Orlando Pirates,South Africa,Betway Premiership,,,,39,,,0,0,,,25,19,"Betway Premiership, CAF Champions League, MTN8, Carling Knockout, Nedbank Cup",,,,,0,high,First-choice keeper this season; record 21 league clean sheets (30 league apps),https://en.wikipedia.org/wiki/Sipho_Chaine ; https://www.kickoff.com/psl/orlando-pirates/sipho-chaine-s-clean-sheet-count-effect ; https://www.soccerladuma.co.za/psl/orlando-pirates/chaine-humbled-with-orlando-pirates-season
43,2,RSA,South Africa,A,CAF,17,FW,Evidence Makgopa,2000-06-05,26,26,6,False,Orlando Pirates,South Africa,Betway Premiership,,,,18,,,4,3,,,,,All competitions (Betway Premiership and cups),,,,,,medium,Contributed to MTN8 and Carling Knockout title runs,https://www.livescore.com/en/season-stats/evidence-makgopa/3572/ ; https://www.flashscore.com/player/makgopa-evidence/riFLkbEo/ ; https://en.wikipedia.org/wiki/Evidence_Makgopa
44,2,RSA,South Africa,A,CAF,18,DF,Samukele Kabini,2004-03-15,22,5,0,False,Molde,Norway,Eliteserien,,,,2,,179,0,0,,,,,Eliteserien (2026 calendar season early stage),,,,,,low,Limited minutes; Eliteserien is a calendar-year league,https://www.fotmob.com/players/1680659/samukele-kabini ; https://www.sofascore.com/football/player/samukelo-kabini/1518180 ; https://en.wikipedia.org/wiki/Samukele_Kabini
45,2,RSA,South Africa,A,CAF,19,DF,Nkosinathi Sibisi,1995-09-22,30,19,0,False,Orlando Pirates,South Africa,Betway Premiership,,,,10,,812,0,0,2,,,,Betway Premiership (plus cup appearances),,,,,0,medium,Central defender; club captain for 2025/26,https://www.fotmob.com/players/716819/nkosinathi-sibisi ; https://www.livescore.com/en/season-stats/nkosinathi-sibisi/42884/ ; https://www.orlandopiratesfc.com/team/defenders/nkosinathi-sibisi/
46,2,RSA,South Africa,A,CAF,20,DF,Khuliso Mudau,1995-04-26,31,32,1,False,Mamelodi Sundowns,South Africa,Betway Premiership,,Right,,21,17,1437,0,1,7,,,,Betway Premiership,,,,,,medium,Regular right-back,https://www.fotmob.com/players/940010/khuliso-mudau ; https://www.livescore.com/en/season-stats/khuliso-mudau/42942/ ; https://en.wikipedia.org/wiki/Khuliso_Mudau
47,2,RSA,South Africa,A,CAF,21,DF,Ime Okon,2004-02-20,22,7,1,False,Hannover 96,Germany,2. Bundesliga,,,2000000,,,1716,2,0,4,,,,2. Bundesliga,,,,,,medium,Centre-back; joined Hannover 96 in July 2025,https://www.fotmob.com/players/1600334/ime-okon ; https://www.sofascore.com/football/player/okon-ime/1507710 ; https://www.transfermarkt.us/ime-okon/profil/spieler/1107265
48,2,RSA,South Africa,A,CAF,22,GK,Ricardo Goss,1994-04-02,32,4,0,False,Siwelele,South Africa,Betway Premiership,,,,28,28,2610,0,0,,,14,24,Betway Premiership,,,,,0,medium,First-choice keeper at Siwelele; 14 clean sheets,https://footystats.org/players/south-africa/ricardo-goss ; https://www.fotmob.com/players/428006/ricardo-goss ; https://www.espn.com/soccer/player/_/id/186121/ricardo-goss
49,2,RSA,South Africa,A,CAF,23,MF,Jayden Adams,2001-05-05,25,4,0,False,Mamelodi Sundowns,South Africa,Betway Premiership,,,,18,,1107,1,0,4,1,,,Betway Premiership,,,,,,high,,https://footystats.org/players/south-africa/jayden-adams ; https://www.livescore.com/en/season-stats/jayden-adams/31257/ ; https://www.sofascore.com/football/player/adams-jayden/1049669
50,2,RSA,South Africa,A,CAF,24,DF,Olwethu Makhanya,2004-04-30,22,0,0,False,Philadelphia Union,United States,Major League Soccer,,,,28,22,2055,1,,,,,,Major League Soccer (2025 season),,,,,,medium,Uncapped debutant; helped Union win 2025 Supporters' Shield,https://www.mlssoccer.com/news/olwethu-makhanya-world-cup-profile-philadelphia-union-south-africa ; https://www.philadelphiaunion.com/news/momentous-start-to-2025-for-olwethu-makhanya ; https://www.transfermarkt.us/olwethu-makhanya/leistungsdaten/spieler/1069801
51,2,RSA,South Africa,A,CAF,25,FW,Kamogelo Sebelebele,2002-07-21,23,2,0,False,Orlando Pirates,South Africa,Betway Premiership,,,,,,799,3,0,3,,,,"Betway Premiership, MTN8",,,,,,medium,"Signed from TS Galaxy in July 2025; 1 league goal, 2 MTN8 goals",https://www.fotmob.com/players/1451566/kamogelo-sebelebele ; https://www.livescore.com/en/season-stats/kamogelo-sebelebele/32959/ ; https://africa.espn.com/football/player/_/id/337134/kamogelo-sebelebele
52,2,RSA,South Africa,A,CAF,26,DF,Bradley Cross,2001-01-30,25,0,0,False,Kaizer Chiefs,South Africa,Betway Premiership,,Left,,21,,1722,0,1,2,,,,Betway Premiership,,,,,,medium,Uncapped debutant; dependable left-back for Kaizer Chiefs,https://www.fotmob.com/players/1202481/bradley-cross ; https://www.sofascore.com/football/player/cross-bradley/1085536 ; https://en.wikipedia.org/wiki/Bradley_Cross_(soccer)
53,3,KOR,South Korea,A,AFC,1,GK,Kim Seung-gyu,1990-09-30,35,87,0,False,FC Tokyo,Japan,J1 League,187,Right,,14,14,1260,0,0,,,5,16,J1 League,,,,,0,medium,"Joined FC Tokyo June 2025; 14 J1 apps, 5 clean sheets in half-season",https://en.wikipedia.org/wiki/Kim_Seung-gyu ; https://www.transfermarkt.us/kim-seung-gyu/leistungsdaten/spieler/92076
54,3,KOR,South Korea,A,AFC,2,DF,Lee Han-beom,2002-06-17,23,8,0,False,FC Midtjylland,Denmark,Danish Superliga,,,,14,13,1189,0,1,3,0,,,Danish Superliga (league only),,,,,,medium,"Centre-back, breakout season at Midtjylland",https://www.playmakerstats.com/player/lee-han-beom/762301 ; https://footystats.org/players/south-korea/han-beom-lee
55,3,KOR,South Korea,A,AFC,3,MF,Lee Gi-hyuk,2000-07-07,25,3,0,False,Gangwon FC,South Korea,K League 1,,,,31,,,0,0,4,,,,K League 1 (2025 season),,,,,,medium,Versatile defender/centre-back at Gangwon,https://www.fotmob.com/players/1232264/gi-hyuk-lee ; https://www.whoscored.com/players/447593/show/lee-gi-hyuk
56,3,KOR,South Korea,A,AFC,4,DF,Kim Min-jae,1996-11-15,29,79,4,False,Bayern Munich,Germany,Bundesliga,190,Right,20000000,37,,,1,1,1,,,,"Bundesliga, DFB-Pokal, UEFA Champions League, Supercup",,,,255,10,high,Centre-back at Bayern Munich; rotation in trio with Tah and Upamecano,https://en.wikipedia.org/wiki/Kim_Min-jae_(footballer) ; https://www.transfermarkt.us/min-jae-kim/profil/spieler/503482
57,3,KOR,South Korea,A,AFC,5,DF,Kim Tae-hyeon,2000-09-17,25,7,0,False,Kashima Antlers,Japan,J1 League,,,,29,22,2064,0,1,6,,,,J1 League (2025 season),,,,,,medium,Regular defender at Kashima Antlers,https://www.transfermarkt.us/tae-hyeon-kim/leistungsdatendetails/spieler/645847 ; https://www.jleague.co/en/players/2346/KIM-Tae-Hyeon/
58,3,KOR,South Korea,A,AFC,6,MF,Hwang In-beom,1996-09-20,29,73,6,False,Feyenoord,Netherlands,Eredivisie,177,Right,,17,12,939,1,3,2,,,,"Eredivisie, KNVB Cup, UEFA competition",,,,292,36,high,Central/defensive midfielder at Feyenoord,https://en.wikipedia.org/wiki/Hwang_In-beom ; https://www.livescore.com/en/season-stats/hwang-in-beom/42501/
59,3,KOR,South Korea,A,AFC,7,FW,Son Heung-min,1992-07-08,33,144,56,True,Los Angeles FC,United States,Major League Soccer,183,Both,15000000,23,,,12,4,,,,,"Major League Soccer (regular season + playoffs, 2025)",,,,497,178,high,"Captain and talisman; 9 goals in 10 MLS regular-season games plus playoffs, won 2025 MLS Goal of the Year",https://en.wikipedia.org/wiki/Son_Heung-min ; https://www.lafc.com/players/son-heung-min/ ; https://www.transfermarkt.us/son-heung-min/profil/spieler/91845
60,3,KOR,South Korea,A,AFC,8,MF,Paik Seung-ho,1997-03-17,29,27,3,False,Birmingham City,England,EFL Championship,,,,36,,3374,4,1,6,,,,EFL Championship (league only),,,,,,medium,Midfielder at Birmingham City,https://footystats.org/players/south-korea/seung-ho-paik ; https://www.livescore.com/en/season-stats/seung-ho-paik/93308/
61,3,KOR,South Korea,A,AFC,9,FW,Cho Gue-sung,1998-01-25,28,44,12,False,FC Midtjylland,Denmark,Danish Superliga,189,Right,2500000,35,14,,5,1,,,,,"Danish Superliga, UEFA Europa League",,,,,,medium,Target-man striker; 26 league apps (3 g) + 9 Europa League apps (2 g),https://www.transfermarkt.us/gue-sung-cho/leistungsdaten/spieler/652537 ; https://www.espn.com/soccer/player/stats/_/id/303464/cho-gue-sung
62,3,KOR,South Korea,A,AFC,10,MF,Lee Jae-sung,1992-08-10,33,105,15,False,Mainz 05,Germany,Bundesliga,180,Right,,28,26,2200,4,2,4,,,,Bundesliga (league only),,,,,,medium,Attacking midfielder at Mainz,https://www.bundesliga.com/en/player/jae-sung-lee ; https://footystats.org/players/south-korea/jae-sung-lee
63,3,KOR,South Korea,A,AFC,11,MF,Hwang Hee-chan,1996-01-26,30,79,17,False,Wolverhampton Wanderers,England,Premier League,177,Right,6000000,26,18,1454,2,2,5,,,,Premier League (league figures),,,,,,medium,Winger/forward at Wolves,https://www.premierleague.com/en/players/184754/hwang-hee-chan/stats ; https://www.transfermarkt.us/hee-chan-hwang/leistungsdaten/spieler/292246
64,3,KOR,South Korea,A,AFC,12,GK,Song Bum-keun,1997-10-15,28,3,0,False,Jeonbuk Hyundai Motors,South Korea,K League 1,,,,7,7,630,0,0,,,2,6,K League 1 (2025 season),,,,,0,medium,Returned to Jeonbuk Jan 2025; limited 2025 league appearances,https://footystats.org/players/south-korea/bum-keun-song ; https://www.transfermarkt.us/bum-keun-song/leistungsdaten/spieler/508237
65,3,KOR,South Korea,A,AFC,13,DF,Lee Tae-seok,2002-07-28,23,15,1,False,Austria Wien,Austria,Austrian Bundesliga,,,,28,27,2402,3,4,6,,,,Austrian Bundesliga,,,,,,medium,Left-back/left winger; joined Austria Wien Aug 2025,https://www.playmakerstats.com/player/lee-tae-seok/762303 ; https://www.transfermarkt.us/tae-seok-lee/profil/spieler/639027
66,3,KOR,South Korea,A,AFC,14,DF,Cho Wi-je,2001-08-25,24,1,0,False,Jeonbuk Hyundai Motors,South Korea,K League 1,189,,,,,3204,1,0,9,,,,"K League 2 (2025 season, at Busan IPark before joining Jeonbuk Jan 2026)",,,,,,medium,"Centre-back; played 2025 in K League 2 (Busan IPark), joined Jeonbuk Jan 2026; late call-up replacing injured Cho Yu-min",https://www.fotmob.com/players/1326507/wi-je-cho ; https://www.transfermarkt.us/wi-je-cho/leistungsdaten/spieler/550978
67,3,KOR,South Korea,A,AFC,15,DF,Kim Moon-hwan,1995-08-01,30,35,0,False,Daejeon Hana Citizen,South Korea,K League 1,173,Right,,,,,,,,,,,K League 1 (2025 season),,,,,,low,Right-back; named to 2025 K League 1 Best XI; Daejeon finished 2nd,https://www.soccerbase.com/players/player.sd?player_id=115894 ; http://www.kleagueunited.com/2025/12/2025-season-review-daejeon-hana-citizen.html
68,3,KOR,South Korea,A,AFC,16,DF,Park Jin-seob,1995-10-23,30,14,1,False,Zhejiang Professional,China,Chinese Super League,183,Right,1000000,,,,,,,,,,"Chinese Super League (joined Zhejiang Jan 2026); played 2025 at Jeonbuk Hyundai (K League 1, Team of the Season)",,,,,,low,Captained Jeonbuk to 2025 K League 1 title (as DM under Poyet); moved to Zhejiang Jan 2026,https://www.transfermarkt.us/jin-seob-park/profil/spieler/557469 ; https://www.koreatimes.co.kr/sports/20251120/captain-for-k-league-1-champions-jeonbuk-nominated-for-mvp-award
69,3,KOR,South Korea,A,AFC,17,MF,Bae Jun-ho,2003-08-21,22,13,2,False,Stoke City,England,EFL Championship,180,Right,4000000,42,32,2930,2,3,,,,,EFL Championship (league figures),,,,,,medium,Regular under Mark Robins at Stoke; ~45 apps across season,https://www.espn.com/soccer/player/stats/_/id/362208/bae-jun-ho ; https://www.transfermarkt.us/jun-ho-bae/profil/spieler/912081
70,3,KOR,South Korea,A,AFC,18,FW,Oh Hyeon-gyu,2001-04-12,25,27,6,False,Beşiktaş,Turkey,Süper Lig,188,Right,,16,,,8,,,,,,"Süper Lig, Turkish Cup (Beşiktaş, joined Feb 2026); earlier 2025-26 at Genk (32 apps, 10 goals all comps)",,,,229,65,high,Centre-forward; 8 goals in 16 apps for Besiktas after Feb 2026 move from Genk (where he had 10 goals in 32 apps),https://en.wikipedia.org/wiki/Oh_Hyeon-gyu ; https://www.transfermarkt.us/hyeon-gyu-oh/leistungsdaten/spieler/639246
71,3,KOR,South Korea,A,AFC,19,MF,Lee Kang-in,2001-02-19,25,47,11,False,Paris Saint-Germain,France,Ligue 1,173,Left,28000000,39,,,4,,,,,,"Ligue 1, Coupe de France, UEFA Champions League, Trophée des Champions",,,,285,30,high,"Attacking midfielder at PSG; back-up role, won Ligue 1 and UCL; 3 Ligue 1 goals + 4 Ligue 1 assists",https://en.wikipedia.org/wiki/Lee_Kang-in ; https://www.transfermarkt.us/kangin-lee/profil/spieler/557149
72,3,KOR,South Korea,A,AFC,20,MF,Yang Hyun-jun,2002-05-25,24,9,0,False,Celtic,Scotland,Scottish Premiership,,,,28,25,2070,8,1,1,,,,Scottish Premiership (league figures; ~9 goals across all competitions),,,,,,medium,"Winger; breakout 2025-26 season for Celtic, 8 league goals",https://en.wikipedia.org/wiki/Yang_Hyun-jun ; https://www.espn.com/soccer/player/stats/_/id/350711/yang-hyun-jun
73,3,KOR,South Korea,A,AFC,21,GK,Jo Hyeon-woo,1991-09-25,34,48,0,False,Ulsan HD,South Korea,K League 1,189,Right,,19,19,,0,0,,,5,22,K League 1 (2025 season league figures),,,,,0,medium,2025 K League 1 MVP (first GK since 2009); likely first-choice goalkeeper,https://en.wikipedia.org/wiki/Jo_Hyeon-woo ; https://tribuna.com/en/persons/hyeon-woo-jo/
74,3,KOR,South Korea,A,AFC,22,DF,Seol Young-woo,1998-12-05,27,34,0,False,Red Star Belgrade,Serbia,Serbian SuperLiga,183,Right,,50,,,2,,,,,,"Serbian SuperLiga, Serbian Cup, UEFA competitions",,,,249,16,medium,Right-back; won SuperLiga and Serbian Cup double with Red Star,https://en.wikipedia.org/wiki/Seol_Young-woo ; https://www.transfermarkt.us/young-woo-seol/profil/spieler/639414
75,3,KOR,South Korea,A,AFC,23,DF,Jens Castrop,2003-07-29,22,7,0,False,Borussia Mönchengladbach,Germany,Bundesliga,178,,10000000,26,,1592,3,1,2,2,,,Bundesliga (league figures),,,,,,medium,"Central midfielder; joined Gladbach July 2025 from Nuremberg, Player of the Month Sept 2025",https://www.bundesliga.com/en/player/jens-castrop ; https://www.transfermarkt.us/jens-castrop/profil/spieler/613192
76,3,KOR,South Korea,A,AFC,24,MF,Kim Jin-gyu,1997-02-24,29,22,3,False,Jeonbuk Hyundai Motors,South Korea,K League 1,,,,35,,,5,6,,,,,K League 1 (2025 season),,,,,,medium,"Box-to-box midfielder; 2025 K League 1 Best XI, double-digit goal contributions",https://www.kleagueunited.com/2025/12/2025-season-review-jeonbuk-hyundai.html ; https://www.besoccer.com/player/kim-jin-gyu-320512
77,3,KOR,South Korea,A,AFC,25,MF,Eom Ji-sung,2002-05-09,24,9,2,False,Swansea City,Wales,EFL Championship,,,,44,31,2459,2,2,3,,,,EFL Championship (league figures),,,,,,medium,Attacker; regular for Swansea City,https://theanalyst.com/players/5198/eom-ji-sung ; https://www.transfermarkt.us/ji-sung-eom/leistungsdaten/spieler/706968
78,3,KOR,South Korea,A,AFC,26,MF,Lee Dong-gyeong,1997-09-20,28,18,4,False,Ulsan HD,South Korea,K League 1,,,,2,,,0,1,,,,,"K League 1 (2 apps at Ulsan after Oct 2025 return); spent most of 2025 on loan at Gimcheon Sangmu (military): 34 apps, 13 goals, 11 assists",,,,,,medium,2025 K League 1 MVP; 13 goals & 11 assists at Gimcheon Sangmu before returning to Ulsan in October,https://en.wikipedia.org/wiki/Lee_Dong-gyeong ; https://www.koreatimes.co.kr/sports/20251201/ulsan-hd-fc-forward-lee-dong-gyeong-voted-2025-k-league-1-mvp
79,4,CZE,Czechia,A,UEFA,1,GK,Matěj Kovář,2000-05-17,26,20,0,False,PSV Eindhoven,Netherlands,Eredivisie,196,Right,,26,26,2340,0,0,,,5,38,"Eredivisie, UEFA Champions League",,,,,0,medium,First-choice goalkeeper; made PSV move permanent in January 2026,https://www.livescore.com/en/season-stats/matej-kovar/1473/ ; https://www.uefa.com/uefachampionsleague/clubs/players/250117491--matej-kovar/ ; https://en.wikipedia.org/wiki/Mat%C4%9Bj_Kov%C3%A1%C5%99
80,4,CZE,Czechia,A,UEFA,2,DF,David Zima,2000-11-08,25,25,1,False,Slavia Prague,Czech Republic,Czech First League,188,Right,,29,,,0,1,,,,,"Czech First League, UEFA Champions League",,,,,,medium,,https://www.uefa.com/uefachampionsleague/clubs/players/250124916--david-zima/statistics/ ; https://en.wikipedia.org/wiki/David_Zima
81,4,CZE,Czechia,A,UEFA,3,DF,Tomáš Holeš,1993-03-31,33,41,2,False,Slavia Prague,Czech Republic,Czech First League,178,Right,,23,,,1,3,5,,,,"Czech First League, UEFA Champions League",,,,,,medium,,https://footystats.org/players/czech-republic/tomas-holes ; https://www.uefa.com/uefachampionsleague/clubs/players/250054481--tomas-holes/
82,4,CZE,Czechia,A,UEFA,4,DF,Robin Hranáč,2000-01-29,26,14,1,False,TSG Hoffenheim,Germany,Bundesliga,188,Left,7000000,25,,2251,1,0,4,,,,Bundesliga,,,,,,medium,,https://www.transfermarkt.us/robin-hranac/leistungsdaten/spieler/620217 ; https://www.fotmob.com/players/1225995/robin-hranac
83,4,CZE,Czechia,A,UEFA,5,DF,Vladimír Coufal,1992-08-22,33,62,2,False,TSG Hoffenheim,Germany,Bundesliga,181,Right,,34,34,,1,8,4,,,,Bundesliga,,,,,,high,Ever-present right-back; started all 34 Bundesliga matches,https://www.bundesliga.com/en/bundesliga/news/vladimir-coufal-hoffenheim-secret-weapon-czechia-right-back-west-ham-36629 ; https://www.sportbusy.com/players/soccer/191209/
84,4,CZE,Czechia,A,UEFA,6,DF,Štěpán Chaloupek,2003-03-08,23,5,0,False,Slavia Prague,Czech Republic,Czech First League,191,Right,,,,,0,0,,,,,"Czech First League, UEFA Champions League",,,,,,low,Rotation centre-back; 3 Champions League appearances (1 start),https://www.uefa.com/uefachampionsleague/clubs/players/250190353--stepan-chaloupek/ ; https://www.flashscore.com/player/chaloupek-stepan/W4rJpOaK/
85,4,CZE,Czechia,A,UEFA,7,DF,Ladislav Krejčí,1999-04-20,27,27,5,True,Wolverhampton Wanderers,England,Premier League,189,Left,,26,25,2205,2,1,3,1,,,Premier League,,,,,,high,"Captain; on loan from Girona, regular starter at centre-back","https://www.fotmob.com/players/798029/ladislav-krejci ; https://en.wikipedia.org/wiki/Ladislav_Krej%C4%8D%C3%AD_(footballer,_born_1999)"
86,4,CZE,Czechia,A,UEFA,8,MF,Vladimír Darida,1990-08-08,35,79,8,False,Hradec Králové,Czech Republic,Czech First League,171,Right,,32,,2764,11,4,,,,,Czech First League,,,,,,high,Veteran playmaker; 11 league goals in 2025/26,https://www.sofascore.com/football/player/vladimir-darida/109002 ; https://www.fotmob.com/players/196311/vladimir-darida
87,4,CZE,Czechia,A,UEFA,9,FW,Adam Hložek,2002-07-25,23,43,5,False,TSG Hoffenheim,Germany,Bundesliga,188,Right,,5,0,,0,0,,,,,Bundesliga,,,,,,medium,"Very limited playing time in 2025/26, mainly substitute appearances",https://www.bundesliga.com/en/player/adam-hlozek ; https://www.sportbusy.com/players/soccer/292169/
88,4,CZE,Czechia,A,UEFA,10,FW,Patrik Schick,1996-01-24,30,53,26,False,Bayer Leverkusen,Germany,Bundesliga,187,Right,,28,23,1995,16,3,,,,,Bundesliga,,,,,,high,"In-form striker, 16 Bundesliga goals (4th most in the league)",https://statz.ai/bayer-04-leverkusen/player/80675 ; https://www.bundesliga.com/en/player/patrik-schick
89,4,CZE,Czechia,A,UEFA,11,FW,Jan Kuchta,1997-01-08,29,31,3,False,Sparta Prague,Czech Republic,Czech First League,186,Right,,27,,1439,12,5,5,0,,,Czech First League,,,,,,high,Sparta's top scorer with 12 league goals,https://footystats.org/players/czech-republic/jan-kuchta ; https://sparta.cz/en/tymy/1-men-a/hraci/1175-jan-kuchta/statistiky
90,4,CZE,Czechia,A,UEFA,12,MF,Lukáš Červ,2001-04-10,25,17,2,False,Viktoria Plzeň,Czech Republic,Czech First League,178,Right,,36,,3072,2,3,,,,,"Czech First League, UEFA Europa League",,,,,,medium,"League: 26 apps, 1G/2A; Europa League: 10 apps, 1G/1A",https://www.fotmob.com/players/1151313/lukas-cerv ; https://www.sofascore.com/football/player/lukas-cerv/952114
91,4,CZE,Czechia,A,UEFA,13,FW,Mojmír Chytil,1999-04-29,27,22,6,False,Slavia Prague,Czech Republic,Czech First League,186,Right,,,,,8,,,,,,"Czech First League, UEFA Champions League",,,,,,low,"8 league goals, 2nd in Slavia's scoring charts",https://footystats.org/players/czech-republic/mojmir-chytil ; https://www.uefa.com/uefachampionsleague/clubs/players/250092161--mojmir-chytil/statistics/
92,4,CZE,Czechia,A,UEFA,14,DF,David Jurásek,2000-08-07,25,18,1,False,Slavia Prague,Czech Republic,Czech First League,180,Left,,,,1346,1,6,,,,,Czech First League,,,,,,medium,Returned to Slavia from Benfica in Jan 2026 after a loan at Beşiktaş (17 apps); 1G/6A for Slavia in the league,https://en.wikipedia.org/wiki/David_Jur%C3%A1sek ; https://www.livescore.com/en/season-stats/david-jurasek/8474/
93,4,CZE,Czechia,A,UEFA,15,FW,Pavel Šulc,2000-12-29,25,21,5,False,Lyon,France,Ligue 1,180,Right,,27,,1568,11,3,3,,,,Ligue 1,,,,,,high,11 Ligue 1 goals; key attacking contributor after summer move from Plzeň,https://www.fotmob.com/players/1037539/pavel-sulc ; https://statz.ai/player/24469162
94,4,CZE,Czechia,A,UEFA,16,GK,Jindřich Staněk,1996-04-27,30,14,0,False,Slavia Prague,Czech Republic,Czech First League,190,Right,,24,,,0,0,,,7,33,"Czech First League, UEFA Champions League",,,,,0,medium,"First-choice Slavia keeper; 24 apps, 7 clean sheets across competitions",https://footystats.org/players/czech-republic/jindrich-stanek ; https://www.uefa.com/uefachampionsleague/clubs/players/250055112--jindrich-stanek/
95,4,CZE,Czechia,A,UEFA,17,MF,Lukáš Provod,1996-10-23,29,38,3,False,Slavia Prague,Czech Republic,Czech First League,183,Left,,30,,,7,10,2,0,,,"Czech First League, UEFA Champions League",,,,,,high,"30 apps all comps, 7G/10A; 5 league goals",https://footystats.org/players/czech-republic/lukas-provod ; https://www.uefa.com/uefachampionsleague/clubs/players/250064811--lukas-provod/statistics/
96,4,CZE,Czechia,A,UEFA,18,MF,Michal Sadílek,1999-05-31,27,35,1,False,Slavia Prague,Czech Republic,Czech First League,180,Right,,26,,,1,3,5,0,,,"Czech First League, UEFA Champions League",,,,,,medium,"League: 18 apps, 1G/3A; plus 8 Champions League appearances",https://footystats.org/players/czech-republic/michal-sadilek ; https://www.sofascore.com/football/player/michal-sadilek/825731
97,4,CZE,Czechia,A,UEFA,19,FW,Tomáš Chorý,1995-01-26,31,22,7,False,Slavia Prague,Czech Republic,Czech First League,198,Right,,33,,,17,4,5,2,,,"Czech First League, UEFA Champions League",,,,,,high,"33 apps all comps, 17 goals; Slavia's leading scorer",https://footystats.org/players/czech-republic/tomas-chory ; https://www.uefa.com/uefachampionsleague/clubs/players/250042406--tomas-chory/statistics/
98,4,CZE,Czechia,A,UEFA,20,DF,Jaroslav Zelený,1992-08-20,33,23,0,False,Sparta Prague,Czech Republic,Czech First League,182,Left,700000,,,,,,,,,,"Czech First League, UEFA Conference League",,,,,,low,Experienced left-back/centre-back; detailed 2025/26 totals not reliably verified,https://www.flashscore.com/player/zeleny-jaroslav/QXMeCeIq/ ; https://www.transfermarkt.us/jaroslav-zeleny/leistungsdatendetails/spieler/142219/wettbewerb/TS2
99,4,CZE,Czechia,A,UEFA,21,DF,David Douděra,1998-05-31,28,17,2,False,Slavia Prague,Czech Republic,Czech First League,178,Right,,,,,0,,,,,,"Czech First League, UEFA Champions League",,,,,,low,At least 7 Champions League appearances; full-season league totals not verified,https://www.uefa.com/uefachampionsleague/clubs/players/250134691--david-doudera/ ; https://www.livescore.com/en/season-stats/david-doudera/8658/
100,4,CZE,Czechia,A,UEFA,22,MF,Tomáš Souček,1995-02-27,31,90,17,False,West Ham United,England,Premier League,192,Right,,24,,,5,0,3,1,,,Premier League,,,,510,91,high,Most-capped player; became highest-scoring Czech in PL history (39 PL goals); sent off vs Spurs,https://en.wikipedia.org/wiki/Tom%C3%A1%C5%A1_Sou%C4%8Dek ; https://www.sportbusy.com/players/soccer/230666/
101,4,CZE,Czechia,A,UEFA,23,GK,Lukáš Horníček,2002-07-13,23,1,0,False,Braga,Portugal,Primeira Liga,192,Right,,47,,,0,0,,,19,64,"Primeira Liga, UEFA Europa League",,,,,0,medium,"League: 33 apps, 12 CS, 32 GC; Europa League: 14 apps, 7 CS. Breakout season, linked with Leeds",https://footystats.org/players/czech-republic/lukas-hornicek ; https://www.uefa.com/uefaeuropaleague/clubs/players/250127047--lukas-hornicek/
102,4,CZE,Czechia,A,UEFA,24,MF,Alexandr Sojka,2003-04-02,23,2,0,False,Viktoria Plzeň,Czech Republic,Czech First League,,,,,,,,,,,,,"Czech First League, UEFA Europa League",,,,,,low,Young midfielder re-signed by Plzeň from Hradec Králové; detailed 2025/26 stats not verified,https://www.fcviktoria.cz/eng/soupiska.asp ; https://www.chanceliga.cz/hrac/4647-alexandr-sojka
103,4,CZE,Czechia,A,UEFA,25,MF,Hugo Sochůrek,2008-06-07,18,1,0,False,Sparta Prague,Czech Republic,Czech First League,183,,,8,,,2,,,,,,"Czech First League, UEFA Conference League, MOL Cup",,,,,,medium,"Teenage prospect (17); 8 league apps with 2 goals, plus cup/Europe appearances",https://en.wikipedia.org/wiki/Hugo_Soch%C5%AFrek ; https://www.transfermarkt.us/hugo-sochurek/profil/spieler/1206877
104,4,CZE,Czechia,A,UEFA,26,FW,Denis Višinský,2003-03-21,23,2,1,False,Viktoria Plzeň,Czech Republic,Czech First League,178,,,,,,,,6,,,,"Czech First League, UEFA Europa League",,,,,,low,Attacking midfielder/forward; in good scoring form (4 goals in last 5). Full league totals not verified,https://www.sofascore.com/football/player/denis-visinsky/1088727 ; https://www.uefa.com/uefachampionsleague/clubs/players/250135725--denis-visinsky/statistics/
105,5,CAN,Canada,B,CONCACAF,1,GK,Dayne St. Clair,1997-05-09,29,20,0,False,Inter Miami CF,United States,Major League Soccer,191,,,39,,,0,,,,10,30,"MLS (with Minnesota United FC), incl. playoffs, US Open Cup and other competitions; signed for Inter Miami CF ahead of 2026",,,,175,0,medium,,https://en.wikipedia.org/wiki/Dayne_St._Clair ; https://www.intermiamicf.com/news/inter-miami-cf-signs-2025-mls-goalkeeper-of-the-year-dayne-st-clair
106,5,CAN,Canada,B,CONCACAF,2,DF,Alistair Johnston,1998-10-08,27,58,1,False,Celtic,Scotland,Scottish Premiership,180,,,11,,,1,1,,,,,"Scottish Premiership, Scottish Cup, Scottish League Cup, UEFA competitions",,,,176,12,high,,https://en.wikipedia.org/wiki/Alistair_Johnston ; https://footystats.org/players/canada/alistair-johnston
107,5,CAN,Canada,B,CONCACAF,3,DF,Alfie Jones,1997-10-07,28,2,0,False,Middlesbrough,England,EFL Championship,188,,,35,22,,1,1,,,,,"EFL Championship, FA Cup, EFL Cup",,,,,,medium,Underwent ankle surgery after a Boxing Day 2025 injury; expected 8-10 weeks out,https://en.wikipedia.org/wiki/Alfie_Jones ; https://www.espn.com/soccer/player/_/id/240589/alfie-jones
108,5,CAN,Canada,B,CONCACAF,4,DF,Luc de Fougerolles,2005-10-12,20,13,0,False,Dender,Belgium,Belgian Pro League,183,,,30,,,0,,,,,,"Belgian Pro League, Belgian Cup, plus other competition",,,,31,0,high,,https://en.wikipedia.org/wiki/Luc_de_Fougerolles
109,5,CAN,Canada,B,CONCACAF,5,DF,Joel Waterman,1996-01-24,30,17,0,False,Chicago Fire FC,United States,Major League Soccer,188,,,20,,,1,,,,,,"MLS regular season (16), MLS playoffs (3), US Open Cup (2) - 2025 season",,,,243,7,high,,https://en.wikipedia.org/wiki/Joel_Waterman
110,5,CAN,Canada,B,CONCACAF,6,MF,Mathieu Choinière,1999-02-07,27,23,0,False,Los Angeles FC,United States,Major League Soccer,175,,,10,7,642,1,1,,,,,"MLS (2025, on loan from Grasshopper Club Zürich)",,,,161,15,high,,https://en.wikipedia.org/wiki/Mathieu_Choini%C3%A8re ; https://www.lafc.com/players/mathieu-choiniere/
111,5,CAN,Canada,B,CONCACAF,7,MF,Stephen Eustáquio,1996-12-21,29,56,4,False,Los Angeles FC,United States,Major League Soccer,178,,,14,,,1,1,,,,,"MLS (10), CONCACAF Champions Cup (4) - on loan from FC Porto",,,,369,18,high,,https://en.wikipedia.org/wiki/Stephen_Eust%C3%A1quio ; https://www.lafc.com/players/stephen-eustaquio/
112,5,CAN,Canada,B,CONCACAF,8,MF,Ismaël Koné,2002-06-16,23,40,4,False,Sassuolo,Italy,Serie A,188,,,36,,2756,6,0,3,1,,,"Serie A (35), Coppa Italia (1)",,,,153,15,high,Loan from Marseille made permanent by Sassuolo in February 2026,https://en.wikipedia.org/wiki/Isma%C3%ABl_Kon%C3%A9 ; https://www.sofascore.com/football/player/ismael-kone/1134351
113,5,CAN,Canada,B,CONCACAF,9,FW,Cyle Larin,1995-04-17,31,90,30,False,Southampton,England,EFL Championship,188,,,22,,,9,1,,,,,"EFL Championship (16+ apps, 8-9 goals), Championship play-offs",,,,324,112,high,,https://en.wikipedia.org/wiki/Cyle_Larin ; https://footystats.org/players/canada/cyle-larin
114,5,CAN,Canada,B,CONCACAF,10,FW,Jonathan David,2000-01-14,26,77,39,False,Juventus,Italy,Serie A,175,,30000000,46,20,1781,8,4,,,,,"Serie A (35), Coppa Italia (2), UEFA Champions League (9)",,,,273,122,high,,https://en.wikipedia.org/wiki/Jonathan_David ; https://www.transfermarkt.us/jonathan-david/leistungsdaten/spieler/533738/saison/2025
115,5,CAN,Canada,B,CONCACAF,11,MF,Liam Millar,1999-09-27,26,41,1,False,Hull City,England,EFL Championship,176,,,38,,,3,,,,,,"EFL Championship (33), FA Cup (2), Championship play-offs (3)",,,,251,29,high,,https://en.wikipedia.org/wiki/Liam_Millar
116,5,CAN,Canada,B,CONCACAF,12,FW,Tani Oluwaseyi,2000-05-15,26,24,2,False,Villarreal,Spain,La Liga,188,,,37,,,7,2,1,,,,"La Liga (27), Copa del Rey (3), UEFA Champions League (7)",,,,142,49,high,,https://en.wikipedia.org/wiki/Tani_Oluwaseyi ; https://www.livescore.com/en/season-stats/tani-oluwaseyi/30939/
117,5,CAN,Canada,B,CONCACAF,13,DF,Derek Cornelius,1997-11-25,28,44,1,False,Rangers,Scotland,Scottish Premiership,187,,,12,,,1,0,,,,,"Scottish Premiership (7), UEFA Europa League (3) - on loan from Marseille",,,,217,12,high,Out for the rest of 2025/26 with a muscle injury; dropped from Rangers' UEL roster in November 2025,https://en.wikipedia.org/wiki/Derek_Cornelius ; https://canadiansoccerdaily.com/2025/11/26/derek-cornelius-out-for-the-year-with-muscle-injury-could-be-a-serious-one/
118,5,CAN,Canada,B,CONCACAF,14,MF,Jacob Shaffelburg,1999-11-26,26,31,6,False,Los Angeles FC,United States,Major League Soccer,178,,,26,13,1263,4,2,,,,,MLS regular season (23) and playoffs (3) - 2025 season (acquired from Nashville SC),,,,157,24,medium,,https://en.wikipedia.org/wiki/Jacob_Shaffelburg ; https://www.lafc.com/players/jacob-shaffelburg/
119,5,CAN,Canada,B,CONCACAF,15,DF,Moïse Bombito,2000-03-30,26,20,0,False,Nice,France,Ligue 1,191,,,2,,146,0,0,1,,,,Ligue 1 (2),,,,101,8,high,Very limited 2025/26 minutes at Nice,https://en.wikipedia.org/wiki/Mo%C3%AFse_Bombito ; https://www.fotmob.com/players/1440009/moise-bombito
120,5,CAN,Canada,B,CONCACAF,16,GK,Maxime Crépeau,1994-05-11,32,32,0,False,Orlando City SC,United States,Major League Soccer,181,,,14,14,,0,,,,0,38,MLS (2026 season at Orlando City; played 2025 at Portland Timbers - 15 apps),,,,244,0,medium,Signed for Orlando City in January 2026; 2025 club season was at Portland Timbers,https://en.wikipedia.org/wiki/Maxime_Cr%C3%A9peau ; https://www.orlandocitysc.com/players/maxime-crepeau/
121,5,CAN,Canada,B,CONCACAF,17,FW,Tajon Buchanan,1999-02-08,27,60,8,False,Villarreal,Spain,La Liga,183,,,43,19,1669,7,1,8,,,,"La Liga (34), Copa del Rey (2), UEFA Europa League (7)",,,,214,28,high,First Canadian to score a La Liga hat-trick (2025/26),https://en.wikipedia.org/wiki/Tajon_Buchanan ; https://www.sportbusy.com/players/soccer/284769/
122,5,CAN,Canada,B,CONCACAF,18,GK,Owen Goodman,2003-11-27,22,0,0,False,Barnsley,England,EFL League One,193,,,22,,,0,,,,,,EFL League One and cups (on loan from Crystal Palace),,,,126,0,medium,,https://en.wikipedia.org/wiki/Owen_Goodman
123,5,CAN,Canada,B,CONCACAF,19,DF,Alphonso Davies,2000-11-02,25,58,15,True,Bayern Munich,Germany,Bundesliga,185,left,40000000,23,6,,1,3,,,,,"Bundesliga (13), DFB-Pokal (2), UEFA Champions League (8)",,,,249,20,high,Returned in December 2025 from ACL injury suffered in March 2025,https://en.wikipedia.org/wiki/Alphonso_Davies ; https://www.transfermarkt.us/alphonso-davies/leistungsdaten/spieler/424204
124,5,CAN,Canada,B,CONCACAF,20,FW,Ali Ahmed,2000-10-10,25,24,1,False,Norwich City,England,EFL Championship,180,,,21,,,4,,,,,,"EFL Championship (19), FA Cup (2)",,,,138,11,high,,https://en.wikipedia.org/wiki/Ali_Ahmed_(soccer)
125,5,CAN,Canada,B,CONCACAF,21,MF,Jonathan Osorio,1992-06-12,33,90,10,False,Toronto FC,Canada,Major League Soccer,175,,,24,,,4,,,,,,MLS (2025 season),,,,410,69,high,,https://en.wikipedia.org/wiki/Jonathan_Osorio
126,5,CAN,Canada,B,CONCACAF,22,DF,Richie Laryea,1995-01-07,31,75,1,False,Toronto FC,Canada,Major League Soccer,175,,,17,,,1,,,,,,MLS (2025 season),,,,215,23,high,,https://en.wikipedia.org/wiki/Richie_Laryea
127,5,CAN,Canada,B,CONCACAF,23,DF,Niko Sigur,2003-09-09,22,19,2,False,Hajduk Split,Croatia,Croatian Football League,180,,,29,,,1,,,,,,"HNL (23), Croatian Cup (2), UEFA Europa Conference League (4)",,,,108,5,high,Stats as of late March 2026,https://en.wikipedia.org/wiki/Niko_Sigur
128,5,CAN,Canada,B,CONCACAF,24,FW,Promise David,2001-07-03,24,10,3,False,Union Saint-Gilloise,Belgium,Belgian Pro League,195,,,37,,,15,1,,,,,"Belgian Pro League (24, 9 goals), Belgian Cup (5), UEFA Champions League (7, 2 goals), plus other",,,,162,97,high,Leading Belgian Pro League scoring race in 2025/26,https://en.wikipedia.org/wiki/Promise_David ; https://www.sportbusy.com/players/soccer/318522/
129,5,CAN,Canada,B,CONCACAF,25,MF,Nathan Saliba,2004-02-07,22,15,2,False,Anderlecht,Belgium,Belgian Pro League,174,,,45,,,5,,,,,,"Belgian Pro League (34), playoffs (6), UEFA continental (5)",,,,109,9,high,,https://en.wikipedia.org/wiki/Nathan_Saliba
130,5,CAN,Canada,B,CONCACAF,26,MF,Marcelo Flores,2003-10-01,22,2,0,False,Tigres UANL,Mexico,Liga MX,171,,,28,,,4,,,,,,"Liga MX (19), CONCACAF Champions Cup (7), Leagues Cup (2)",,,,84,12,high,Named to squad May 29 but withdrew with ACL injury May 31; replacement not yet officially announced,https://en.wikipedia.org/wiki/Marcelo_Flores
131,6,BIH,Bosnia and Herzegovina,B,UEFA,1,GK,Nikola Vasilj,1995-12-02,30,25,0,False,FC St. Pauli,Germany,Bundesliga,193,Right,,36,,,0,,,,,,"Bundesliga, DFB-Pokal",,,,278,0,high,,https://en.wikipedia.org/wiki/Nikola_Vasilj ; https://www.transfermarkt.us/nikola-vasilj/profil/spieler/248454
132,6,BIH,Bosnia and Herzegovina,B,UEFA,2,DF,Nihad Mujakić,1998-04-15,28,11,1,False,Gaziantep F.K.,Turkey,Süper Lig,189,,,13,,,0,,,,,,"Süper Lig, Turkish Cup",,,,252,3,high,,https://en.wikipedia.org/wiki/Nihad_Mujaki%C4%87
133,6,BIH,Bosnia and Herzegovina,B,UEFA,3,DF,Dennis Hadžikadunić,1998-07-09,27,31,0,False,Sampdoria,Italy,Serie B,190,,,28,,,0,,,,,,Serie B,,,,213,6,high,,https://en.wikipedia.org/wiki/Dennis_Had%C5%BEikaduni%C4%87
134,6,BIH,Bosnia and Herzegovina,B,UEFA,4,DF,Tarik Muharemović,2003-02-28,23,13,1,False,Sassuolo,Italy,Serie A,187,,,33,,,2,,,,,,"Serie A, Coppa Italia",,,,127,5,high,,https://en.wikipedia.org/wiki/Tarik_Muharemovi%C4%87
135,6,BIH,Bosnia and Herzegovina,B,UEFA,5,DF,Sead Kolašinac,1993-06-20,32,64,0,False,Atalanta,Italy,Serie A,183,,,28,,,0,,,,,,"Serie A, Coppa Italia, UEFA Champions League",,,,318,14,high,,https://en.wikipedia.org/wiki/Sead_Kola%C5%A1inac
136,6,BIH,Bosnia and Herzegovina,B,UEFA,6,MF,Benjamin Tahirović,2003-03-03,23,27,2,False,Brøndby IF,Denmark,Danish Superliga,191,,,32,,,1,,,,,,"Danish Superliga, Danish Cup, UEFA Conference League",,,,129,3,high,,https://en.wikipedia.org/wiki/Benjamin_Tahirovi%C4%87
137,6,BIH,Bosnia and Herzegovina,B,UEFA,7,DF,Amar Dedić,2002-08-18,23,27,1,False,S.L. Benfica,Portugal,Primeira Liga,180,,,43,,,1,,,,,,"Primeira Liga, Taça de Portugal, Taça da Liga, UEFA Champions League, Supertaça",,,,235,14,high,,https://en.wikipedia.org/wiki/Amar_Dedi%C4%87
138,6,BIH,Bosnia and Herzegovina,B,UEFA,8,MF,Armin Gigović,2002-04-06,24,19,1,False,BSC Young Boys,Switzerland,Swiss Super League,187,,,41,,,4,,,,,,"Swiss Super League, Swiss Cup, UEFA Europa League",,,,218,16,high,,https://en.wikipedia.org/wiki/Armin_Gigovi%C4%87
139,6,BIH,Bosnia and Herzegovina,B,UEFA,9,FW,Samed Baždar,2004-01-31,22,12,1,False,Jagiellonia Białystok,Poland,Ekstraklasa,186,,,17,,,3,,,,,,"Ekstraklasa, UEFA Conference League (on loan)",,,,113,22,high,,https://en.wikipedia.org/wiki/Samed_Ba%C5%BEdar
140,6,BIH,Bosnia and Herzegovina,B,UEFA,10,FW,Ermedin Demirović,1998-03-25,28,39,4,False,VfB Stuttgart,Germany,Bundesliga,185,,,38,,,15,,,,,,"Bundesliga, DFB-Pokal, UEFA Europa League, DFL-Supercup",,,,287,86,high,,https://en.wikipedia.org/wiki/Ermedin_Demirovi%C4%87 ; https://www.transfermarkt.us/ermedin-demirovic/marktwertverlauf/spieler/335457
141,6,BIH,Bosnia and Herzegovina,B,UEFA,11,FW,Edin Džeko,1986-03-17,40,148,73,True,FC Schalke 04,Germany,2. Bundesliga,193,,,29,,,8,,,,,,"Serie A, UEFA Conference League (Fiorentina); 2. Bundesliga (Schalke 04 from Jan 2026)",,,,920,387,high,Captain and all-time leading scorer (73 goals). Moved Fiorentina -> Schalke 04 in Jan 2026; 2025/26 totals combine both clubs (18 apps/2 goals Fiorentina + 11 apps/6 goals Schalke),https://en.wikipedia.org/wiki/Edin_D%C5%BEeko
142,6,BIH,Bosnia and Herzegovina,B,UEFA,12,GK,Mladen Jurkas,2007-10-07,18,0,0,False,FK Borac Banja Luka,Bosnia and Herzegovina,Premier League of BiH,193,,,31,,,0,,,,,,Premier League of BiH,,,,33,0,medium,,https://en.wikipedia.org/wiki/Mladen_Jurkas
143,6,BIH,Bosnia and Herzegovina,B,UEFA,13,MF,Ivan Bašić,2002-04-30,24,16,0,False,FC Astana,Kazakhstan,Kazakhstan Premier League,178,,,10,,,1,,,,,,Kazakhstan Premier League (league apps only per Wikipedia table),,,,157,14,medium,,https://en.wikipedia.org/wiki/Ivan_Ba%C5%A1i%C4%87
144,6,BIH,Bosnia and Herzegovina,B,UEFA,14,MF,Ivan Šunjić,1996-10-09,29,11,0,False,Pafos FC,Cyprus,Cypriot First Division,184,,,46,,,4,,,,,,"Cypriot First Division, Cypriot Cup, UEFA Champions League",,,,356,23,high,,https://en.wikipedia.org/wiki/Ivan_%C5%A0unji%C4%87
145,6,BIH,Bosnia and Herzegovina,B,UEFA,15,MF,Amar Memić,2001-01-20,25,12,1,False,FC Viktoria Plzeň,Czech Republic,Czech First League,176,,,44,,,3,,,,,,"Czech First League, UEFA Champions League, UEFA Europa League",,,,179,28,high,,https://en.wikipedia.org/wiki/Amar_Memi%C4%87
146,6,BIH,Bosnia and Herzegovina,B,UEFA,16,MF,Amir Hadžiahmetović,1997-03-08,29,35,0,False,Hull City,England,EFL Championship,179,,,39,,,0,,,,,,"EFL Championship, FA Cup (on loan)",,,,365,22,high,,https://en.wikipedia.org/wiki/Amir_Had%C5%BEiahmetovi%C4%87
147,6,BIH,Bosnia and Herzegovina,B,UEFA,17,MF,Dženis Burnić,1998-05-22,28,19,0,False,Karlsruher SC,Germany,2. Bundesliga,181,,,33,,,1,,,,,,"2. Bundesliga, DFB-Pokal",,,,215,7,high,,https://en.wikipedia.org/wiki/D%C5%BEenis_Burni%C4%87
148,6,BIH,Bosnia and Herzegovina,B,UEFA,18,DF,Nikola Katić,1996-10-10,29,16,1,False,FC Schalke 04,Germany,2. Bundesliga,194,,,28,,,1,,,,,,"2. Bundesliga, DFB-Pokal",,,,314,20,high,,https://en.wikipedia.org/wiki/Nikola_Kati%C4%87
149,6,BIH,Bosnia and Herzegovina,B,UEFA,19,FW,Kerim Alajbegović,2007-09-21,18,9,1,False,FC Red Bull Salzburg,Austria,Austrian Bundesliga,186,,,44,,,13,,,,,,"Austrian Bundesliga, Austrian Cup, UEFA Champions League, UEFA Europa League",,,,44,13,medium,Wikipedia Salzburg career totals equal 2025/26 figures; verify split if needed,https://en.wikipedia.org/wiki/Kerim_Alajbegovi%C4%87
150,6,BIH,Bosnia and Herzegovina,B,UEFA,20,FW,Esmir Bajraktarević,2005-03-10,21,15,1,False,PSV Eindhoven,Netherlands,Eredivisie,175,,5000000,36,,,7,,,,,,"Eredivisie, KNVB Cup, UEFA Champions League",,,,113,14,high,Scored winning penalty in playoff final vs Italy,https://en.wikipedia.org/wiki/Esmir_Bajraktarevi%C4%87 ; https://www.fotmob.com/players/1346860/esmir-bajraktarevic
151,6,BIH,Bosnia and Herzegovina,B,UEFA,21,DF,Stjepan Radeljić,1997-09-05,28,5,0,False,HNK Rijeka,Croatia,Croatian Football League,201,,,42,,,2,,,,,,"Croatian Football League, Croatian Cup, UEFA competitions",,,,264,13,high,,https://en.wikipedia.org/wiki/Stjepan_Radelji%C4%87
152,6,BIH,Bosnia and Herzegovina,B,UEFA,22,GK,Martin Zlomislić,1998-08-16,27,3,0,False,HNK Rijeka,Croatia,Croatian Football League,189,,,53,,,0,,,,,,"Croatian Football League, UEFA Champions League, UEFA Europa League, UEFA Conference League",,,,115,0,high,,https://en.wikipedia.org/wiki/Martin_Zlomisli%C4%87
153,6,BIH,Bosnia and Herzegovina,B,UEFA,23,FW,Haris Tabaković,1994-06-20,31,10,4,False,Borussia Mönchengladbach,Germany,Bundesliga,196,,,35,,,15,,,,,,"Bundesliga, DFB-Pokal (on loan)",,,,283,128,high,,https://en.wikipedia.org/wiki/Haris_Tabakovi%C4%87
154,6,BIH,Bosnia and Herzegovina,B,UEFA,24,DF,Nidal Čelik,2006-07-17,19,1,0,False,RC Lens,France,Ligue 1,192,,,9,,,0,,,,,,"Ligue 1, Coupe de France",,,,33,0,high,,https://en.wikipedia.org/wiki/Nidal_%C4%8Celik
155,6,BIH,Bosnia and Herzegovina,B,UEFA,25,FW,Jovo Lukić,1998-11-28,27,2,0,False,FC Universitatea Cluj,Romania,Liga I,193,,,39,,,20,,,,,,"Liga I, Cupa României, UEFA Conference League",,,,260,82,medium,,https://en.wikipedia.org/wiki/Jovo_Luki%C4%87
156,6,BIH,Bosnia and Herzegovina,B,UEFA,26,MF,Ermin Mahmić,2005-03-14,21,1,0,False,FC Slovan Liberec,Czech Republic,Czech First League,182,,,30,,,8,,,,,,"Czech First League, Czech Cup",,,,75,13,high,,https://en.wikipedia.org/wiki/Ermin_Mahmi%C4%87
157,7,QAT,Qatar,B,AFC,1,GK,Mahmoud Abunada,2000-02-05,26,4,0,False,Al-Rayyan SC,Qatar,Qatar Stars League,,,300000,,,,,,,,,,Qatar Stars League,,,,,,low,,https://www.transfermarkt.us/mahmoud-abunada/profil/spieler/669629 ; https://www.playmakerstats.com/player/mahmud-abunada/701719
158,7,QAT,Qatar,B,AFC,2,DF,Pedro Miguel,1990-08-06,35,98,3,False,Al Sadd SC,Qatar,Qatar Stars League,182,,,,,,,,,,,,"Qatar Stars League, AFC Champions League Elite",,,,,,low,,https://www.livescore.com/en/season-stats/pedro-miguel/30384/ ; https://www.transfermarkt.us/pedro-miguel
159,7,QAT,Qatar,B,AFC,3,DF,Lucas Mendes,1990-07-03,35,25,1,False,Al-Wakrah SC,Qatar,Qatar Stars League,,,,17,,1472,1,1,3,0,,,Qatar Stars League,,,,,,medium,,https://www.livescore.com/en/season-stats/lucas-mendes/76997/ ; https://footystats.org/players/brazil/lucas-michel-mendes
160,7,QAT,Qatar,B,AFC,4,DF,Issa Laye,1997-12-22,28,3,0,False,Al-Arabi SC,Qatar,Qatar Stars League,188,Right,,13,,,0,1,,,,,Qatar Stars League,,,,,,medium,,https://www.sofascore.com/football/player/issa-laye/1892282 ; https://www.transfermarkt.us/issa-laye/leistungsdaten/spieler/1264176
161,7,QAT,Qatar,B,AFC,5,MF,Jassem Gaber,2002-02-20,24,31,1,False,Al-Rayyan SC,Qatar,Qatar Stars League,,,,15,,703,0,0,3,0,,,Qatar Stars League,,,,,,medium,,https://footystats.org/players/qatar/jassem-gaber-abdulsallam ; https://www.flashscore.com/player/abulsallam-jassem/bmveeNBS/
162,7,QAT,Qatar,B,AFC,6,MF,Abdulaziz Hatem,1990-01-01,36,117,11,False,Al-Rayyan SC,Qatar,Qatar Stars League,,,,26,,,0,1,,,,,"Qatar Stars League, AFC Champions League Elite",,,,,,medium,,https://footystats.org/players/qatar/abdulaziz-hatem-mohammed-abdullah ; https://www.fotmob.com/players/308909/abdulaziz-hatem
163,7,QAT,Qatar,B,AFC,7,FW,Ahmed Alaaeldin,1993-01-31,33,67,9,False,Al-Rayyan SC,Qatar,Qatar Stars League,,,,10,,,3,2,,,,,Qatar Stars League,,,,,,low,,https://www.transfermarkt.us/ahmed-alaaeldin/profil/spieler/187987 ; https://www.flashscore.com/player/ahmed-alaaeldin/21NHNvF4/
164,7,QAT,Qatar,B,AFC,8,FW,Edmilson Junior,1994-08-19,31,15,0,False,Al Duhail SC,Qatar,Qatar Stars League,,,,,,1521,5,1,4,0,,,Qatar Stars League,,,,,,medium,,https://www.livescore.com/en/season-stats/edmilson-junior/31666/ ; https://www.fotmob.com/players/365245/edmilson-junior
165,7,QAT,Qatar,B,AFC,9,FW,Mohammed Muntari,1993-12-20,32,67,16,False,Al-Gharafa SC,Qatar,Qatar Stars League,,,,,,311,0,0,2,0,,,Qatar Stars League,,,,,,medium,,https://www.livescore.com/en/season-stats/mohammed-muntari/31670/ ; https://www.fotmob.com/players/431151/mohammed-muntari
166,7,QAT,Qatar,B,AFC,10,FW,Hassan Al-Haydos,1990-12-11,35,185,41,True,Al Sadd SC,Qatar,Qatar Stars League,170,,,10,,,1,2,,,,,"Qatar Stars League, AFC Champions League Elite",,,,,,medium,Captain and all-time appearance leader,https://www.transfermarkt.co.in/hasan-al-haydos/leistungsdaten/spieler/86286 ; https://www.espn.com/soccer/player/stats/_/id/236586/hassan-al-haydos
167,7,QAT,Qatar,B,AFC,11,FW,Akram Afif,1996-11-18,29,128,40,False,Al Sadd SC,Qatar,Qatar Stars League,176,Left,8000000,21,,,14,12,1,0,,,Qatar Stars League (league only; plus Amir Cup goals separate),,,,,,high,"Two-time AFC Asian Player of the Year, key attacker",https://www.transfermarkt.us/akram-afif/leistungsdaten/spieler/336646 ; https://www.livescore.com/en/season-stats/akram-afif/30385/ ; https://footystats.org/players/qatar/akram-hassan-afif
168,7,QAT,Qatar,B,AFC,12,MF,Karim Boudiaf,1990-09-16,35,117,5,False,Al Duhail SC,Qatar,Qatar Stars League,187,,,9,,,1,0,,,,,"Qatar Stars League, AFC Champions League Elite",,,,,,low,,https://www.transfermarkt.us/karim-boudiaf/leistungsdaten/spieler/222385 ; https://www.sofascore.com/player/karim-boudiaf/303826
169,7,QAT,Qatar,B,AFC,13,DF,Ayoub Al-Oui,2005-03-11,21,5,0,False,Al-Gharafa SC,Qatar,Qatar Stars League,,,,9,,,0,0,2,0,,,"Qatar Stars League, AFC Champions League Elite",,,,,,medium,Best U-23 Player of the Season; won 2026 Amir of Qatar Cup,https://www.espn.com/soccer/player/_/id/346649/ayoub-al-oui ; https://www.sofascore.com/football/player/ayoub-al-oui/1396639
170,7,QAT,Qatar,B,AFC,14,DF,Homam Ahmed,1999-08-25,26,67,3,False,Cultural Leonesa,Spain,Segunda División,,Left,,5,,72,0,0,,,,,Segunda División,,,,,,medium,On loan from Al-Duhail,https://www.transfermarkt.us/homam-ahmed/leistungsdaten/spieler/556713 ; https://www.soccerzz.com/player/homam-ahmed/639515
171,7,QAT,Qatar,B,AFC,15,FW,Yusuf Abdurisag,1999-08-06,26,38,3,False,Al-Wakrah SC,Qatar,Qatar Stars League,,,,,,940,4,1,3,0,,,Qatar Stars League,,,,,,medium,On loan from Al-Sadd,https://www.fotmob.com/players/1053987 ; https://www.transfermarkt.us/yusuf-abdurisag/leistungsdaten/spieler/589099
172,7,QAT,Qatar,B,AFC,16,DF,Boualem Khoukhi,1990-07-09,35,115,20,False,Al Sadd SC,Qatar,Qatar Stars League,185,,,9,,,1,0,,,,,"Qatar Stars League, AFC Champions League Elite",,,,,,low,,https://www.flashscore.com/player/khoukhi-boualem/QyW8enUd/ ; https://www.espn.com/soccer/player/_/id/205377/boualem-khoukhi
173,7,QAT,Qatar,B,AFC,17,MF,Ahmed Al-Ganehi,2000-09-22,25,13,1,False,Al-Gharafa SC,Qatar,Qatar Stars League,,,,11,,,2,1,,,,,Qatar Stars League,,,,,,medium,,https://www.livescore.com/en/season-stats/ahmed-al-ganehi/27471/ ; https://tribuna.com/en/persons/ahmed-alganehi/
174,7,QAT,Qatar,B,AFC,18,DF,Sultan Al-Brake,1996-04-07,30,16,0,False,Al Duhail SC,Qatar,Qatar Stars League,,,,28,,1435,1,3,3,0,,,"Qatar Stars League, AFC Champions League Elite",,,,,,medium,,https://www.livescore.com/en/season-stats/sultan-al-brake/31677/ ; https://www.fotmob.com/players/644014/sultan-al-brake
175,7,QAT,Qatar,B,AFC,19,FW,Almoez Ali,1996-08-19,29,119,55,False,Al Duhail SC,Qatar,Qatar Stars League,180,,2500000,3,,89,1,0,,,,,Qatar Stars League,,,,,,medium,Qatar all-time top scorer; injury-limited season,https://www.livescore.com/en/season-stats/almoez-ali/31676/ ; https://www.transfermarkt.us/almoez-ali/leistungsdaten/spieler/345095
176,7,QAT,Qatar,B,AFC,20,MF,Ahmed Fathy,1993-01-25,33,47,0,False,Al-Arabi SC,Qatar,Qatar Stars League,,Right,,,,1147,0,0,7,0,,,Qatar Stars League,,,,,,medium,,https://www.fotmob.com/en-GB/players/898424/ahmed-fathi ; https://www.playmakerstats.com/player/ahmed-fathi/1229272
177,7,QAT,Qatar,B,AFC,21,GK,Salah Zakaria,1999-04-24,27,8,0,False,Al Duhail SC,Qatar,Qatar Stars League,,,,4,,,0,0,,,1,,Qatar Stars League,,,,,,medium,,https://www.espn.com/soccer/player/_/id/288537/salah-zakaria ; https://www.flashscore.com/player/moussa-salah-zakaria/2PKRB16d/
178,7,QAT,Qatar,B,AFC,22,GK,Meshaal Barsham,1998-02-14,28,52,0,False,Al Sadd SC,Qatar,Qatar Stars League,,,,30,,,0,0,,,7,48,"Qatar Stars League, AFC Champions League Elite, Amir Cup",,,,,,medium,First-choice goalkeeper,https://www.transfermarkt.us/meshaal-barsham/leistungsdaten/spieler/560423 ; https://www.espn.com/soccer/player/_/id/270844/meshaal-barsham
179,7,QAT,Qatar,B,AFC,23,MF,Assim Madibo,1996-10-22,29,50,0,False,Al-Wakrah SC,Qatar,Qatar Stars League,,,,8,8,720,0,0,,,,,Qatar Stars League,,,,,,medium,On loan from Al-Duhail,https://www.transfermarkt.us/assim-madibo/leistungsdaten/spieler/336667 ; https://www.playmakerstats.com/player/assim-madibo/408357
180,7,QAT,Qatar,B,AFC,24,FW,Tahsin Jamshid,2006-06-16,19,2,0,False,Al Duhail SC,Qatar,Qatar Stars League,177,,,19,,,2,0,,,,,"Qatar Stars League, AFC Champions League Elite, Amir Cup",,,,,,medium,Youngest player in the squad,https://www.livescore.com/en/season-stats/tahsin-mohammed-jamshid/68782/ ; https://en.wikipedia.org/wiki/Tahsin_Jamshid
181,7,QAT,Qatar,B,AFC,25,DF,Al-Hashmi Al-Hussain,2003-08-15,22,7,0,False,Al-Arabi SC,Qatar,Qatar Stars League,,,,11,,,0,0,3,1,,,Qatar Stars League,,,,,,medium,,https://www.transfermarkt.us/al-hashmi-al-hussain/leistungsdaten/spieler/943150 ; https://www.sofascore.com/football/player/el-hashmi-el-hussain/1148402
182,7,QAT,Qatar,B,AFC,26,FW,Mohamed Al-Mannai,2002-10-25,23,9,0,False,Al-Shamal SC,Qatar,Qatar Stars League,,,,,,1480,5,1,3,0,,,Qatar Stars League,,,,,,medium,2024-25 QSL Best U-23 Player of the Season,https://www.fotmob.com/players/1553870/mohammad-al-mannai ; https://en.wikipedia.org/wiki/Mohamed_Al-Mannai
183,8,SUI,Switzerland,B,UEFA,1,GK,Gregor Kobel,1997-12-06,28,20,0,False,Borussia Dortmund,Germany,Bundesliga,194,Right,40000000,47,,,0,,,,15,38,"Bundesliga, DFB-Pokal, UEFA Champions League",,,,273,0,high,First-choice goalkeeper at Borussia Dortmund,https://en.wikipedia.org/wiki/Gregor_Kobel ; https://www.livescore.com/en/season-stats/gregor-kobel/15416/
184,8,SUI,Switzerland,B,UEFA,2,DF,Miro Muheim,1998-03-24,28,9,0,False,Hamburger SV,Germany,Bundesliga,183,Left,,32,,,0,,,,,,"Bundesliga, DFB-Pokal",,,,226,9,high,,https://en.wikipedia.org/wiki/Miro_Muheim
185,8,SUI,Switzerland,B,UEFA,3,DF,Silvan Widmer,1993-03-05,33,59,5,False,Mainz 05,Germany,Bundesliga,181,Right,,40,,,3,,,,,,"Bundesliga, DFB-Pokal, UEFA Conference League",,,,481,35,high,,https://en.wikipedia.org/wiki/Silvan_Widmer
186,8,SUI,Switzerland,B,UEFA,4,DF,Nico Elvedi,1996-09-30,29,66,3,False,Borussia Mönchengladbach,Germany,Bundesliga,189,Right,,35,,,2,,,,,,"Bundesliga, DFB-Pokal",,,,389,20,high,,https://en.wikipedia.org/wiki/Nico_Elvedi
187,8,SUI,Switzerland,B,UEFA,5,DF,Manuel Akanji,1995-07-19,30,80,4,False,Inter Milan,Italy,Serie A,187,Right,18000000,45,,,2,,,,,,"Serie A, Coppa Italia, UEFA Champions League",,,,336,14,high,Regular starter in central defence,https://en.wikipedia.org/wiki/Manuel_Akanji ; https://www.transfermarkt.us/manuel-akanji/profil/spieler/284730
188,8,SUI,Switzerland,B,UEFA,6,MF,Denis Zakaria,1996-11-20,29,64,3,False,AS Monaco,France,Ligue 1,191,Right,,33,,,2,,,,,,"Ligue 1, Coupe de France, UEFA Champions League",,,,273,28,high,Key central midfielder for Monaco,https://en.wikipedia.org/wiki/Denis_Zakaria
189,8,SUI,Switzerland,B,UEFA,7,FW,Breel Embolo,1997-02-14,29,86,24,False,Rennes,France,Ligue 1,187,Right,15000000,34,,,10,3,,,,,"Ligue 1, Coupe de France",,,,294,80,high,,https://en.wikipedia.org/wiki/Breel_Embolo ; https://www.transfermarkt.us/breel-embolo/leistungsdaten/spieler/237662
190,8,SUI,Switzerland,B,UEFA,8,MF,Remo Freuler,1992-04-15,34,87,11,False,Bologna,Italy,Serie A,180,Right,,40,,,1,,,,,,"Serie A, Coppa Italia, UEFA Europa League",,,,616,56,high,,https://en.wikipedia.org/wiki/Remo_Freuler
191,8,SUI,Switzerland,B,UEFA,9,MF,Johan Manzambi,2005-10-14,20,11,3,False,SC Freiburg,Germany,Bundesliga,182,Right,,47,,,7,,,,,,"Bundesliga, DFB-Pokal, UEFA Europa League",,,,57,10,high,Emerging young midfielder,https://en.wikipedia.org/wiki/Johan_Manzambi
192,8,SUI,Switzerland,B,UEFA,10,MF,Granit Xhaka,1992-09-27,33,145,17,True,Sunderland,England,Premier League,185,Left,10000000,36,,,1,6,,,,,"Premier League, FA Cup",,,,477,31,high,Captain and most-capped player; midfield leader,https://en.wikipedia.org/wiki/Granit_Xhaka ; https://www.transfermarkt.us/granit-xhaka/profil/spieler/111455
193,8,SUI,Switzerland,B,UEFA,11,FW,Dan Ndoye,2000-10-25,25,30,7,False,Nottingham Forest,England,Premier League,183,Right,32000000,37,,,2,1,,,,,"Premier League, FA Cup, UEFA Europa League",,,,225,28,high,,https://en.wikipedia.org/wiki/Dan_Ndoye ; https://www.transfermarkt.co.uk/dan-ndoye/transfers/spieler/365108
194,8,SUI,Switzerland,B,UEFA,12,GK,Yvon Mvogo,1994-06-06,32,13,0,False,Lorient,France,Ligue 1,187,Right,,31,,,0,,,,,,Ligue 1,,,,289,0,high,Backup goalkeeper,https://en.wikipedia.org/wiki/Yvon_Mvogo
195,8,SUI,Switzerland,B,UEFA,13,DF,Ricardo Rodríguez,1992-08-25,33,137,9,False,Real Betis,Spain,La Liga,180,Left,,35,,,0,,,,,,"La Liga, Copa del Rey, UEFA Conference League",,,,425,19,high,"Veteran left-back, fourth World Cup",https://en.wikipedia.org/wiki/Ricardo_Rodr%C3%ADguez_(footballer)
196,8,SUI,Switzerland,B,UEFA,14,MF,Ardon Jashari,2002-07-30,23,7,0,False,AC Milan,Italy,Serie A,184,Right,,17,,,0,,,,,,"Serie A, Coppa Italia, Supercoppa Italiana",,,,196,19,high,,https://en.wikipedia.org/wiki/Ardon_Jashari
197,8,SUI,Switzerland,B,UEFA,15,MF,Djibril Sow,1997-02-06,29,51,0,False,Sevilla,Spain,La Liga,184,Right,,34,,,5,,,,,,"La Liga, Copa del Rey",,,,293,25,high,,https://en.wikipedia.org/wiki/Djibril_Sow
198,8,SUI,Switzerland,B,UEFA,16,FW,Christian Fassnacht,1993-11-11,32,22,5,False,Young Boys,Switzerland,Swiss Super League,181,Right,,42,,,19,7,,,,,"Swiss Super League, Swiss Cup, UEFA Europa League",,,,375,123,high,Swiss Super League top scorer 2025/26 (18 league goals),https://en.wikipedia.org/wiki/Christian_Fassnacht ; https://www.topscorersfootball.com/super-league
199,8,SUI,Switzerland,B,UEFA,17,FW,Rubén Vargas,1998-08-05,27,61,11,False,Sevilla,Spain,La Liga,180,Right,,24,,,3,,,,,,"La Liga, Copa del Rey",,,,278,55,high,,https://en.wikipedia.org/wiki/Rub%C3%A9n_Vargas
200,8,SUI,Switzerland,B,UEFA,18,DF,Eray Cömert,1998-02-04,28,21,0,False,Valencia,Spain,La Liga,184,Right,,17,,,2,,,,,,"La Liga, Copa del Rey",,,,219,10,high,,https://en.wikipedia.org/wiki/Eray_C%C3%B6mert
201,8,SUI,Switzerland,B,UEFA,19,FW,Noah Okafor,2000-05-24,26,24,2,False,Leeds United,England,Premier League,185,Right,,33,19,,8,1,,,,,"Premier League, FA Cup, EFL Cup",,,,196,45,high,Leeds United second-top league scorer 2025/26 (8 PL goals),https://en.wikipedia.org/wiki/Noah_Okafor ; https://www.premierleague.com/en/players/435997/noah-okafor/stats
202,8,SUI,Switzerland,B,UEFA,20,MF,Michel Aebischer,1997-01-06,29,39,2,False,Pisa,Italy,Serie A,184,Left,,36,,,1,,,,,,"Serie A, Coppa Italia",,,,262,14,high,,https://en.wikipedia.org/wiki/Michel_Aebischer
203,8,SUI,Switzerland,B,UEFA,21,GK,Marvin Keller,2002-07-03,23,1,0,False,Young Boys,Switzerland,Swiss Super League,190,Right,,49,,,0,,,,,,"Swiss Super League, Swiss Cup, UEFA Europa League",,,,167,0,high,Third-choice goalkeeper,https://en.wikipedia.org/wiki/Marvin_Keller_(footballer)
204,8,SUI,Switzerland,B,UEFA,22,MF,Fabian Rieder,2002-02-16,24,27,1,False,FC Augsburg,Germany,Bundesliga,181,Left,,33,,,6,,,,,,"Bundesliga, DFB-Pokal",,,,160,18,high,,https://en.wikipedia.org/wiki/Fabian_Rieder
205,8,SUI,Switzerland,B,UEFA,23,FW,Zeki Amdouni,2000-12-04,25,28,11,False,Burnley,England,Premier League,185,Right,,4,,,0,,,,,,Premier League,,,,274,82,medium,Limited minutes at Burnley in 2025/26,https://en.wikipedia.org/wiki/Zeki_Amdouni
206,8,SUI,Switzerland,B,UEFA,24,DF,Aurèle Amenda,2003-07-31,22,6,0,False,Eintracht Frankfurt,Germany,Bundesliga,191,Right,,29,,,0,,,,,,"Bundesliga, UEFA Europa League",,,,98,1,high,,https://en.wikipedia.org/wiki/Aur%C3%A8le_Amenda
207,8,SUI,Switzerland,B,UEFA,25,DF,Luca Jaquez,2003-06-02,23,3,0,False,VfB Stuttgart,Germany,Bundesliga,187,Left,,26,,,1,,,,,,"Bundesliga, DFB-Pokal, UEFA Europa League",,,,94,4,high,,https://en.wikipedia.org/wiki/Luca_Jaquez
208,8,SUI,Switzerland,B,UEFA,26,FW,Cedric Itten,1996-12-27,29,14,5,False,Fortuna Düsseldorf,Germany,2. Bundesliga,189,Right,,19,,,8,,,,,,"2. Bundesliga, DFB-Pokal",,,,337,103,medium,Stats as of 24 January 2026 (partial season),https://en.wikipedia.org/wiki/Cedric_Itten
209,9,BRA,Brazil,C,CONMEBOL,1,GK,Alisson,1992-10-02,33,77,0,False,Liverpool,England,Premier League,193,Right,,35,,,0,,,,13,,"Premier League, FA Cup, UEFA Champions League, FA Community Shield",,,,498,1,high,,https://en.wikipedia.org/wiki/Alisson ; https://www.premierleague.com/en/players/116535/alisson-becker/stats
210,9,BRA,Brazil,C,CONMEBOL,2,DF,Wesley,2003-09-06,22,7,0,False,Roma,Italy,Serie A,174,Right,,39,,,5,,,,,,"Serie A, Coppa Italia, UEFA Europa League",,,,180,9,high,,https://en.wikipedia.org/wiki/Wesley_Fran%C3%A7a
211,9,BRA,Brazil,C,CONMEBOL,3,DF,Gabriel Magalhães,1997-12-19,28,17,1,False,Arsenal,England,Premier League,190,Left,,51,,,4,,,,,,"Premier League, FA Cup, EFL Cup, UEFA Champions League",,,,357,28,high,,https://en.wikipedia.org/wiki/Gabriel_Magalh%C3%A3es
212,9,BRA,Brazil,C,CONMEBOL,4,DF,Marquinhos,1994-05-14,32,104,7,True,Paris Saint-Germain,France,Ligue 1,183,Right,,32,,,2,,,,,,"Ligue 1, UEFA Champions League, UEFA Super Cup, FIFA Intercontinental Cup, Trophée des Champions",,,,567,43,high,,https://en.wikipedia.org/wiki/Marquinhos
213,9,BRA,Brazil,C,CONMEBOL,5,MF,Casemiro,1992-02-23,34,85,9,False,Manchester United,England,Premier League,185,Right,,35,,,9,,,,,,"Premier League, FA Cup",,,,663,73,medium,,https://en.wikipedia.org/wiki/Casemiro
214,9,BRA,Brazil,C,CONMEBOL,6,DF,Alex Sandro,1991-01-26,35,44,2,False,Flamengo,Brazil,Campeonato Brasileiro Série A,181,Left,,23,,,0,,,,,,"Campeonato Brasileiro Série A, Campeonato Carioca, Copa do Brasil, Copa Libertadores, other (2026 season)",,,,620,24,high,,https://en.wikipedia.org/wiki/Alex_Sandro
215,9,BRA,Brazil,C,CONMEBOL,7,FW,Vinícius Júnior,2000-07-12,25,48,9,False,Real Madrid,Spain,La Liga,176,Right,,53,,,22,,8,,,,"La Liga, Copa del Rey, UEFA Champions League, other",,,,450,146,high,,https://en.wikipedia.org/wiki/Vin%C3%ADcius_J%C3%BAnior ; https://tribuna.com/en/persons/vinicius-junior/stat/2025-2026/
216,9,BRA,Brazil,C,CONMEBOL,8,MF,Bruno Guimarães,1997-11-16,28,42,2,False,Newcastle United,England,Premier League,182,Right,,41,,,9,,,,,,"Premier League, FA Cup, EFL Cup, UEFA Champions League",,,,270,36,high,,https://en.wikipedia.org/wiki/Bruno_Guimar%C3%A3es
217,9,BRA,Brazil,C,CONMEBOL,9,FW,Matheus Cunha,1999-05-27,27,22,1,False,Manchester United,England,Premier League,184,Right,,35,,,10,2,4,,,,"Premier League, FA Cup, EFL Cup",,,,258,69,high,,https://en.wikipedia.org/wiki/Matheus_Cunha ; https://footystats.org/players/brazil/matheus-cunha
218,9,BRA,Brazil,C,CONMEBOL,10,FW,Neymar,1992-02-05,34,128,79,False,Santos,Brazil,Campeonato Brasileiro Série A,175,Right,,37,,,15,,,,,,"Campeonato Brasileiro Série A, Campeonato Paulista, Copa do Brasil (Santos 2025-present spell, all competitions)",,,,454,272,medium,,https://en.wikipedia.org/wiki/Neymar
219,9,BRA,Brazil,C,CONMEBOL,11,FW,Raphinha,1996-12-14,29,38,11,False,Barcelona,Spain,La Liga,176,Left,,33,,,21,,,,,,"La Liga, Copa del Rey, UEFA Champions League, Supercopa de España",,,,324,97,high,,https://en.wikipedia.org/wiki/Raphinha
220,9,BRA,Brazil,C,CONMEBOL,12,GK,Weverton,1987-12-13,38,10,0,False,Grêmio,Brazil,Campeonato Brasileiro Série A,187,Right,,32,,,0,,,,,,"Campeonato Brasileiro Série A, Campeonato Gaúcho, Copa do Brasil, Copa Sudamericana (Grêmio, 2026 season)",,,,945,0,high,,"https://en.wikipedia.org/wiki/Weverton_(footballer,_born_1987)"
221,9,BRA,Brazil,C,CONMEBOL,13,DF,Danilo,1991-07-15,34,69,1,False,Flamengo,Brazil,Campeonato Brasileiro Série A,184,Right,,14,,,0,,,,,,"Campeonato Brasileiro Série A, Copa do Brasil, Copa Libertadores, other (Flamengo, 2026 season)",,,,410,32,high,,"https://en.wikipedia.org/wiki/Danilo_(footballer,_born_July_1991)"
222,9,BRA,Brazil,C,CONMEBOL,14,DF,Bremer,1997-03-18,29,7,1,False,Juventus,Italy,Serie A,188,Right,,31,,,4,,,,,,"Serie A, Coppa Italia, UEFA Champions League",,,,265,26,high,,https://en.wikipedia.org/wiki/Gleison_Bremer
223,9,BRA,Brazil,C,CONMEBOL,15,DF,Léo Pereira,1996-01-31,30,3,0,False,Flamengo,Brazil,Campeonato Brasileiro Série A,186,Left,,24,,,1,,,,,,"Campeonato Brasileiro Série A, Campeonato Carioca, Copa do Brasil, Copa Libertadores, other (Flamengo, 2026 season)",,,,304,18,high,,"https://en.wikipedia.org/wiki/L%C3%A9o_Pereira_(footballer,_born_1996)"
224,9,BRA,Brazil,C,CONMEBOL,16,DF,Douglas Santos,1994-03-22,32,6,0,False,Zenit Saint Petersburg,Russia,Russian Premier League,178,Left,,25,,,2,,,,,,"Russian Premier League, Russian Cup",,,,471,18,high,,"https://en.wikipedia.org/wiki/Douglas_Santos_(footballer,_born_1994)"
225,9,BRA,Brazil,C,CONMEBOL,17,MF,Fabinho,1993-10-23,32,32,0,False,Al-Ittihad,Saudi Arabia,Saudi Pro League,188,Right,,44,,,3,,,,,,"Saudi Pro League, King's Cup, AFC Champions League, Saudi Super Cup",,,,623,51,high,,"https://en.wikipedia.org/wiki/Fabinho_(footballer,_born_1993)"
226,9,BRA,Brazil,C,CONMEBOL,18,MF,Danilo,2001-04-29,25,3,2,False,Botafogo,Brazil,Campeonato Brasileiro Série A,182,Right,,24,,,10,,,,,,"Campeonato Brasileiro Série A, Campeonato Carioca, Copa do Brasil, Copa Libertadores/Sudamericana (Botafogo, 2026 season)",,,,245,29,high,,"https://en.wikipedia.org/wiki/Danilo_(footballer,_born_2001)"
227,9,BRA,Brazil,C,CONMEBOL,19,FW,Endrick,2006-07-21,19,16,3,False,Lyon,France,Ligue 1,173,Right,,21,,,8,,,,,,"Ligue 1, Coupe de France, UEFA Europa League (Lyon loan, 2025-26)",,,,143,34,high,On loan at Lyon from Real Madrid since December 2025,"https://en.wikipedia.org/wiki/Endrick_(footballer,_born_2006)"
228,9,BRA,Brazil,C,CONMEBOL,20,MF,Lucas Paquetá,1997-08-27,28,62,13,False,Flamengo,Brazil,Campeonato Brasileiro Série A,180,Left,,24,,,8,,,,,,"Campeonato Brasileiro Série A, Copa Libertadores, other (Flamengo, 2026 season)",,,,382,71,high,Transferred from West Ham to Flamengo in January 2026,https://en.wikipedia.org/wiki/Lucas_Paquet%C3%A1
229,9,BRA,Brazil,C,CONMEBOL,21,FW,Luiz Henrique,2001-01-02,25,14,2,False,Zenit Saint Petersburg,Russia,Russian Premier League,177,Right,,34,,,6,,,,,,"Russian Premier League, Russian Cup",,,,194,26,high,,"https://en.wikipedia.org/wiki/Luiz_Henrique_(footballer,_born_2001)"
230,9,BRA,Brazil,C,CONMEBOL,22,FW,Gabriel Martinelli,2001-06-18,24,22,4,False,Arsenal,England,Premier League,178,Right,,53,,,11,,,,,,"Premier League, FA Cup, EFL Cup, UEFA Champions League",,,,313,72,high,,https://en.wikipedia.org/wiki/Gabriel_Martinelli
231,9,BRA,Brazil,C,CONMEBOL,23,GK,Ederson,1993-08-17,32,32,0,False,Fenerbahçe,Turkey,Süper Lig,188,Left,,36,,,0,,,,,,"Süper Lig, Turkish Cup, UEFA Europa League, Turkish Super Cup",,,,561,0,high,Joined Fenerbahçe from Manchester City in September 2025,"https://en.wikipedia.org/wiki/Ederson_(footballer,_born_1993)"
232,9,BRA,Brazil,C,CONMEBOL,24,DF,Roger Ibañez,1998-11-23,27,6,0,False,Al-Ahli,Saudi Arabia,Saudi Pro League,185,Right,,46,,,4,,,,,,"Saudi Pro League, King's Cup, AFC Champions League Elite, other",,,,336,27,high,,https://en.wikipedia.org/wiki/Roger_Iba%C3%B1ez
233,9,BRA,Brazil,C,CONMEBOL,25,FW,Igor Thiago,2001-06-26,24,3,2,False,Brentford,England,Premier League,191,Right,65000000,40,37,3284,25,1,,,,,"Premier League, FA Cup, EFL Cup",,,,226,88,high,"22 Premier League goals, Golden Boot runner-up 2025-26",https://en.wikipedia.org/wiki/Igor_Thiago ; https://www.premierleague.com/en/players/502500/igor-thiago/stats ; https://www.transfermarkt.us/igor-thiago/profil/spieler/739443
234,9,BRA,Brazil,C,CONMEBOL,26,FW,Rayan,2006-08-03,19,2,1,False,Bournemouth,England,Premier League,175,Right,,15,,,5,2,,,,,"Premier League (Bournemouth, since January 2026)",,,,79,21,high,Joined Bournemouth from Vasco da Gama in January 2026,"https://en.wikipedia.org/wiki/Rayan_(footballer,_born_2006) ; https://www.premierleague.com/en/news/4567593/profile-of-rayan-after-bournemouth-sign-brazilian-in-january-transfer-window"
235,10,MAR,Morocco,C,CAF,1,GK,Yassine Bounou,1991-04-05,35,87,0,False,Al Hilal,Saudi Arabia,Saudi Pro League,195,Right,,26,26,2340,0,0,1,0,14,19,Saudi Pro League,,,,357,1,high,First-choice goalkeeper,https://en.wikipedia.org/wiki/Yassine_Bounou ; https://footystats.org/players/morocco/yassine-bounou
236,10,MAR,Morocco,C,CAF,2,DF,Achraf Hakimi,1998-11-04,27,95,11,True,Paris Saint-Germain,France,Ligue 1,181,Right,,32,,,3,2,3,,,,"Ligue 1, UEFA Champions League",,,,256,36,high,"Captain, key attacking right-back",https://en.wikipedia.org/wiki/Achraf_Hakimi ; https://www.uefa.com/uefachampionsleague/clubs/players/250088061--achraf-hakimi/statistics/
237,10,MAR,Morocco,C,CAF,3,DF,Noussair Mazraoui,1997-11-14,28,43,1,False,Manchester United,England,Premier League,183,Right,,20,,,0,,,,,,Premier League,,,,244,19,high,Versatile full-back,https://en.wikipedia.org/wiki/Noussair_Mazraoui
238,10,MAR,Morocco,C,CAF,4,MF,Sofyan Amrabat,1996-08-21,29,75,0,False,Real Betis,Spain,La Liga,185,Right,,23,,,1,,,,,,"La Liga, UEFA Conference League",,,,360,10,high,Defensive midfield anchor,https://en.wikipedia.org/wiki/Sofyan_Amrabat
239,10,MAR,Morocco,C,CAF,5,DF,Nayef Aguerd,1996-03-30,30,64,2,False,Marseille,France,Ligue 1,188,Left,,23,,,1,,,,,,"Ligue 1, UEFA Champions League",,,,318,23,high,Starting centre-back,https://en.wikipedia.org/wiki/Nayef_Aguerd
240,10,MAR,Morocco,C,CAF,6,MF,Ayyoub Bouaddi,2007-10-02,18,1,0,False,Lille,France,Ligue 1,185,Right,,42,,,0,,,,,,"Ligue 1, Coupe de France, UEFA Europa League",,,,99,0,high,Teenage midfield prospect,https://en.wikipedia.org/wiki/Ayyoub_Bouaddi
241,10,MAR,Morocco,C,CAF,7,FW,Chemsdine Talbi,2005-05-09,21,5,0,False,Sunderland,England,Premier League,180,Left,,28,16,1563,4,1,,,,,Premier League,,,,96,14,high,Young winger,https://en.wikipedia.org/wiki/Chemsdine_Talbi ; https://www.livescore.com/en/season-stats/chemsdine-talbi/63781/
242,10,MAR,Morocco,C,CAF,8,MF,Azzedine Ounahi,2000-04-19,26,41,8,False,Girona,Spain,La Liga,184,Right,,24,,,5,,,,,,La Liga,,,,188,22,high,Creative central midfielder,https://en.wikipedia.org/wiki/Azzedine_Ounahi
243,10,MAR,Morocco,C,CAF,9,FW,Soufiane Rahimi,1996-06-02,30,35,11,False,Al Ain,United Arab Emirates,UAE Pro League,178,Right,,16,,1345,9,5,1,,,,UAE Pro League,,,,300,121,medium,Prolific scorer in UAE,https://en.wikipedia.org/wiki/Soufiane_Rahimi ; https://www.fotmob.com/players/988749/soufiane-rahimi
244,10,MAR,Morocco,C,CAF,10,MF,Brahim Diaz,1999-08-03,26,25,13,False,Real Madrid,Spain,La Liga,171,Right,,42,,1665,2,5,,,,,"La Liga, UEFA Champions League",,,,302,42,high,Key attacking midfielder,https://en.wikipedia.org/wiki/Brahim_D%C3%ADaz ; https://www.uefa.com/uefachampionsleague/clubs/players/250088039--brahim-diaz/statistics/
245,10,MAR,Morocco,C,CAF,11,MF,Ismael Saibari,2001-01-28,25,29,9,False,PSV Eindhoven,Netherlands,Eredivisie,183,Right,,37,,,19,8,,,,,"Eredivisie, UEFA Champions League, KNVB Cup",,,,148,40,high,Box-to-box midfielder,https://en.wikipedia.org/wiki/Ismael_Saibari ; https://www.transfermarkt.us/ismael-saibari/leistungsdaten/spieler/702869
246,10,MAR,Morocco,C,CAF,12,GK,Munir El Kajoui,1989-05-10,37,50,0,False,RS Berkane,Morocco,Botola Pro,188,Right,,3,,,0,0,,,1,2,Botola Pro,,,,169,0,medium,Experienced backup goalkeeper; missed most of 2025-26 after January 2026 shoulder surgery,https://en.wikipedia.org/wiki/Munir_Mohamedi ; https://tribuna.com/en/persons/munir-mohamedi/stat/2025-2026/
247,10,MAR,Morocco,C,CAF,13,DF,Zakaria El Ouahdi,2001-12-31,24,2,0,False,Genk,Belgium,Belgian Pro League,180,Right,,45,,,12,,,,,,"Belgian Pro League, Belgian Cup, UEFA Europa League",,,,168,28,medium,Attacking full-back,https://en.wikipedia.org/wiki/Zakaria_El_Ouahdi
248,10,MAR,Morocco,C,CAF,14,DF,Issa Diop,1997-01-09,29,2,0,False,Fulham,England,Premier League,194,Right,,18,,,1,,,,,,"Premier League, EFL Cup",,,,319,17,high,Recently switched allegiance to Morocco,https://en.wikipedia.org/wiki/Issa_Diop_(footballer)
249,10,MAR,Morocco,C,CAF,15,MF,Samir El Mourabet,2005-10-06,20,2,0,False,Strasbourg,France,Ligue 1,186,,,33,,,1,,,,,,"Ligue 1, Coupe de France, UEFA Conference League",,,,87,4,medium,"Young midfielder, recent debutant",https://en.wikipedia.org/wiki/Samir_El_Mourabet
250,10,MAR,Morocco,C,CAF,16,FW,Gessime Yassine,2005-11-22,20,2,0,False,Strasbourg,France,Ligue 1,173,,,12,,,0,,,,,,Ligue 1,,,,75,7,medium,"U20 world champion, recent senior debutant",https://en.wikipedia.org/wiki/Gessime_Yassine
251,10,MAR,Morocco,C,CAF,17,FW,Abdessamad Ezzalzouli,2001-12-17,24,35,2,False,Real Betis,Spain,La Liga,173,Right,,29,26,2254,10,8,3,,,,La Liga,,,,243,46,high,Direct dribbling winger,https://en.wikipedia.org/wiki/Abdessamad_Ezzalzouli ; https://www.livescore.com/en/season-stats/abde-ezzalzouli/18463/
252,10,MAR,Morocco,C,CAF,18,DF,Chadi Riad,2003-06-17,22,3,1,False,Crystal Palace,England,Premier League,190,Right,,12,,,0,,,,,,"Premier League, UEFA Conference League",,,,85,3,high,Young centre-back,https://en.wikipedia.org/wiki/Chadi_Riad
253,10,MAR,Morocco,C,CAF,19,DF,Youssef Belammari,1998-09-20,27,15,0,False,Al Ahly,Egypt,Egyptian Premier League,180,Left,,0,0,,0,,,,,,Egyptian Premier League,,,,186,12,medium,"Left-back; joined Al Ahly in 2026, played first half of 2025-26 at Raja CA",https://en.wikipedia.org/wiki/Youssef_Belammari
254,10,MAR,Morocco,C,CAF,20,FW,Ayoub El Kaabi,1993-06-25,32,69,34,False,Olympiacos,Greece,Super League Greece,183,Right,,38,,,21,3,,,,,"Super League Greece, UEFA Champions League, Greek Cup",,,,360,206,high,"Leading striker, prolific scorer",https://en.wikipedia.org/wiki/Ayoub_El_Kaabi ; https://www.uefa.com/uefachampionsleague/clubs/players/250118298--ayoub-el-kaabi/
255,10,MAR,Morocco,C,CAF,21,MF,Ayoube Amaimouni,2004-11-30,21,0,0,False,Eintracht Frankfurt,Germany,Bundesliga,178,Left,,17,,,2,3,,,,,Bundesliga,,,,93,36,medium,Uncapped young winger/midfielder; signed by Frankfurt in January 2026,https://en.wikipedia.org/wiki/Ayoube_Amaimouni ; https://www.sportbusy.com/players/soccer/416636/
256,10,MAR,Morocco,C,CAF,22,GK,Ahmed Reda Tagnaouti,1996-04-05,30,3,0,False,AS FAR,Morocco,Botola Pro,190,Right,,14,14,1254,0,0,,,10,5,Botola Pro,,,,167,0,high,Third-choice goalkeeper,https://en.wikipedia.org/wiki/Ahmed_Reda_Tagnaouti ; https://footystats.org/players/morocco/ahmed-reda-tagnaouti
257,10,MAR,Morocco,C,CAF,23,MF,Bilal El Khannouss,2004-05-10,22,35,3,False,VfB Stuttgart,Germany,Bundesliga,178,Right,,25,,,4,,,,,,"Bundesliga, UEFA Europa League, DFB-Pokal",,,,135,9,high,Creative attacking midfielder,https://en.wikipedia.org/wiki/Bilal_El_Khannouss
258,10,MAR,Morocco,C,CAF,24,MF,Neil El Aynaoui,2001-07-02,24,15,2,False,Roma,Italy,Serie A,189,Right,,34,,,2,,,,,,"Serie A, UEFA Europa League",,,,156,16,high,Central midfielder,https://en.wikipedia.org/wiki/Neil_El_Aynaoui
259,10,MAR,Morocco,C,CAF,25,DF,Redouane Halhal,2003-03-05,23,2,0,False,KV Mechelen,Belgium,Belgian Pro League,188,,,23,22,2849,1,2,10,,,,Belgian Pro League,,,,98,2,medium,Young defender,https://en.wikipedia.org/wiki/Redouane_Halhal ; https://www.sofascore.com/football/player/redouane-halhal/1143667
260,10,MAR,Morocco,C,CAF,26,DF,Anass Salah-Eddine,2002-01-18,24,8,0,False,PSV Eindhoven,Netherlands,Eredivisie,180,Left,,25,,,0,,,,,,"Eredivisie, UEFA Champions League, KNVB Cup",,,,123,4,high,"Left-back, on loan from Roma",https://en.wikipedia.org/wiki/Anass_Salah-Eddine
261,11,HAI,Haiti,C,CONCACAF,1,GK,Johny Placide,1988-01-29,38,81,0,True,SC Bastia,France,Ligue 2,188,Right,,34,34,2070,0,0,,,12,37,Ligue 2,,,,,0,medium,Veteran captain and most-capped Haitian; underwent knee surgery in late March 2026,https://www.livescore.com/en/season-stats/johny-placide/ ; https://www.transfermarkt.us/johny-placide/leistungsdaten/spieler/51035/saison/2025 ; https://www.kicker.de/johny-placide/spieler
262,11,HAI,Haiti,C,CONCACAF,2,DF,Carlens Arcus,1996-06-28,29,53,1,False,Angers SCO,France,Ligue 1,180,Right,,28,,2040,0,3,4,,,,"Ligue 1, Coupe de France",,,,313,5,high,Team's top assist provider this season (3 assists),https://en.wikipedia.org/wiki/Carlens_Arcus ; https://ligue1.com/en/player-sheet/l1_championship_player_2025_37_66080
263,11,HAI,Haiti,C,CONCACAF,3,DF,Keeto Thermoncy,2006-03-29,20,1,0,False,BSC Young Boys,Switzerland,Swiss Super League,,,,0,0,0,0,0,0,0,,,,,,,,,medium,"Teenage prospect; registered for senior Europa League squad but plays mainly for Young Boys U21 in the Promotion League, no senior Super League minutes in 2025/26",https://en.wikipedia.org/wiki/Keeto_Thermoncy ; https://www.soccerzz.com/player/keeto-thermoncy/1253152
264,11,HAI,Haiti,C,CONCACAF,4,DF,Ricardo Adé,1990-05-21,36,59,2,False,LDU Quito,Ecuador,LigaPro Serie A,190,Right,,29,,,1,,,,,,"LigaPro Serie A, Copa Libertadores, Supercopa Ecuador",,,,311,6,medium,Key centre-back; ~19 LigaPro + 9 Copa Libertadores + 1 Supercopa apps in 2025,https://en.wikipedia.org/wiki/Ricardo_Ad%C3%A9 ; https://www.livescore.com/en/season-stats/ricardo-ade/36071/ ; https://www.sofascore.com/player/ricardo-ade/839638
265,11,HAI,Haiti,C,CONCACAF,5,DF,Hannes Delcroix,1999-02-28,27,7,0,False,FC Lugano,Switzerland,Swiss Super League,185,Left,,6,,449,1,0,,,,,Swiss Super League,,,,,,medium,Joined Lugano in January 2026; scored first goal vs Lucerne on 7 March 2026,https://en.wikipedia.org/wiki/Hannes_Delcroix ; https://www.sofascore.com/football/player/hannes-delcroix/826169 ; https://www.fotmob.com/players/822716/hannes-delcroix
266,11,HAI,Haiti,C,CONCACAF,6,MF,Carl Sainté,2002-08-09,23,26,0,False,El Paso Locomotive FC,United States,USL Championship,,,,0,0,0,0,0,0,0,,,,,,,,,medium,Signed by El Paso for the 2026 USL season (Dec 2025/Jan 2026); in 2025 he made 28 appearances on loan at Phoenix Rising FC. No El Paso apps yet as the 2026 USL season had not begun,https://www.eplocomotivefc.com/news/2025/12/31/el-paso-locomotive-fc-sign-midfielder-carl-sainte/ ; https://www.uslchampionship.com/news_article/show/1352563
267,11,HAI,Haiti,C,CONCACAF,7,FW,Derrick Etienne Jr.,1996-11-25,29,50,8,False,Toronto FC,Canada,Major League Soccer,179,Left,,25,10,983,2,2,2,0,,,Major League Soccer,,,,325,40,medium,Caps corrected to 50 per Wikipedia; 2025 MLS season largely a rotation/bench role,https://en.wikipedia.org/wiki/Derrick_Etienne_Jr. ; https://www.espn.com/soccer/player/stats/_/id/231098/derrick-etienne-jr
268,11,HAI,Haiti,C,CONCACAF,8,DF,Martin Expérience,1999-03-09,27,21,0,False,AS Nancy Lorraine,France,Ligue 2,,,,20,,,1,1,,,,,Ligue 2,,,,,,low,Nancy promoted to Ligue 2 for 2025/26 (club_league updated from Championnat National); appearance/goal figures vary by source,https://www.flashscore.com/player/experience-martin/rRI50CVE/ ; https://www.leballonrond.fr/joueur/martin-experience/821178
269,11,HAI,Haiti,C,CONCACAF,9,FW,Duckens Nazon,1994-04-07,32,78,44,False,Esteghlal F.C.,Iran,Persian Gulf Pro League,181,Right,,10,,476,1,1,0,0,,,Persian Gulf Pro League,,,,288,95,high,Haiti's all-time leading scorer (44 goals); height corrected to 181 cm per Wikipedia,https://en.wikipedia.org/wiki/Duckens_Nazon ; https://footystats.org/players/haiti/duckens-nazon ; https://www.sofascore.com/football/player/duckens-nazon/796023
270,11,HAI,Haiti,C,CONCACAF,10,MF,Jean-Ricner Bellegarde,1998-06-27,27,10,0,False,Wolverhampton Wanderers,England,Premier League,170,Right,,31,,,1,1,4,,,,"Premier League, FA Cup, EFL Cup",,,,347,20,high,Premier League midfielder; height corrected to 170 cm per Wikipedia/Premier League,https://en.wikipedia.org/wiki/Jean-Ricner_Bellegarde ; https://www.sportbusy.com/players/soccer/240369/ ; https://www.premierleague.com/en/players/231057/jean-ricner-bellegarde/overview
271,11,HAI,Haiti,C,CONCACAF,11,FW,Louicius Deedson,2001-02-11,25,32,10,False,FC Dallas,United States,Major League Soccer,,,,2,,23,0,0,0,0,,,Major League Soccer,,,,,,medium,Joined FC Dallas July 2025; limited minutes after late-season arrival. Prior: 37 goals/18 assists in 139 apps for Hobro IK and Odense BK,https://www.mlssoccer.com/players/louicius-don-deedson/ ; https://www.transfermarkt.us/louicius-don-deedson/leistungsdaten/spieler/646108
272,11,HAI,Haiti,C,CONCACAF,12,GK,Alexandre Pierre,2001-02-25,25,15,0,False,FC Sochaux-Montbéliard,France,Championnat National,,,,26,,,0,0,,,9,20,"Championnat National, Coupe de France",,,,,0,low,Sochaux first-choice keeper; figures vary by source (clean sheets/goals conceded approximate),https://www.flashscoreusa.com/player/pierre-alexandre/0OG09j8j/ ; https://www.espn.com/soccer/player/_/id/310715/alexandre-pierre
273,11,HAI,Haiti,C,CONCACAF,13,DF,Duke Lacroix,1993-10-14,32,16,3,False,Colorado Springs Switchbacks FC,United States,USL Championship,175,,,,,,0,,,,,,USL Championship,,,,74,2,low,Regular at Colorado Springs in 2025 (provided several assists); career club totals at the Switchbacks are 74 apps / 2 goals (as of Mar 2026). Height filled to 175 cm,https://en.wikipedia.org/wiki/Duke_Lacroix ; https://www.espn.com/soccer/player/_/id/235401/duke-lacroix
274,11,HAI,Haiti,C,CONCACAF,14,MF,Leverton Pierre,1998-03-09,28,33,0,False,F.C. Vizela,Portugal,Liga Portugal 2,,,,11,,,0,,,,,,Liga Portugal 2,,,,,,low,Joined Vizela July 2025; appearance count varies by source (8-11),https://www.transfermarkt.us/leverton-pierre/leistungsdaten/spieler/552467 ; https://www.soccerzz.com/player/leverton-pierre/612906
275,11,HAI,Haiti,C,CONCACAF,15,FW,Ruben Providence,2001-07-07,24,15,3,False,Almere City FC,Netherlands,Eerste Divisie,178,Right,,29,,1028,1,2,,1,,,Eerste Divisie,,,,,,medium,,https://www.sofascore.com/football/player/ruben-providence/954066 ; https://en.wikipedia.org/wiki/Ruben_Providence
276,11,HAI,Haiti,C,CONCACAF,16,FW,Lenny Joseph,2000-10-12,25,2,1,False,Ferencvárosi TC,Hungary,Nemzeti Bajnokság I,183,,,37,,,5,,3,,,,"Nemzeti Bajnokság I, UEFA Champions League/Europa League qualifiers, UEFA Europa League",,,,48,9,high,"Productive 2025/26: 37 apps, 5 goals across league and European competition; height 183 cm",https://en.wikipedia.org/wiki/Lenny_Joseph ; https://www.uefa.com/uefaeuropaleague/clubs/players/250210425--lenny-joseph/
277,11,HAI,Haiti,C,CONCACAF,17,MF,Danley Jean Jacques,2000-05-20,26,30,6,False,Philadelphia Union,United States,Major League Soccer,,Right,,,,351,0,0,,,,,Major League Soccer,,,,,,low,Started six of Philadelphia's first seven matches in 2025; full-season totals not confirmed from a single stats table,https://www.mlssoccer.com/players/danley-jean-jacques/ ; https://www.espn.com/soccer/player/stats/_/id/333939/danley-jean-jacques
278,11,HAI,Haiti,C,CONCACAF,18,FW,Wilson Isidor,2000-08-27,25,4,2,False,Sunderland A.F.C.,England,Premier League,186,Right,,35,,1158,6,0,,,,,"Premier League, FA Cup, EFL Cup",,,,233,65,high,Premier League striker; 6 goals in debut PL campaign for Sunderland,https://en.wikipedia.org/wiki/Wilson_Isidor ; https://www.premierleague.com/en/players/437505/wilson-isidor/stats
279,11,HAI,Haiti,C,CONCACAF,19,FW,Yassin Fortuné,1999-01-30,27,4,0,False,F.C. Vizela,Portugal,Liga Portugal 2,,,,,,,,,,,,,Liga Portugal 2,,,,,,low,Joined Vizela August 2025; scored multiple Liga Portugal 2 goals (e.g. vs Felgueiras and Lusitânia) but a full-season apps/goals total could not be verified,https://www.transfermarkt.us/yassin-fortune/leistungsdaten/spieler/342878 ; https://en.wikipedia.org/wiki/Yassin_Fortun%C3%A9
280,11,HAI,Haiti,C,CONCACAF,20,FW,Frantzdy Pierrot,1995-03-29,31,51,34,False,Çaykur Rizespor,Turkey,Süper Lig,188,Right,,10,,,0,0,,,,,Süper Lig,,,,213,67,medium,"On loan at Çaykur Rizespor from AEK Athens for 2025/26 (10 apps, 0 goals at Rizespor); had 9 apps/2 goals at AEK earlier in the season",https://en.wikipedia.org/wiki/Frantzdy_Pierrot ; https://www.livescore.com/en/season-stats/frantzdy-pierrot/2453/
281,11,HAI,Haiti,C,CONCACAF,21,FW,Josué Casimir,2001-09-24,24,7,0,False,AJ Auxerre,France,Ligue 1,,,,31,16,1519,1,,3,1,,,Ligue 1,,,,,,medium,"Regular for Auxerre in 2025/26: 31 apps (16 starts), 1 goal, sent off once",https://theanalyst.com/players/3330/josue-casimir ; https://www.sofascore.com/football/player/josue-casimir/1035986
282,11,HAI,Haiti,C,CONCACAF,22,DF,Jean-Kévin Duverne,1997-07-12,28,17,1,False,KAA Gent,Belgium,Belgian Pro League,184,Right,,14,,734,0,1,4,0,4,,Belgian Pro League,,,,,,medium,,https://www.sofascore.com/football/player/jean-kevin-duverne/845930 ; https://footystats.org/players/france/jean-kevin-duverne
283,11,HAI,Haiti,C,CONCACAF,23,GK,Josué Duverger,2000-04-27,26,6,0,False,FC Cosmos Koblenz,Germany,Regionalliga,,,,,,,0,0,,,,,Regionalliga Südwest,,,,,0,low,Fifth-tier (Regionalliga) goalkeeper; detailed 2025/26 appearance data not publicly available,https://en.wikipedia.org/wiki/Josu%C3%A9_Duverger ; https://www.playmakerstats.com/player/josue-duverger/524702
284,11,HAI,Haiti,C,CONCACAF,24,DF,Wilguens Paugain,2001-08-24,24,8,0,False,SV Zulte Waregem,Belgium,Belgian Pro League,,Right,,24,,1281,1,0,1,0,,,Belgian Pro League,,,,,,medium,Regular right-back for Zulte Waregem; scored once in 2025/26,https://www.fotmob.com/players/1394254/wilguens-paugain ; https://fbref.com/en/players/4385ee98/Wilguens-Paugain
285,11,HAI,Haiti,C,CONCACAF,25,MF,Dominique Simon,2000-07-29,25,2,0,False,1. FC Tatran Prešov,Slovakia,Slovak First Football League,,,,,,979,1,1,1,0,,,Slovak First Football League,,,,,,medium,"On a season-long loan at Tatran Prešov from 22 August 2025; 979 minutes, 1 goal, 1 assist",https://www.fotmob.com/players/1356595/dominique-simon ; https://en.wikipedia.org/wiki/Dominique_Simon
286,11,HAI,Haiti,C,CONCACAF,26,MF,Woodensky Pierre,2004-12-30,21,1,0,False,Violette AC,Haiti,Ligue Haïtienne,,,,,,,,,,,,,Ligue Haïtienne (Série d'Ouverture & Série de Clôture),,,,,,low,"Only home-based player in the squad; reigning Haitian league MVP, won both 2025/26 Ligue Haïtienne titles with Violette AC. Detailed apps/goals not published",https://en.wikipedia.org/wiki/Woodensky_Pierre ; https://www.playmakerstats.com/player/woodensky-pierre/994874
287,12,SCO,Scotland,C,UEFA,1,GK,Angus Gunn,1996-01-22,30,21,0,False,Nottingham Forest,England,Premier League,196,Right,,1,0,44,0,0,0,0,0,,Premier League,,,,198,0,high,First-choice keeper at Nottingham Forest; handed No 1 shirt,https://en.wikipedia.org/wiki/Angus_Gunn ; https://www.premierleague.com/en/players/107265/angus-gunn/stats
288,12,SCO,Scotland,C,UEFA,2,DF,Aaron Hickey,2002-06-10,24,21,0,False,Brentford,England,Premier League,175,Left,16000000,21,8,684,0,0,1,0,,,Premier League,,,,,,medium,"Returned from long injury layoff, competing for starting spot",https://www.transfermarkt.us/aaron-hickey/leistungsdaten/spieler/591949/saison/2025 ; https://theanalyst.com/players/3851/aaron-hickey
289,12,SCO,Scotland,C,UEFA,3,DF,Andrew Robertson,1994-03-11,32,92,6,True,Liverpool,England,Premier League,178,Left,,36,,,3,1,,,,,"Premier League, FA Cup, EFL Cup, UEFA Champions League, FA Community Shield",,,,444,19,high,"Captain; rotated at Liverpool, announced departure at season's end",https://en.wikipedia.org/wiki/Andy_Robertson ; https://www.sportbusy.com/players/soccer/104943/
290,12,SCO,Scotland,C,UEFA,4,MF,Scott McTominay,1996-12-08,29,69,6,False,Napoli,Italy,Serie A,193,Right,,44,,,14,3,1,0,,,"Serie A, Coppa Italia, UEFA Champions League, Supercoppa Italiana",,,,335,56,high,"Key Napoli midfielder, 10 Serie A goals; reigning Serie A Player of the Year",https://en.wikipedia.org/wiki/Scott_McTominay ; https://www.sportbusy.com/players/soccer/255850/
291,12,SCO,Scotland,C,UEFA,5,DF,Grant Hanley,1991-11-20,34,67,2,False,Hibernian,Scotland,Scottish Premiership,185,Right,,26,,,0,0,,,,,"Scottish Premiership, Scottish League Cup",,,,415,14,high,"Experienced centre-back, recently back from injury",https://en.wikipedia.org/wiki/Grant_Hanley ; https://www.transfermarkt.co.uk/grant-hanley/leistungsdaten/spieler/121385
292,12,SCO,Scotland,C,UEFA,6,DF,Kieran Tierney,1997-06-05,29,55,0,False,Celtic,Scotland,Scottish Premiership,178,Left,,53,29,,6,8,,,,,"Scottish Premiership, Scottish Cup, Scottish League Cup, UEFA Champions League, UEFA Europa League",,,,,,high,Regular starter back at Celtic; most productive league season with 6 goals,https://en.wikipedia.org/wiki/Kieran_Tierney ; https://www.livescore.com/en/season-stats/kieran-tierney/31017/
293,12,SCO,Scotland,C,UEFA,7,MF,John McGinn,1994-10-18,31,85,20,False,Aston Villa,England,Premier League,178,Right,,44,,,10,,,,,,"Premier League, FA Cup, EFL Cup, UEFA Europa League",,,,563,62,high,Aston Villa club captain and Scotland's leading scorer among midfielders; led Villa to 2025-26 Europa League win,https://en.wikipedia.org/wiki/John_McGinn ; https://theanalyst.com/players/3816/john-mcginn
294,12,SCO,Scotland,C,UEFA,8,MF,Tyler Fletcher,2007-03-19,19,1,0,False,Manchester United,England,Premier League,183,Right,,2,0,,0,0,,,,,Premier League,,,,2,0,medium,Teenage prospect; late call-up replacing injured Billy Gilmour; son of Darren Fletcher; made PL debut Feb 2026,https://en.wikipedia.org/wiki/Tyler_Fletcher ; https://www.transfermarkt.us/tyler-fletcher/profil/spieler/1049911
295,12,SCO,Scotland,C,UEFA,9,FW,Lyndon Dykes,1995-10-06,30,51,10,False,Charlton Athletic,England,EFL Championship,189,Right,,20,,,3,,,0,,,EFL Championship,,,,350,63,medium,"Target-man forward; joined Charlton from Birmingham City in Jan 2026 (20 apps, 3 goals for Charlton; 21 apps, 2 goals earlier for Birmingham this season)",https://en.wikipedia.org/wiki/Lyndon_Dykes ; https://www.transfermarkt.us/lyndon-dykes/leistungsdaten/spieler/347138
296,12,SCO,Scotland,C,UEFA,10,FW,Che Adams,1996-07-13,29,46,11,False,Torino,Italy,Serie A,177,Right,,36,19,1894,8,2,,,,,"Serie A, Coppa Italia",,,,533,138,high,Regular starter and key scorer for Torino in Serie A,https://en.wikipedia.org/wiki/Ch%C3%A9_Adams ; https://theanalyst.com/players/4876/che-adams
297,12,SCO,Scotland,C,UEFA,11,MF,Ryan Christie,1995-02-22,31,67,10,False,AFC Bournemouth,England,Premier League,178,Right,,27,,986,2,0,,,,,"Premier League, EFL Cup",,,,365,55,high,"Versatile midfielder, regular for Scotland since 2017",https://en.wikipedia.org/wiki/Ryan_Christie ; https://fbref.com/en/players/26ce2263/Ryan-Christie
298,12,SCO,Scotland,C,UEFA,12,GK,Liam Kelly,1996-01-23,30,3,0,False,Rangers,Scotland,Scottish Premiership,185,Right,800000,3,,,0,0,,,,,"Scottish Cup, Scottish League Cup",,,,243,0,high,Third-choice goalkeeper; backup at Rangers,"https://en.wikipedia.org/wiki/Liam_Kelly_(footballer,_born_1996) ; https://www.transfermarkt.co.uk/liam-kelly/profil/spieler/208772"
299,12,SCO,Scotland,C,UEFA,13,DF,Jack Hendry,1995-05-07,31,37,3,False,Al-Ettifaq,Saudi Arabia,Saudi Pro League,189,Right,,31,26,,1,0,,,,,"Saudi Pro League, King's Cup",,,,208,5,high,Centre-back regular for Saudi Pro League side Al-Ettifaq,"https://en.wikipedia.org/wiki/Jack_Hendry_(footballer,_born_1995) ; https://www.espn.co.uk/football/player/stats/_/id/207454/jack-hendry"
300,12,SCO,Scotland,C,UEFA,14,FW,Ross Stewart,1996-07-11,29,2,0,False,Southampton,England,EFL Championship,188,Right,,33,11,980,11,2,2,0,,,"EFL Championship, FA Cup, EFL Cup",,,,220,76,high,Recalled after four-year absence following strong scoring form at Southampton,"https://en.wikipedia.org/wiki/Ross_Stewart_(footballer,_born_1996) ; https://www.transfermarkt.co.uk/ross-stewart/leistungsdaten/spieler/447995"
301,12,SCO,Scotland,C,UEFA,15,DF,John Souttar,1996-09-25,29,23,2,False,Rangers,Scotland,Scottish Premiership,187,Right,,38,,,0,,7,0,,,"Scottish Premiership, Scottish Cup, Scottish League Cup, UEFA Champions League, UEFA Europa League",,,,366,12,high,Rangers centre-back,https://en.wikipedia.org/wiki/John_Souttar ; https://footystats.org/players/scotland/john-souttar
302,12,SCO,Scotland,C,UEFA,16,DF,Dominic Hyam,1995-12-20,30,3,0,False,Wrexham,Wales,EFL Championship,188,Right,,43,,3950,1,0,4,0,,,"EFL Championship, FA Cup",,,,391,15,high,Reliable centre-back at Wrexham; caps corrected from 37 to 3 (Scotland senior caps),https://en.wikipedia.org/wiki/Dominic_Hyam ; https://www.sofascore.com/football/player/dominic-hyam/802719
303,12,SCO,Scotland,C,UEFA,17,MF,Ben Gannon-Doak,2005-11-11,20,13,1,False,AFC Bournemouth,England,Premier League,175,Right,,9,0,,0,,,,,,"Premier League, EFL Cup",,,,45,3,high,"Young winger, former Liverpool prospect; caps corrected from 3 to 13",https://en.wikipedia.org/wiki/Ben_Gannon-Doak ; https://www.premierleague.com/en/players/496208/ben-gannon-doak/stats
304,12,SCO,Scotland,C,UEFA,18,FW,George Hirst,1999-02-15,27,9,1,False,Ipswich Town,England,EFL Championship,191,Right,,44,,2106,11,3,6,0,,,"EFL Championship, FA Cup, EFL Cup",,,,248,52,high,Striker at Ipswich Town; switched from England youth; caps corrected from 8 to 9,https://en.wikipedia.org/wiki/George_Hirst_(footballer) ; https://fbref.com/en/players/78e87179/George-Hirst
305,12,SCO,Scotland,C,UEFA,19,MF,Lewis Ferguson,1999-08-24,26,23,1,False,Bologna,Italy,Serie A,179,Right,,45,17,1596,1,0,,,,,"Serie A, Coppa Italia, UEFA Europa League, Supercoppa Italiana",,,,251,42,high,Bologna club captain; played a full season after returning from injury; scored first Scotland goal vs Greece,https://en.wikipedia.org/wiki/Lewis_Ferguson ; https://fbref.com/en/players/ee64a822/Lewis-Ferguson
306,12,SCO,Scotland,C,UEFA,20,FW,Lawrence Shankland,1995-08-10,30,19,6,False,Heart of Midlothian,Scotland,Scottish Premiership,183,Right,,34,,,20,3,,,,,"Scottish Premiership, Scottish Cup, Scottish League Cup",,,,,191,high,"Hearts captain and prolific scorer, 20 goals this season; signed for Rangers at season's end",https://en.wikipedia.org/wiki/Lawrence_Shankland ; https://www.transfermarkt.co.uk/lawrence-shankland/leistungsdaten/spieler/225744
307,12,SCO,Scotland,C,UEFA,21,GK,Craig Gordon,1982-12-31,43,84,0,False,Heart of Midlothian,Scotland,Scottish Premiership,193,Right,,3,2,225,0,0,,,2,2,Scottish Premiership,,,,502,0,high,Veteran tipped to start despite injury-hit season; set to be among oldest WC players ever; caps updated to 84,https://en.wikipedia.org/wiki/Craig_Gordon ; https://footystats.org/players/scotland/craig-gordon
308,12,SCO,Scotland,C,UEFA,22,DF,Nathan Patterson,2001-10-16,24,26,1,False,Everton,England,Premier League,184,Right,,8,,,0,,,,,,"Premier League, FA Cup",,,,100,2,high,"Right-back, limited Premier League minutes at Everton; intl goals corrected from 0 to 1",https://en.wikipedia.org/wiki/Nathan_Patterson_(footballer) ; https://www.premierleague.com/en/players/243571/nathan-patterson/stats
309,12,SCO,Scotland,C,UEFA,23,MF,Kenny McLean,1992-01-08,34,57,3,False,Norwich City,England,EFL Championship,183,Left,,45,,,3,,,,,,"EFL Championship, FA Cup, EFL Cup",,,,643,65,high,Norwich captain; scored qualification-clinching halfway-line goal vs Denmark; caps updated to 57,https://en.wikipedia.org/wiki/Kenny_McLean ; https://fbref.com/en/players/471f16b3/Kenny-McLean
310,12,SCO,Scotland,C,UEFA,24,DF,Anthony Ralston,1998-11-29,27,25,0,False,Celtic,Scotland,Scottish Premiership,182,Right,,35,,,1,,,,,,"Scottish Premiership, Scottish Cup, Scottish League Cup, UEFA Champions League, UEFA Europa League",,,,154,9,high,Utility full-back at Celtic,https://en.wikipedia.org/wiki/Anthony_Ralston ; https://fbref.com/en/players/56208b05/Anthony-Ralston
311,12,SCO,Scotland,C,UEFA,25,MF,Findlay Curtis,2006-06-09,20,2,1,False,Kilmarnock,Scotland,Scottish Premiership,180,,,14,,,5,,,,,,Scottish Premiership (loan from Rangers; also 21 apps/3 goals for Rangers earlier this season),,,,,,high,"Teenager on loan at Kilmarnock from Rangers; scored 5 in 14 league games; caps corrected to 2, DOB/height filled",https://en.wikipedia.org/wiki/Findlay_Curtis ; https://kilmarnockfc.co.uk/news/findlay-curtis-joins-on-loan-until-end-of-season/
312,12,SCO,Scotland,C,UEFA,26,DF,Scott McKenna,1996-11-12,29,50,1,False,Dinamo Zagreb,Croatia,HNL,188,Left,,42,,2627,2,3,3,,,,"HNL, Croatian Cup, UEFA Europa League",,,,343,11,high,"Centre-back; won Croatian league and cup double with Dinamo Zagreb this season; caps updated to 50, intl goals to 1",https://en.wikipedia.org/wiki/Scott_McKenna ; https://www.sofascore.com/football/player/scott-mckenna/358108
313,13,USA,USA,D,CONCACAF,1,GK,Matt Turner,1994-06-24,31,54,0,False,New England Revolution,USA,Major League Soccer,191,Right,,14,14,,0,0,,,3,,Major League Soccer,8,1,5,193,0,medium,First-choice goalkeeper,https://en.wikipedia.org/wiki/Matt_Turner_(soccer) ; https://www.revolutionsoccer.net/players/matt-turner/
314,13,USA,USA,D,CONCACAF,2,DF,Sergiño Dest,2000-11-03,25,39,3,False,PSV Eindhoven,Netherlands,Eredivisie,173,Right,,38,,,2,,,,,,"Eredivisie, KNVB Cup, UEFA Champions League, Johan Cruyff Shield",,,,159,6,high,Attacking right-back,https://en.wikipedia.org/wiki/Sergi%C3%B1o_Dest
315,13,USA,USA,D,CONCACAF,3,DF,Chris Richards,2000-03-28,26,36,3,False,Crystal Palace,England,Premier League,185,Right,,50,,,2,,,,,,"Premier League, FA Cup, EFL Cup, UEFA Conference League, FA Community Shield",,,,165,8,high,Regular starting centre-back,https://en.wikipedia.org/wiki/Chris_Richards_(soccer)
316,13,USA,USA,D,CONCACAF,4,MF,Tyler Adams,1999-02-14,27,54,2,False,AFC Bournemouth,England,Premier League,175,Right,,26,,,2,,,,,,"Premier League, EFL Cup",,,,310,7,high,Defensive midfield anchor,https://en.wikipedia.org/wiki/Tyler_Adams
317,13,USA,USA,D,CONCACAF,5,DF,Antonee Robinson,1997-08-08,28,54,5,False,Fulham,England,Premier League,183,Left,,26,,,1,,,,,,"Premier League, FA Cup, EFL Cup",,,,317,5,high,First-choice left-back,https://en.wikipedia.org/wiki/Antonee_Robinson
318,13,USA,USA,D,CONCACAF,6,DF,Auston Trusty,1998-08-12,27,7,0,False,Celtic,Scotland,Scottish Premiership,188,Left,,32,,,2,,,,,,"Scottish Premiership, Scottish Cup, Scottish League Cup, UEFA Europa League",,,,275,8,high,Left-sided centre-back,https://en.wikipedia.org/wiki/Auston_Trusty
319,13,USA,USA,D,CONCACAF,7,MF,Gio Reyna,2002-11-13,23,37,9,False,Borussia Mönchengladbach,Germany,Bundesliga,185,Left,,19,,,1,,,,,,Bundesliga,,,,133,16,high,Attacking midfielder,https://en.wikipedia.org/wiki/Gio_Reyna
320,13,USA,USA,D,CONCACAF,8,MF,Weston McKennie,1998-08-28,27,66,12,False,Juventus,Italy,Serie A,185,Right,,48,,,9,8,6,,,,"Serie A, Coppa Italia, UEFA Champions League",,,,266,20,high,Box-to-box midfielder,https://en.wikipedia.org/wiki/Weston_McKennie ; https://www.sportbusy.com/players/soccer/256715/
321,13,USA,USA,D,CONCACAF,9,FW,Ricardo Pepi,2003-01-09,23,36,13,False,PSV Eindhoven,Netherlands,Eredivisie,185,Right,,34,,,19,,,,,,"Eredivisie, KNVB Cup, UEFA Champions League, Johan Cruyff Shield",,,,185,71,high,Centre-forward,https://en.wikipedia.org/wiki/Ricardo_Pepi
322,13,USA,USA,D,CONCACAF,10,FW,Christian Pulisic,1998-09-18,27,85,33,False,AC Milan,Italy,Serie A,177,Right,40000000,34,,,10,4,,,,,"Serie A, Coppa Italia, UEFA Champions League",,,,406,87,high,"Star winger, leading scorer",https://en.wikipedia.org/wiki/Christian_Pulisic ; https://www.transfermarkt.us/christian-pulisic/leistungsdaten/spieler/315779
323,13,USA,USA,D,CONCACAF,11,MF,Brenden Aaronson,2000-10-22,25,57,9,False,Leeds United,England,Premier League,178,Right,,42,,,4,,,,,,"Premier League, FA Cup, EFL Cup",,,,267,33,high,Attacking midfielder/winger,https://en.wikipedia.org/wiki/Brenden_Aaronson
324,13,USA,USA,D,CONCACAF,12,DF,Miles Robinson,1997-03-14,29,40,3,False,FC Cincinnati,USA,Major League Soccer,188,Right,,36,,,1,,,,,,"Major League Soccer, MLS Cup Playoffs, CONCACAF Champions Cup, Leagues Cup",,,,209,7,high,Regular starting centre-back,https://en.wikipedia.org/wiki/Miles_Robinson_(soccer)
325,13,USA,USA,D,CONCACAF,13,DF,Tim Ream,1987-10-05,38,82,1,True,Charlotte FC,USA,Major League Soccer,185,Left,,34,,,0,,,,,,"Major League Soccer, U.S. Open Cup, MLS Cup Playoffs",,,,559,7,high,"Veteran captain, experienced centre-back",https://en.wikipedia.org/wiki/Tim_Ream
326,13,USA,USA,D,CONCACAF,14,MF,Sebastian Berhalter,2001-06-30,24,12,1,False,Vancouver Whitecaps,Canada,Major League Soccer,180,Right,,47,,,8,,,,,,"Major League Soccer, MLS Cup Playoffs, Canadian Championship, CONCACAF Champions Cup",,,,195,20,high,Central midfielder,https://en.wikipedia.org/wiki/Sebastian_Berhalter
327,13,USA,USA,D,CONCACAF,15,MF,Cristian Roldan,1995-06-03,31,46,0,False,Seattle Sounders,USA,Major League Soccer,173,Right,,46,,,2,,,,,,"Major League Soccer, MLS Cup Playoffs, CONCACAF Champions Cup, FIFA Club World Cup",,,,320,41,high,Experienced midfielder,https://en.wikipedia.org/wiki/Cristian_Roldan
328,13,USA,USA,D,CONCACAF,16,DF,Alex Freeman,2004-08-20,21,15,2,False,Villarreal,Spain,La Liga,183,Right,,13,3,,0,0,,,,,La Liga,,,,,,medium,Emerging right-back,https://en.wikipedia.org/wiki/Alex_Freeman ; https://www.espn.com/soccer/player/_/id/248276/alex-freeman
329,13,USA,USA,D,CONCACAF,17,MF,Malik Tillman,2002-05-28,24,29,3,False,Bayer Leverkusen,Germany,Bundesliga,187,Right,,41,,,8,,,,,,"Bundesliga, DFB-Pokal, UEFA Champions League",,,,141,46,high,Attacking midfielder,https://en.wikipedia.org/wiki/Malik_Tillman
330,13,USA,USA,D,CONCACAF,18,DF,Max Arfsten,2000-09-25,25,19,1,False,Columbus Crew,USA,Major League Soccer,180,Left,,29,29,,4,6,,,,,"Major League Soccer (regular season; also 3 playoff apps, Leagues Cup)",,,,84,13,medium,Left wing-back option,https://en.wikipedia.org/wiki/Max_Arfsten ; https://www.columbuscrew.com/players/maximilian-arfsten/
331,13,USA,USA,D,CONCACAF,19,FW,Haji Wright,1998-03-27,28,20,7,False,Coventry City,England,Championship,191,Right,,43,,,18,,,,,,"EFL Championship, FA Cup, EFL Cup",,,,296,110,high,Target forward,https://en.wikipedia.org/wiki/Haji_Wright
332,13,USA,USA,D,CONCACAF,20,FW,Folarin Balogun,2001-07-03,24,26,9,False,Monaco,France,Ligue 1,178,Right,,43,,,19,4,,,,,"Ligue 1, Coupe de France, UEFA Champions League",,,,166,61,high,Centre-forward,https://en.wikipedia.org/wiki/Folarin_Balogun
333,13,USA,USA,D,CONCACAF,21,FW,Timothy Weah,2000-02-22,26,50,7,False,Olympique Marseille,France,Ligue 1,185,Right,,41,,,3,,,,,,"Ligue 1, Coupe de France, UEFA Champions League, Trophée des Champions",,,,212,21,high,Winger,https://en.wikipedia.org/wiki/Timothy_Weah
334,13,USA,USA,D,CONCACAF,22,DF,Mark McKenzie,1999-02-25,27,27,0,False,Toulouse,France,Ligue 1,185,Right,,24,,1997,0,1,6,0,,,Ligue 1,,,,,,medium,Regular starting centre-back,https://www.espn.com/soccer/player/stats/_/id/77072/mark-mckenzie ; https://footystats.org/players/usa/mark-mckenzie
335,13,USA,USA,D,CONCACAF,23,DF,Joe Scally,2002-12-31,23,25,0,False,Borussia Mönchengladbach,Germany,Bundesliga,184,Right,,34,,,2,,,,,,"Bundesliga, DFB-Pokal",,,,172,5,high,Versatile full-back,https://en.wikipedia.org/wiki/Joe_Scally
336,13,USA,USA,D,CONCACAF,24,GK,Matt Freese,1998-09-09,27,15,0,False,New York City FC,USA,Major League Soccer,191,Right,,39,,,0,0,,,8,44,"Major League Soccer, MLS Cup Playoffs, Leagues Cup",,,,134,0,high,Regular starter for NYCFC,https://en.wikipedia.org/wiki/Matt_Freese ; https://www.hudsonriverblue.com/2025-final-grade-matt-freese/
337,13,USA,USA,D,CONCACAF,25,GK,Chris Brady,2004-01-27,22,1,0,False,Chicago Fire,USA,Major League Soccer,191,Right,,33,,,0,0,,,,,"Major League Soccer, U.S. Open Cup, MLS Cup Playoffs",,,,136,0,high,Young backup keeper,https://en.wikipedia.org/wiki/Chris_Brady_(soccer)
338,13,USA,USA,D,CONCACAF,26,FW,Alejandro Zendejas,1998-02-07,28,14,2,False,Club América,Mexico,Liga MX,173,Left,,28,,,12,7,,,,,Liga MX (Apertura 2025 + Clausura 2026),,,,224,49,medium,Winger,https://en.wikipedia.org/wiki/Alejandro_Zendejas ; https://statz.ai/player/alex-zendejas/255002
339,14,PAR,Paraguay,D,CONMEBOL,1,GK,Gatito Fernández,1988-03-29,38,31,0,False,Cerro Porteño,Paraguay,Primera División,191,,,20,,,0,0,,,,,"Primera División (Apertura/Clausura), Copa Paraguay, Copa Libertadores",,,,497,0,high,,https://en.wikipedia.org/wiki/Gatito_Fern%C3%A1ndez
340,14,PAR,Paraguay,D,CONMEBOL,2,DF,Gustavo Velázquez,1991-04-17,35,13,1,False,Cerro Porteño,Paraguay,Primera División,179,Right,,36,,,2,0,9,1,,,Primera División (Copa de Primera 2025),,,,,,medium,Regular right centre-back; 9 yellow cards in the 2025 Paraguayan league season,https://www.livescore.com/en/season-stats/gustavo%20velazquez/24722/ ; https://www.espn.com/soccer/player/_/id/119413/gustavo-velazquez
341,14,PAR,Paraguay,D,CONMEBOL,3,DF,Omar Alderete,1996-12-26,29,36,3,False,Sunderland,England,Premier League,188,Left,16500000,34,33,2798,1,1,,,,,"Premier League, EFL Cup",,,,296,11,high,Regular starter at centre-back in the Premier League; scored first Sunderland goal vs Nottingham Forest,https://en.wikipedia.org/wiki/Omar_Alderete ; https://www.livescore.com/en/season-stats/omar-alderete/18726/
342,14,PAR,Paraguay,D,CONMEBOL,4,DF,Juan José Cáceres,2000-06-01,26,17,0,False,Dynamo Moscow,Russia,Russian Premier League,,,,24,,2062,1,6,,,,,"Russian Premier League, Russian Cup",,,,,,medium,Right-back/centre-back with strong assist output (6) in 2025-26,https://www.transfermarkt.us/juan-jose-caceres/profil/spieler/756494 ; https://en.wikipedia.org/wiki/Juan_Jos%C3%A9_C%C3%A1ceres
343,14,PAR,Paraguay,D,CONMEBOL,5,DF,Fabián Balbuena,1991-08-23,34,48,2,False,Grêmio,Brazil,Série A,188,Right,,3,,226,1,0,,,,,Série A,,,,502,36,medium,Joined Grêmio in July 2025; limited minutes early in the campaign,https://en.wikipedia.org/wiki/Fabi%C3%A1n_Balbuena ; https://footystats.org/players/paraguay/fabian-balbuena
344,14,PAR,Paraguay,D,CONMEBOL,6,DF,Júnior Alonso,1993-02-09,33,71,3,False,Atlético Mineiro,Brazil,Série A,185,Left,1500000,23,,1973,0,1,,,,,"Série A, Copa Sudamericana",,,,550,20,medium,Centre-back/left-back; 16 Série A and 7 Copa Sudamericana apps in 2025,https://en.wikipedia.org/wiki/J%C3%BAnior_Alonso ; https://www.sofascore.com/player/junior-alonso/333275 ; https://www.transfermarkt.us/junior-alonso/leistungsdaten/spieler/273000
345,14,PAR,Paraguay,D,CONMEBOL,7,MF,Ramón Sosa,1999-08-31,26,29,1,False,Palmeiras,Brazil,Série A,178,Right,,31,,,4,,,,,,"Série A, Copa Libertadores, Copa do Brasil",,,,228,39,high,"Left winger; 31 apps / 4 goals in 2025, signed from Nottingham Forest",https://en.wikipedia.org/wiki/Ram%C3%B3n_Sosa ; https://www.transfermarkt.co.in/ramon-sosa/leistungsdaten/spieler/745191
346,14,PAR,Paraguay,D,CONMEBOL,8,MF,Diego Gómez,2003-03-27,23,24,3,False,Brighton & Hove Albion,England,Premier League,183,,25000000,32,26,2137,5,1,9,,,,"Premier League, EFL Cup, FA Cup",,,,,,high,Five Premier League goals in 2025-26; second-top league scorer and key midfielder,https://www.sportbusy.com/players/soccer/192278/ ; https://www.livescore.com/en/season-stats/diego-gomez/45865/
347,14,PAR,Paraguay,D,CONMEBOL,9,FW,Antonio Sanabria,1996-03-04,30,48,7,False,Cremonese,Italy,Serie A,188,Right,,24,10,941,1,1,2,0,,,"Serie A, Coppa Italia",,,,,,high,Joined from Torino in August 2025; modest output (1 goal vs Lecce in December),https://www.livescore.com/en/season-stats/antonio-sanabria/15982/ ; https://en.wikipedia.org/wiki/Antonio_Sanabria
348,14,PAR,Paraguay,D,CONMEBOL,10,MF,Miguel Almirón,1994-02-10,32,76,10,False,Atlanta United,United States,Major League Soccer,174,Right,10000000,31,31,,6,7,,,,,Major League Soccer,,,,,,high,Team leader with 13 goal contributions in 2025 MLS season; started all 31 league games,https://en.wikipedia.org/wiki/Miguel_Almir%C3%B3n ; https://www.atlutd.com/players/miguel-almiron/
349,14,PAR,Paraguay,D,CONMEBOL,11,MF,Maurício,2001-06-22,24,3,0,False,Palmeiras,Brazil,Série A,175,Right,15000000,,,,,,,,,,"Série A, Copa Libertadores, Campeonato Paulista",,,,,,low,Attacking midfielder; 84 apps / 14 goals total for Palmeiras since July 2024; switched allegiance to Paraguay Feb 2026,"https://en.wikipedia.org/wiki/Maur%C3%ADcio_(footballer,_born_2001) ; https://www.transfermarkt.us/mauricio/leistungsdaten/spieler/678439"
350,14,PAR,Paraguay,D,CONMEBOL,12,GK,Orlando Gill,2000-06-11,26,6,0,False,San Lorenzo,Argentina,Primera División,,,,11,11,1380,0,0,,,6,11,Primera División (Liga Profesional Apertura),,,,,0,medium,Starting goalkeeper; 38 saves and 6 clean sheets in the 2026 Apertura,https://www.livescore.com/en/season-stats/orlando-gill/81208/ ; https://www.transfermarkt.us/orlando-gill/leistungsdaten/spieler/643259
351,14,PAR,Paraguay,D,CONMEBOL,13,DF,José Canale,1996-07-20,29,2,0,False,Lanús,Argentina,Primera División,,,1200000,,,,0,0,,,,,"Primera División, Copa Sudamericana",,,,,,low,"Centre-back, squad rotation option; limited minutes in 2025-26",https://www.livescore.com/en/season-stats/jose-canale/37946/ ; https://www.espn.com/soccer/player/stats/_/id/227682/jose-canale
352,14,PAR,Paraguay,D,CONMEBOL,14,MF,Andrés Cubas,1996-05-11,30,33,0,False,Vancouver Whitecaps,Canada,Major League Soccer,,,,41,37,,0,2,,,,,"Major League Soccer, MLS Cup Playoffs, CONCACAF Champions Cup, Leagues Cup",,,,,,medium,"Defensive midfielder; started 37 of 41 apps in 2025, led team in tackles and interceptions",https://www.mlssoccer.com/players/andres-cubas/ ; https://www.whitecapsfc.com/players/andres-cubas/stats/
353,14,PAR,Paraguay,D,CONMEBOL,15,DF,Gustavo Gómez,1993-05-06,33,89,4,True,Palmeiras,Brazil,Série A,185,Right,5000000,,,,,,,,,,"Série A, Copa Libertadores, Campeonato Paulista",,,,,,low,Captain and centre-back leader; most-capped player in the squad,https://en.wikipedia.org/wiki/Gustavo_G%C3%B3mez
354,14,PAR,Paraguay,D,CONMEBOL,16,MF,Damián Bobadilla,2001-07-11,24,19,1,False,São Paulo,Brazil,Série A,,,,,,,2,2,,,,,"Série A, Copa Libertadores, Copa Sudamericana, Campeonato Paulista",,,,,,low,Box-to-box midfielder; 2 goals and 2 assists across competitions in 2025 (knee injury since May 2026),https://www.sofascore.com/football/player/damian-bobadilla/1015261 ; https://www.livescore.com/en/season-stats/damian-bobadilla/37875/
355,14,PAR,Paraguay,D,CONMEBOL,17,FW,Kaku,1995-01-11,31,35,6,False,Al Ain,United Arab Emirates,UAE Pro League,,Left,,,,,,,,,,,"UAE Pro League, AFC Champions League",,,,,,low,"Attacking midfielder/winger; cornerstone of Al Ain (37 apps, 10 goals, 13 assists in 2024-25)",https://en.wikipedia.org/wiki/Kaku_(footballer) ; https://grokipedia.com/page/Kaku_(footballer)
356,14,PAR,Paraguay,D,CONMEBOL,18,FW,Álex Arce,1995-06-16,30,15,1,False,Independiente Rivadavia,Argentina,Primera División,,,,,,,,,,,,,"Primera División, Copa Libertadores, Copa Argentina",,,,65,43,low,Prolific striker; Copa Libertadores top scorer (8 goals) and Copa Argentina winner in 2025; 43 goals in 65 apps for the club,https://www.livescore.com/en/season-stats/alex%20adrian%20arce%20barrios/38422/ ; https://eleditormendoza.com.ar/deportes/sueno-mundial-la-tremenda-marca-alex-arce-independiente-rivadavia-n5390910
357,14,PAR,Paraguay,D,CONMEBOL,19,FW,Julio Enciso,2004-01-23,22,32,4,False,Strasbourg,France,Ligue 1,173,Right,25500000,27,,1893,3,6,2,0,,,"Ligue 1, UEFA Conference League, Coupe de France",,,,,,high,"Creative attacker, 3 goals and 6 assists in Ligue 1 2025-26",https://www.fotmob.com/players/1073742/julio-enciso ; https://www.livescore.com/en/season-stats/julio-enciso/33595/
358,14,PAR,Paraguay,D,CONMEBOL,20,MF,Braian Ojeda,2000-06-27,25,17,0,False,Orlando City,United States,Major League Soccer,,,,14,14,1251,0,1,,,,,"Major League Soccer, U.S. Open Cup",,,,,,medium,Joined Orlando City Jan 2026 from Real Salt Lake; started all matches since arrival,https://en.wikipedia.org/wiki/Braian_Ojeda ; https://www.mlssoccer.com/players/braian-ojeda/stats/
359,14,PAR,Paraguay,D,CONMEBOL,21,FW,Gabriel Ávalos,1990-10-12,35,23,2,False,Independiente,Argentina,Primera División,188,,750000,,,,12,,,,,,"Primera División, Copa Sudamericana, Copa Argentina",,,,96,26,medium,"Top scorer of Argentine football since 2025; 12 league goals in 2025, 4 in 8 games early 2026",https://www.locoxelrojo.com/independiente/2026/03/01/avalos-el-maximo-goleador-del-futbol-argentino-desde-2025/ ; https://www.transfermarkt.us/gabriel-avalos/leistungsdaten/spieler/358418
360,14,PAR,Paraguay,D,CONMEBOL,22,GK,Gastón Olveira,1993-04-21,33,1,0,False,Olimpia,Paraguay,Primera División,,,,8,8,720,0,0,2,,,,Primera División (División Profesional),,,,,0,low,Goalkeeper; 720 minutes and 2 yellow cards in the 2026 Paraguayan league season,https://www.livescore.com/en/season-stats/gaston-olveira/37967/ ; https://www.fotmob.com/players/495193/gaston-olveira
361,14,PAR,Paraguay,D,CONMEBOL,23,MF,Matías Galarza,2002-02-11,24,15,3,False,Atlanta United,United States,Major League Soccer,,,,10,8,,,,,,,,"Major League Soccer, U.S. Open Cup",,,,,,low,On loan at Atlanta United from River Plate; 10 apps and 8 starts since arriving early 2026,https://www.fivestripefinal.com/p/midfielder-matias-galarza-departs ; https://en.wikipedia.org/wiki/Mat%C3%ADas_Galarza_(Paraguayan_footballer)
362,14,PAR,Paraguay,D,CONMEBOL,24,MF,Gustavo Caballero,2001-09-21,24,2,1,False,Portsmouth,England,EFL Championship,,,,11,,761,1,0,1,0,,,EFL Championship,,,,,,high,On loan at Portsmouth from Feb 2026; scored first goal vs Millwall,https://www.fotmob.com/players/1347933/gustavo-caballero ; https://en.wikipedia.org/wiki/Gustavo_Caballero
363,14,PAR,Paraguay,D,CONMEBOL,25,FW,Isidro Pitta,1999-08-14,26,5,0,False,Red Bull Bragantino,Brazil,Série A,183,Right,7500000,,13,,5,2,,,,,"Série A, Copa Sudamericana",,,,,,medium,Centre-forward; 5 goals and 2 assists with 13 starts in the 2025 Série A season,https://www.livescore.com/en/season-stats/isidro-pitta/5910/ ; https://www.transfermarkt.us/isidro-pitta/leistungsdaten/spieler/675178 ; https://www.espn.com/soccer/player/_/id/287035/isidro-pitta
364,14,PAR,Paraguay,D,CONMEBOL,26,DF,Alexandro Maidana,2005-07-26,20,2,1,False,Talleres,Argentina,Primera División,178,Left,,,,90,0,0,1,,,,Primera División (Liga Profesional Apertura),,,,,,low,Young left-back; joined Talleres Feb 2026 after debut season at Guaraní,https://en.wikipedia.org/wiki/Alexandro_Maidana ; https://www.fotmob.com/players/1736527/alexandro-maidana
365,15,AUS,Australia,D,AFC,1,GK,Mathew Ryan,1992-04-08,34,104,0,True,Levante,Spain,La Liga,184,Right,1800000,36,36,3240,0,0,4,0,9,50,La Liga,,,,,0,high,First-choice keeper and captain,https://www.livescore.com/en/season-stats/mathew-ryan/18633/ ; https://www.transfermarkt.us/mathew-ryan/profil/spieler/128969
366,15,AUS,Australia,D,AFC,2,DF,Milos Degenek,1994-04-28,32,56,1,False,APOEL,Cyprus,Cypriot First Division,186,Right,,,,452,1,0,2,0,,,Cypriot First Division,,,,,,medium,Joined APOEL January 2026,https://www.sofascore.com/football/player/milos-degenek/155961 ; https://www.transfermarkt.us/milos-degenek/profil/spieler/187353
367,15,AUS,Australia,D,AFC,3,DF,Alessandro Circati,2003-10-10,22,12,1,False,Parma,Italy,Serie A,191,Right,12000000,31,,2664,1,0,6,0,,,Serie A,,,,,,high,,https://www.fotmob.com/players/1318686/alessandro-circati ; https://www.transfermarkt.us/alessandro-circati/leistungsdaten/spieler/867137
368,15,AUS,Australia,D,AFC,4,DF,Jacob Italiano,2001-07-30,24,4,0,False,Grazer AK,Austria,Austrian Bundesliga,,Left,,24,,2057,4,0,,,,,Austrian Bundesliga,,,,,,high,Standout performer for Grazer AK,https://www.fotmob.com/teams/10012/overview/grazer-ak ; https://fbref.com/en/players/2eb0ee9a/Jacob-Italiano
369,15,AUS,Australia,D,AFC,5,DF,Jordan Bos,2002-10-29,23,26,4,False,Feyenoord,Netherlands,Eredivisie,185,Left,12000000,28,,2058,4,7,,,,,Eredivisie (league only; also featured in KNVB Beker and UEFA competition),,,,,,high,Starting left-back,https://www.livescore.com/en/season-stats/jordan-bos/31097/ ; https://www.transfermarkt.us/jordan-bos/profil/spieler/855731
370,15,AUS,Australia,D,AFC,6,DF,Jason Geria,1993-05-10,33,13,0,False,Albirex Niigata,Japan,J1 League,,Right,,22,,1428,0,0,,,,,J1 League (2025 season),,,,,,high,,https://www.jleague.co/players/4471/JASON-GERIA/ ; https://fbref.com/en/players/cd494a8d/Jason-Geria
371,15,AUS,Australia,D,AFC,7,FW,Mathew Leckie,1991-02-04,35,79,14,False,Melbourne City,Australia,A-League Men,181,Right,,6,,238,0,1,,,,,A-League Men,,,,,,medium,"Veteran attacker, fourth World Cup; limited minutes in 2025/26",https://footystats.org/players/australia/mathew-leckie ; https://www.sofascore.com/football/player/mathew-leckie/122570
372,15,AUS,Australia,D,AFC,8,MF,Connor Metcalfe,1999-11-05,26,35,1,False,FC St. Pauli,Germany,Bundesliga,184,Right,,25,,,0,2,2,0,,,Bundesliga,,,,,,high,,https://www.bundesliga.com/en/player/connor-metcalfe ; https://www.sofascore.com/player/connor-metcalfe/888854
373,15,AUS,Australia,D,AFC,9,FW,Mohamed Toure,2004-03-26,22,9,2,False,Norwich City,England,EFL Championship,186,Right,,12,,595,10,3,2,0,,,"EFL Championship, FA Cup",,,,132,38,high,Explosive debut half-season; 9 league goals in 11 Championship apps,"https://en.wikipedia.org/wiki/Mohamed_Tour%C3%A9_(soccer,_born_2004) ; https://www.pinkun.com/sport/norwich-city/26139863.mohamed-toures-norwich-city-report-card-2025-26/"
374,15,AUS,Australia,D,AFC,10,MF,Ajdin Hrustic,1996-07-05,29,37,4,False,Heracles Almelo,Netherlands,Eredivisie,183,Left,,26,24,,1,6,,,,,Eredivisie,,,,,,high,Heracles Almelo relegated in 2025/26,https://www.kicker.de/ajdin-hrustic/spieler ; https://www.transfermarkt.us/ajdin-hrustic/leistungsdaten/spieler/265625
375,15,AUS,Australia,D,AFC,11,FW,Awer Mabil,1995-09-15,30,38,10,False,CD Castellon,Spain,Segunda Division,178,Right,,,,,,,,,,,Segunda Division,,,,,,low,"Reported ~30 official matches, 1 goal, 9 assists since Jan 2025 (spans two seasons; 2025/26-only split unverified)",https://www.cdcastellon.com/awer-mabil-nuevo-jugador-del-cd-castellon/ ; https://es.besoccer.com/jugador/A-Mabil-196468
376,15,AUS,Australia,D,AFC,12,GK,Paul Izzo,1995-01-06,31,4,0,False,Randers,Denmark,Danish Superliga,188,Right,,19,19,1710,0,0,,,7,,Danish Superliga,,,,,0,high,Backup goalkeeper,https://footystats.org/players/australia/paul-izzo ; https://www.flashscore.com/player/izzo-paul/v5z7HY7j/
377,15,AUS,Australia,D,AFC,13,MF,Aiden O'Neill,1998-07-04,27,30,0,False,New York City FC,United States,Major League Soccer,182,Right,,27,24,2112,0,,,,,,Major League Soccer (2025 season),,,,,,medium,NYCFC reached Eastern Conference Final in 2025,https://www.hudsonriverblue.com/2025-final-grade-aiden-oneill/ ; https://www.transfermarkt.us/aiden-oneill/leistungsdaten/spieler/385918
378,15,AUS,Australia,D,AFC,14,MF,Cameron Devlin,1998-06-07,28,4,0,False,Heart of Midlothian,Scotland,Scottish Premiership,173,Right,,25,,2232,1,0,5,0,,,Scottish Premiership,,,,,,high,,https://www.fotmob.com/players/970544/cameron-devlin ; https://www.whoscored.com/players/425105/show/cameron-devlin
379,15,AUS,Australia,D,AFC,15,DF,Kai Trewin,2001-05-18,25,5,0,False,New York City FC,United States,Major League Soccer,183,Right,,18,,1256,1,2,,,,,"Major League Soccer, US Open Cup (2026 season)",,,,,,medium,Joined NYCFC from Melbourne City in Jan 2026; near ever-present starter,https://www.sofascore.com/football/player/kai-trewin/991364 ; https://www.transfermarkt.us/kai-trewin/profil/spieler/691326
380,15,AUS,Australia,D,AFC,16,DF,Aziz Behich,1990-12-16,35,83,3,False,Melbourne City,Australia,A-League Men,169,Left,,,,1710,2,1,4,0,,,A-League Men,,,,,,medium,"Experienced left-back, third World Cup; 2025 PFA Men's Footballer of the Year",https://www.fotmob.com/players/192735/aziz-behich ; https://melbournecityfc.com.au/player/aziz-behich/
381,15,AUS,Australia,D,AFC,17,FW,Nestory Irankunda,2006-02-09,20,14,5,False,Watford,England,EFL Championship,175,Left,,40,,2031,4,4,12,1,,,EFL Championship,,,,,,high,"Permanent signing from Bayern Munich, July 2025",https://www.transfermarkt.us/nestory-irankunda/leistungsdaten/spieler/956920 ; https://en.wikipedia.org/wiki/Nestory_Irankunda
382,15,AUS,Australia,D,AFC,18,GK,Patrick Beach,2003-08-06,22,1,0,False,Melbourne City,Australia,A-League Men,,Right,,,,,,,,,,,A-League Men,,,,,0,low,Third-choice goalkeeper,https://melbournecityfc.com.au/
383,15,AUS,Australia,D,AFC,19,DF,Harry Souttar,1998-10-22,27,37,11,False,Leicester City,England,EFL Championship,198,Right,3800000,2,2,178,1,0,,,,,EFL Championship,,,,,,high,"Towering centre-back; returned from long Achilles injury, started final 2 league games and scored; Leicester relegated",https://www.fotmob.com/players/671518/harry-souttar ; https://aleagues.com.au/news/socceroos-harry-souttar-leicester-city-championship-news/
384,15,AUS,Australia,D,AFC,20,FW,Cristian Volpato,2003-11-15,22,0,0,False,Sassuolo,Italy,Serie A,183,Right,,24,11,1062,2,4,4,0,,,Serie A,,,,,,high,"Uncapped, switched allegiance from Italy",https://www.livescore.com/en/season-stats/cristian-volpato/16220/ ; https://www.fotmob.com/players/1308909/cristian-volpato
385,15,AUS,Australia,D,AFC,21,DF,Cameron Burgess,1995-10-21,30,26,0,False,Swansea City,Wales,EFL Championship,193,Left,,32,,,0,0,7,0,9,,EFL Championship,,,,,,high,,https://footystats.org/players/australia/cameron-burgess ; https://fbref.com/en/players/da61ca98/Cameron-Burgess
386,15,AUS,Australia,D,AFC,22,MF,Jackson Irvine,1993-03-07,33,81,14,False,FC St. Pauli,Germany,Bundesliga,188,Right,1500000,24,,,0,1,,,,,Bundesliga,,,,,,high,"Midfield leader, third World Cup; missed early season after foot surgery",https://www.bundesliga.com/en/player/jackson-irvine ; https://www.transfermarkt.us/jackson-irvine/leistungsdaten/spieler/192557
387,15,AUS,Australia,D,AFC,23,FW,Nishan Velupillay,2001-05-07,25,7,3,False,Melbourne Victory,Australia,A-League Men,,Right,,,,1383,4,1,1,0,,,A-League Men,,,,,,medium,Strong 2025/26 form earned World Cup call-up,https://www.fotmob.com/players/1250885/nishan-velupillay ; https://www.flashscore.com/player/velupillay-nishan/fahbBTEI/
388,15,AUS,Australia,D,AFC,24,MF,Paul Okon-Engstler,2005-01-24,21,5,0,False,Sydney FC,Australia,A-League Men,,Right,,23,,1933,0,2,6,0,,,A-League Men,,,,,,high,First full professional season; son of Socceroos legend Paul Okon,https://www.fotmob.com/players/1527363/paul-okon-engstler ; https://sydneyfc.com/player/paul-okon-engstler/
389,15,AUS,Australia,D,AFC,25,DF,Lucas Herrington,2007-09-05,18,3,0,False,Colorado Rapids,United States,Major League Soccer,,,,6,,540,1,0,,,,,Major League Soccer (2026 season),,,,,,high,"Teenage prospect; scored on first MLS start, Feb 2026",https://en.wikipedia.org/wiki/Lucas_Herrington ; https://burgundywave.com/2026/02/28/lucas-herrington-mls-debut-colorado-rapids/
390,15,AUS,Australia,D,AFC,26,FW,Tete Yengi,2000-11-28,25,0,0,False,FC Machida Zelvia,Japan,J1 League,197,Right,,,,166,0,0,,,,,J1 League (2026 season; minimal minutes),,,,,,low,Uncapped at selection; limited game time at Machida Zelvia,https://www.jleague.co/players/9619/YENGI/ ; https://www.sofascore.com/football/player/tete-yengi/1096517
391,16,TUR,Türkiye,D,UEFA,1,GK,Mert Günok,1989-03-01,37,37,0,False,Fenerbahçe,Türkiye,Süper Lig,197,Right,1500000,10,10,835,0,0,,,1,15,Süper Lig,,,,,,medium,Re-joined Fenerbahçe in January 2026; experienced veteran keeper,https://footystats.org/players/turkey/fehmi-mert-gunok ; https://www.transfermarkt.us/mert-gunok/profil/spieler/51894
392,16,TUR,Türkiye,D,UEFA,2,DF,Zeki Çelik,1997-02-17,29,59,3,False,AS Roma,Italy,Serie A,180,Right,9000000,34,32,2732,1,2,2,1,,,"Serie A, UEFA Europa League, Coppa Italia",,,,,,high,Regular right-back option at Roma,https://theanalyst.com/players/4458/zeki-celik ; https://www.transfermarkt.us/zeki-celik/leistungsdaten/spieler/251075
393,16,TUR,Türkiye,D,UEFA,3,DF,Merih Demiral,1998-03-05,28,61,6,False,Al-Ahli,Saudi Arabia,Saudi Pro League,190,Right,18000000,20,20,1646,2,0,5,0,,,Saudi Pro League,,,,,,medium,Starting centre-back in Saudi Pro League,https://www.fotmob.com/players/823078/merih-demiral ; https://www.transfermarkt.us/merih-demiral/leistungsdaten/spieler/340879/saison/2025
394,16,TUR,Türkiye,D,UEFA,4,DF,Çağlar Söyüncü,1996-05-23,30,59,2,False,Fenerbahçe,Türkiye,Süper Lig,187,Right,9000000,14,13,983,0,1,,,,,"Süper Lig, UEFA Europa League",,,,,,medium,Centre-back at Fenerbahçe,https://www.livescore.com/en/season-stats/caglar-soyuncu/22669/ ; https://www.transfermarkt.us/caglar-soyuncu/leistungsdaten/spieler/320141
395,16,TUR,Türkiye,D,UEFA,5,MF,Salih Özcan,1998-01-11,28,28,1,False,Borussia Dortmund,Germany,Bundesliga,182,Right,8000000,9,,73,0,0,,,,,Bundesliga,,,,,,medium,Defensive midfielder at Dortmund,https://www.livescore.com/en/season-stats/salih-ozcan/15355/ ; https://en.wikipedia.org/wiki/Salih_%C3%96zcan
396,16,TUR,Türkiye,D,UEFA,6,MF,Orkun Kökçü,2000-12-29,25,48,3,False,Beşiktaş,Türkiye,Süper Lig,177,Right,25000000,41,,3264,10,8,,,,,"Süper Lig, UEFA Europa Conference League, Turkish Cup",,,,,,high,Central midfielder and key creator at Beşiktaş,https://footystats.org/players/turkey/orkun-kokcu ; https://www.fotmob.com/players/935409/orkun-kokcu
397,16,TUR,Türkiye,D,UEFA,7,FW,Kerem Aktürkoğlu,1998-10-21,27,51,15,False,Fenerbahçe,Türkiye,Süper Lig,178,Right,20000000,22,,1415,4,4,3,0,,,Süper Lig,,,,,,medium,Türkiye's top scorer in recent years; winger at Fenerbahçe,https://statz.ai/player/kerem-akturkoglu/534383 ; https://www.transfermarkt.us/kerem-akturkoglu/leistungsdaten/spieler/382528
398,16,TUR,Türkiye,D,UEFA,8,FW,Arda Güler,2005-02-25,21,28,6,False,Real Madrid,Spain,La Liga,176,Left,60000000,33,25,2026,4,9,1,0,,,La Liga,,,,,,medium,Star attacking midfielder breaking through at Real Madrid,https://www.fotmob.com/players/1253890/arda-guler ; https://www.transfermarkt.us/arda-guler/leistungsdaten/spieler/861410
399,16,TUR,Türkiye,D,UEFA,9,FW,Deniz Gül,2004-07-02,21,6,1,False,FC Porto,Portugal,Primeira Liga,191,Right,8000000,39,,1569,6,1,,,,,"Primeira Liga, UEFA Europa League",,,,,,medium,Young striker at Porto; scored in pre-tournament friendly,https://www.transfermarkt.us/deniz-gul/leistungsdaten/spieler/1063292 ; https://www.livescore.com/en/season-stats/deniz-gul/97687/
400,16,TUR,Türkiye,D,UEFA,10,MF,Hakan Çalhanoğlu,1994-02-08,32,105,22,True,Inter Milan,Italy,Serie A,178,Both,16000000,28,,1984,10,6,7,0,,,"Serie A, UEFA Champions League",,,,,,high,Captain and deep-lying playmaker; squad's top scorer,https://footystats.org/players/turkey/hakan-calhanoglu ; https://www.transfermarkt.us/hakan-calhanoglu/leistungsdaten/spieler/126414
401,16,TUR,Türkiye,D,UEFA,11,FW,Kenan Yıldız,2005-05-04,21,28,5,False,Juventus,Italy,Serie A,185,Both,75000000,43,,,11,9,4,0,,,"Serie A, UEFA Champions League, Coppa Italia",,,,,,high,Regular starter at Juventus; named Serie A Best Under-23 player 2025-26,https://www.livescore.com/en/season-stats/kenan-yildiz/59525/ ; https://www.transfermarkt.us/kenan-yildiz/leistungsdaten/spieler/845654/saison/2025/wettbewerb/IT1
402,16,TUR,Türkiye,D,UEFA,12,GK,Altay Bayındır,1998-04-14,28,11,0,False,Manchester United,England,Premier League,198,Right,8000000,6,6,540,0,0,,,0,11,Premier League,,,,,,medium,Backup/rotation keeper at club level,https://footystats.org/players/turkey/altay-bayindir ; https://www.premierleague.com/en/players/451302/altay-bayindir/stats
403,16,TUR,Türkiye,D,UEFA,13,DF,Eren Elmalı,2000-07-07,25,4,0,False,Galatasaray,Türkiye,Süper Lig,180,Left,8000000,,,,3,,,,,,"Süper Lig, UEFA Champions League",,,,,,low,Left-back at Galatasaray,https://www.transfermarkt.us/eren-elmali/leistungsdaten/spieler/616894 ; https://www.fotmob.com/players/1041660/evren-eren-elmali
404,16,TUR,Türkiye,D,UEFA,14,DF,Abdülkerim Bardakcı,1994-09-07,31,7,0,False,Galatasaray,Türkiye,Süper Lig,187,Left,6000000,,,,0,1,,,,,"Süper Lig, UEFA Champions League",,,,,,low,Regular centre-back at Galatasaray,https://www.livescore.com/en/season-stats/abdulkerim-bardakci/22564/ ; https://www.fotmob.com/players/291399/abdulkerim-bardakci
405,16,TUR,Türkiye,D,UEFA,15,DF,Ozan Kabak,2000-03-25,26,28,2,False,TSG Hoffenheim,Germany,Bundesliga,186,Right,22000000,24,,,4,0,,,,,Bundesliga,,,,,,medium,Centre-back at Hoffenheim,https://www.bundesliga.com/en/bundesliga/player/ozan-kabak ; https://www.whoscored.com/players/356743/show/ozan-kabak
406,16,TUR,Türkiye,D,UEFA,16,MF,İsmail Yüksek,1999-01-26,27,31,1,False,Fenerbahçe,Türkiye,Süper Lig,187,Right,12000000,30,,1764,1,2,5,0,,,"Süper Lig, UEFA Europa League",,,,,,high,Holding midfielder at Fenerbahçe,https://footystats.org/players/turkey/ismail-yuksek ; https://www.transfermarkt.us/ismail-yuksek/profil/spieler/613725
407,16,TUR,Türkiye,D,UEFA,17,FW,İrfan Can Kahveci,1995-07-15,30,39,5,False,Kasımpaşa,Türkiye,Süper Lig,174,Right,4000000,24,,1653,2,3,,,,,Süper Lig,,,,,,medium,On loan at Kasımpaşa from Fenerbahçe; attacking midfielder/winger,https://footystats.org/players/turkey/irfan-kahveci ; https://www.transfermarkt.us/irfan-can-kahveci/leistungsdaten/spieler/216603
408,16,TUR,Türkiye,D,UEFA,18,DF,Mert Müldür,1999-04-03,27,28,1,False,Fenerbahçe,Türkiye,Süper Lig,183,Right,9000000,25,,1522,1,1,4,0,,,"Süper Lig, UEFA Europa League",,,,,,medium,Full-back at Fenerbahçe,https://footystats.org/players/turkey/mert-muldur ; https://www.livescore.com/en/season-stats/mert-muldur/18093/
409,16,TUR,Türkiye,D,UEFA,19,FW,Yunus Akgün,2000-07-07,25,17,3,False,Galatasaray,Türkiye,Süper Lig,172,Left,15000000,28,,1824,7,9,,,,,Süper Lig,,,,,,medium,Winger at Galatasaray,https://www.livescore.com/en/season-stats/yunus-akgun/22709/ ; https://footystats.org/players/turkey/yunus-akgun
410,16,TUR,Türkiye,D,UEFA,20,DF,Ferdi Kadıoğlu,1999-10-07,26,30,2,False,Brighton & Hove Albion,England,Premier League,178,Right,30000000,37,34,3134,1,,6,0,,,Premier League,,,,,,high,Versatile full-back at Brighton; Brighton Player of the Year 2025-26,https://www.premierleague.com/en/players/231416/ferdi-kadioglu/stats ; https://en.wikipedia.org/wiki/Ferdi_Kad%C4%B1o%C4%9Flu
411,16,TUR,Türkiye,D,UEFA,21,FW,Barış Alper Yılmaz,2000-05-23,26,33,2,False,Galatasaray,Türkiye,Süper Lig,186,Right,22000000,30,,2318,8,11,7,0,,,Süper Lig,,,,,,medium,Pacey forward/winger at Galatasaray,https://footystats.org/players/turkey/baris-alper-yilmaz ; https://www.transfermarkt.co.uk/baris-alper-yilmaz/leistungsdaten/spieler/541537/saison/2025/wettbewerb/TR1
412,16,TUR,Türkiye,D,UEFA,22,MF,Kaan Ayhan,1994-11-10,31,72,5,False,Galatasaray,Türkiye,Süper Lig,186,Right,4000000,11,,249,0,0,,,,,"Süper Lig, UEFA Champions League",,,,,,medium,Versatile midfielder/defender at Galatasaray; limited minutes 2025-26,https://www.espn.com/soccer/player/matches/_/id/159146/kaan-ayhan ; https://www.uefa.com/uefachampionsleague/clubs/players/250023940--kaan-ayhan/
413,16,TUR,Türkiye,D,UEFA,23,GK,Uğurcan Çakır,1996-04-05,30,38,0,False,Galatasaray,Türkiye,Süper Lig,191,Right,25000000,31,31,2798,0,0,5,0,12,,"Süper Lig, UEFA Champions League",,,,,,medium,First-choice keeper at Galatasaray,https://footystats.org/players/turkey/ugurcan-cakir ; https://www.uefa.com/uefachampionsleague/clubs/players/250078452--ugurcan-cakir/statistics/ ; https://en.wikipedia.org/wiki/U%C4%9Furcan_%C3%87ak%C4%B1r
414,16,TUR,Türkiye,D,UEFA,24,FW,Oğuz Aydın,2000-10-27,25,10,0,False,Fenerbahçe,Türkiye,Süper Lig,180,Left,6000000,28,,,0,2,1,0,,,"Süper Lig, UEFA Europa League, UEFA Champions League qualifying, Turkish Cup",,,,,,medium,Winger at Fenerbahçe; provided assist in pre-tournament friendly,https://www.transfermarkt.us/oguz-aydin/leistungsdaten/spieler/563749 ; https://www.fotmob.com/players/1092015/oguz-aydin
415,16,TUR,Türkiye,D,UEFA,25,DF,Samet Akaydın,1994-03-13,32,4,0,False,Çaykur Rizespor,Türkiye,Süper Lig,190,Right,2500000,24,,2145,3,1,7,0,,,Süper Lig,,,,,,medium,Centre-back at Rizespor,https://www.transfermarkt.us/samet-akaydin/leistungsdaten/spieler/295024 ; https://www.sofascore.com/player/samet-akaydin/863600
416,16,TUR,Türkiye,D,UEFA,26,MF,Can Uzun,2005-11-11,20,5,1,False,Eintracht Frankfurt,Germany,Bundesliga,185,Right,30000000,21,,,8,4,,,,,Bundesliga,,,,,,medium,Young attacking midfielder; scored on first start vs North Macedonia,https://www.bundesliga.com/en/player/can-uzun ; https://en.wikipedia.org/wiki/Can_Uzun
417,17,GER,Germany,E,UEFA,1,GK,Manuel Neuer,1986-03-27,40,124,0,False,Bayern Munich,Germany,Bundesliga,193,Right,3000000,33,33,,0,0,,,8,36,"Bundesliga, UEFA Champions League",,,,,0,medium,Came out of retirement; Bayern and Germany first-choice keeper,https://en.wikipedia.org/wiki/Manuel_Neuer ; https://www.bundesliga.com/en/bundesliga/news/world-cup-stars-bayern-munich-s-manuel-neuer-germany-37533 ; https://www.uefa.com/uefachampionsleague/clubs/players/97923--manuel-neuer/statistics/
418,17,GER,Germany,E,UEFA,2,DF,Antonio Rüdiger,1993-03-03,33,82,3,False,Real Madrid,Spain,La Liga,190,Right,,26,,2191,1,0,0,0,,,"La Liga, UEFA Champions League",,,,,,high,Germany vice-captain; Real Madrid first-choice centre-back,https://www.sportbusy.com/players/soccer/169438/ ; https://tribuna.com/en/persons/antonio-rudiger/stat/2025-2026/la-liga/
419,17,GER,Germany,E,UEFA,3,DF,Waldemar Anton,1996-07-20,29,13,0,False,Borussia Dortmund,Germany,Bundesliga,189,Right,,32,32,2880,2,0,3,0,,,Bundesliga,,,,,,high,Squad centre-back; first World Cup,https://www.bundesliga.com/en/player/waldemar-anton ; https://www.fotmob.com/players/664970/waldemar-anton
420,17,GER,Germany,E,UEFA,4,DF,Jonathan Tah,1996-02-11,30,47,1,False,Bayern Munich,Germany,Bundesliga,195,Right,,26,,2019,2,1,7,0,,,"Bundesliga, UEFA Champions League",,,,,,medium,Regular starter at Bayern after summer move,https://www.sportbusy.com/players/soccer/188052/ ; https://fbref.com/en/players/bd142efb/Jonathan-Tah
421,17,GER,Germany,E,UEFA,5,MF,Aleksandar Pavlović,2004-05-03,22,8,1,False,Bayern Munich,Germany,Bundesliga,188,Right,,24,16,1462,3,1,,,,,Bundesliga,,,,,,medium,Young Bayern defensive midfielder; missed time with knee injury,https://www.bundesliga.com/en/bundesliga/player/aleksandar-pavlovic ; https://fbref.com/en/players/2658c82f/Aleksandar-Pavlovic
422,17,GER,Germany,E,UEFA,6,MF,Joshua Kimmich,1995-02-08,31,110,10,True,Bayern Munich,Germany,Bundesliga,177,Right,,29,,2280,2,8,,,,,"Bundesliga, UEFA Champions League",,,,,,high,"Germany captain; Bayern leader, 2 goals 8 assists in Bundesliga",https://www.bundesliga.com/en/player/joshua-kimmich ; https://fbref.com/en/players/49296448/Joshua-Kimmich
423,17,GER,Germany,E,UEFA,7,FW,Kai Havertz,1999-06-11,27,58,22,False,Arsenal,England,Premier League,193,Left,,17,,,6,4,1,0,,,"Premier League, UEFA Champions League, EFL Cup",,,,,,medium,Arsenal forward; missed several months with knee injury; key Germany goalscorer,https://en.wikipedia.org/wiki/Kai_Havertz ; https://www.premierleague.com/en/players/219847/kai-havertz/stats ; https://www.uefa.com/uefachampionsleague/clubs/players/250087938--kai-havertz/statistics/
424,17,GER,Germany,E,UEFA,8,MF,Leon Goretzka,1995-02-06,31,70,15,False,Bayern Munich,Germany,Bundesliga,189,Right,,31,25,,5,3,,,,,Bundesliga,,,,,,high,Experienced Bayern midfielder; leaving club at end of season,https://www.bundesliga.com/en/player/leon-goretzka ; https://www.sportbusy.com/players/soccer/174550/
425,17,GER,Germany,E,UEFA,9,FW,Jamie Leweling,2001-02-26,25,5,1,False,VfB Stuttgart,Germany,Bundesliga,184,Right,,32,26,2377,7,9,4,0,,,Bundesliga,,,,,,high,Strong Stuttgart campaign; 7 goals 9 assists in Bundesliga,https://www.bundesliga.com/en/player/jamie-leweling ; https://www.sportbusy.com/players/soccer/290811/
426,17,GER,Germany,E,UEFA,10,MF,Jamal Musiala,2003-02-26,23,42,9,False,Bayern Munich,Germany,Bundesliga,186,Right,,10,,,5,5,2,0,,,"Bundesliga, UEFA Champions League",,,,,,medium,Returned from serious injury; Bayern creative talisman; limited apps after injury,https://www.sportbusy.com/players/soccer/303821/ ; https://www.fotmob.com/players/1156141/jamal-musiala
427,17,GER,Germany,E,UEFA,11,FW,Nick Woltemade,2002-02-14,24,11,4,False,Newcastle United,England,Premier League,198,Right,,31,,,9,3,0,0,,,"Premier League, UEFA Champions League",,,,,,high,Record Newcastle signing; 9 goals all competitions (8 in Premier League),https://www.sportbusy.com/players/soccer/298349/ ; https://www.premierleague.com/en/players/470313/nick-woltemade/overview
428,17,GER,Germany,E,UEFA,12,GK,Oliver Baumann,1990-06-02,36,13,0,False,TSG Hoffenheim,Germany,Bundesliga,187,Right,,34,34,3060,0,0,3,0,7,49,Bundesliga,,,,,0,high,Regular starter for Hoffenheim; experienced backup keeper,https://footystats.org/players/germany/oliver-baumann ; https://www.bundesliga.com/en/bundesliga/news/world-cup-stars-hoffenheim-oliver-baumann-germany-37162
429,17,GER,Germany,E,UEFA,13,MF,Pascal Groß,1991-06-15,34,18,1,False,Brighton & Hove Albion,England,Premier League,181,Right,,18,,,1,3,2,0,,,Premier League,,,,,,medium,Rejoined Brighton in January 2026; experienced midfielder; figures since January,https://www.sportbusy.com/players/soccer/132659/ ; https://www.premierleague.com/en/players/60307/pascal-gro/overview
430,17,GER,Germany,E,UEFA,14,FW,Maximilian Beier,2002-10-17,23,9,0,False,Borussia Dortmund,Germany,Bundesliga,183,Right,,37,,,10,6,,,,,"Bundesliga, UEFA Champions League",,,,,,medium,Dortmund forward; 9 goals 5 assists in Bundesliga plus 1 goal in Champions League,https://www.sportbusy.com/players/soccer/290639/ ; https://www.bundesliga.com/en/player/maximilian-beier
431,17,GER,Germany,E,UEFA,15,DF,Nico Schlotterbeck,1999-12-01,26,27,0,False,Borussia Dortmund,Germany,Bundesliga,191,Left,,35,,,5,1,8,,,,"Bundesliga, UEFA Champions League",,,,,,high,Expected starting centre-back for Germany; best defensive record in Bundesliga,https://www.bundesliga.com/en/bundesliga/player/nico-schlotterbeck ; https://fbref.com/en/players/34e12499/Nico-Schlotterbeck
432,17,GER,Germany,E,UEFA,16,MF,Angelo Stiller,2001-04-04,25,8,0,False,VfB Stuttgart,Germany,Bundesliga,183,Right,,34,30,2746,2,5,1,0,,,Bundesliga,,,,,,high,Stuttgart deep-lying playmaker; played all 34 Bundesliga games,https://www.bundesliga.com/en/player/angelo-stiller ; https://fbref.com/en/players/3b1ed320/Angelo-Stiller
433,17,GER,Germany,E,UEFA,17,MF,Florian Wirtz,2003-05-03,23,41,11,False,Liverpool,England,Premier League,176,Right,100000000,33,,2389,5,3,1,0,,,Premier League,,,,,,medium,World Cup debut after summer move to Liverpool; record German signing,https://www.premierleague.com/en/players/494595/florian-wirtz/stats ; https://www.transfermarkt.us/florian-wirtz/leistungsdaten/spieler/598577
434,17,GER,Germany,E,UEFA,18,DF,Nathaniel Brown,2003-06-16,22,5,0,False,Eintracht Frankfurt,Germany,Bundesliga,176,Left,,42,,,4,6,,,,,"Bundesliga, UEFA Champions League, DFB-Pokal",,,,,,medium,Young left-back option; Eintracht Frankfurt Player of the Season; debuted October 2025,https://www.bundesliga.com/en/player/nathaniel-brown ; https://en.eintracht.de/news/nathaniel-brown-ist-spieler-der-saison-177832/
435,17,GER,Germany,E,UEFA,19,FW,Leroy Sané,1996-01-11,30,76,17,False,Galatasaray,Turkey,Süper Lig,183,Left,,37,,,7,7,,,,,"Süper Lig, UEFA Champions League",,,,,,medium,Galatasaray winger after leaving Bayern; 7 goals 5 assists in Süper Lig,https://www.sportbusy.com/players/soccer/202641/ ; https://www.uefa.com/uefachampionsleague/clubs/players/250063984--leroy-sane/statistics/
436,17,GER,Germany,E,UEFA,20,MF,Nadiem Amiri,1996-10-27,29,11,1,False,1. FSV Mainz 05,Germany,Bundesliga,180,Right,,31,,,14,2,6,0,,,"Bundesliga, UEFA Conference League",,,,,,high,In-form Mainz midfielder; 12 Bundesliga goals plus 2 in Conference League,https://www.bundesliga.com/en/player/nadiem-amiri ; https://fbref.com/en/players/555d5edd/Nadiem-Amiri
437,17,GER,Germany,E,UEFA,21,GK,Alexander Nübel,1996-09-30,29,3,0,False,VfB Stuttgart,Germany,Bundesliga,193,Right,,34,34,,0,0,,,10,38,Bundesliga,,,,,0,high,Stuttgart starting keeper (on loan from Bayern),https://www.bundesliga.com/en/player/alexander-nubel ; https://www.fotmob.com/players/554534/alexander-nubel
438,17,GER,Germany,E,UEFA,22,DF,David Raum,1998-04-22,28,36,1,False,RB Leipzig,Germany,Bundesliga,181,Left,,30,29,2556,3,7,6,0,,,Bundesliga,,,,,,high,"First-choice left-back for Germany; RB Leipzig captain, 3 goals 7 assists",https://www.bundesliga.com/en/bundesliga/player/david-raum ; https://fbref.com/en/players/7d450ed3/David-Raum
439,17,GER,Germany,E,UEFA,23,MF,Felix Nmecha,2000-10-10,25,8,1,False,Borussia Dortmund,Germany,Bundesliga,190,Right,,36,,,5,3,,,,,"Bundesliga, UEFA Champions League",,,,,,medium,Box-to-box midfielder; 2 goals 3 assists Bundesliga plus 3 goals in Champions League,https://www.bundesliga.com/en/player/felix-nmecha ; https://www.bundesliga.com/en/bundesliga/news/world-cup-stars-of-the-bundesliga-borussia-dortmund-s-felix-nmecha-37639
440,17,GER,Germany,E,UEFA,24,DF,Malick Thiaw,2001-08-08,24,5,0,False,Newcastle United,England,Premier League,194,Right,,35,33,2965,4,,,,,,Premier League,,,,,,medium,Newcastle starter after summer move from AC Milan; 4 Premier League goals,https://www.premierleague.com/en/players/465642/malick-thiaw/stats ; https://en.wikipedia.org/wiki/Malick_Thiaw
441,17,GER,Germany,E,UEFA,25,MF,Assan Ouédraogo,2006-05-09,20,1,1,False,RB Leipzig,Germany,Bundesliga,191,Right,,19,,954,4,3,3,0,,,Bundesliga,,,,,,high,Late call-up replacing injured Lennart Karl; scored on senior debut; missed time with knee injury,https://www.bundesliga.com/en/player/assan-ouedraogo ; https://www.fotmob.com/players/1486541/forzan-assan-ouedraogo
442,17,GER,Germany,E,UEFA,26,FW,Deniz Undav,1996-07-19,29,9,6,False,VfB Stuttgart,Germany,Bundesliga,179,Right,,28,,2247,19,6,5,0,,,Bundesliga,,,,,,high,Prolific Stuttgart striker; 19 Bundesliga goals,https://www.sportbusy.com/players/soccer/273300/ ; https://www.bundesliga.com/en/player/deniz-undav
443,18,CUR,Curaçao,E,CONCACAF,1,GK,Eloy Room,1989-02-06,37,71,0,False,Miami FC,United States,USL Championship,190,,,9,9,810,0,0,3,0,4,13,USL Championship,,,,344,0,high,,https://en.wikipedia.org/wiki/Eloy_Room ; https://footystats.org/players/curacao/eloy-room
444,18,CUR,Curaçao,E,CONCACAF,2,DF,Shurandy Sambo,2001-08-19,24,7,0,False,Sparta Rotterdam,Netherlands,Eredivisie,174,,,27,,,0,,,,,,"Eredivisie, KNVB Cup",,,,126,8,medium,On loan at Sparta Rotterdam from Burnley.,https://en.wikipedia.org/wiki/Shurandy_Sambo
445,18,CUR,Curaçao,E,CONCACAF,3,DF,Juriën Gaari,1993-12-23,32,59,1,False,Abha Club,Saudi Arabia,Saudi First Division League,180,,,6,,,0,,,,,,Saudi First Division League,,,,245,8,medium,,https://en.wikipedia.org/wiki/Jurien_Gaari
446,18,CUR,Curaçao,E,CONCACAF,4,DF,Roshon van Eijma,1998-06-09,28,27,1,False,RKC Waalwijk,Netherlands,Eerste Divisie,186,,,23,,,0,,,,,,Eerste Divisie,,,,181,8,medium,RKC Waalwijk competed in Eerste Divisie in 2025-26 following relegation.,https://en.wikipedia.org/wiki/Roshon_van_Eijma
447,18,CUR,Curaçao,E,CONCACAF,5,DF,Sherel Floranus,1998-08-23,27,27,0,False,PEC Zwolle,Netherlands,Eredivisie,185,,800000,28,,2711,1,3,5,,,,Eredivisie,,,,247,4,high,,https://en.wikipedia.org/wiki/Sherel_Floranus ; https://www.transfermarkt.us/sherel-floranus/profil/spieler/315211 ; https://www.fotmob.com/players/671327/sherel-floranus
448,18,CUR,Curaçao,E,CONCACAF,6,MF,Godfried Roemeratoe,1999-08-19,26,27,1,False,RKC Waalwijk,Netherlands,Eerste Divisie,178,,,28,,,0,,,,,,Eerste Divisie,,,,206,2,medium,RKC Waalwijk competed in Eerste Divisie in 2025-26 following relegation.,https://en.wikipedia.org/wiki/Godfried_Roemeratoe
449,18,CUR,Curaçao,E,CONCACAF,7,MF,Juninho Bacuna,1997-08-07,28,48,14,False,FC Volendam,Netherlands,Eredivisie,178,,,13,,709,0,2,,,,,Eredivisie,,,,360,32,medium,On loan at FC Volendam from Gaziantep FK (joined 3 February 2026).,https://en.wikipedia.org/wiki/Juninho_Bacuna ; https://www.transfermarkt.us/juninho-bacuna/profil/spieler/348863
450,18,CUR,Curaçao,E,CONCACAF,8,MF,Livano Comenencia,2004-02-03,22,19,1,False,FC Zürich,Switzerland,Swiss Super League,185,,,24,,,0,,,,,,Swiss Super League,,,,143,2,medium,,https://en.wikipedia.org/wiki/Livano_Comenencia
451,18,CUR,Curaçao,E,CONCACAF,9,FW,Jürgen Locadia,1993-11-07,32,13,1,False,Miami FC,United States,USL Championship,185,,,10,,,4,,,,,,USL Championship,,,,271,79,medium,Signed Miami FC 19 December 2025 for the 2026 USL Championship season.,https://en.wikipedia.org/wiki/J%C3%BCrgen_Locadia
452,18,CUR,Curaçao,E,CONCACAF,10,MF,Leandro Bacuna,1991-08-21,34,71,16,True,Iğdır F.K.,Turkey,TFF First League,187,,,16,,,3,,,,,,TFF First League,,,,507,43,high,,https://en.wikipedia.org/wiki/Leandro_Bacuna
453,18,CUR,Curaçao,E,CONCACAF,11,FW,Jeremy Antonisse,2002-03-29,24,26,3,False,A.E. Kifisia,Greece,Super League Greece,184,,,28,,,1,,,,,,Super League Greece,,,,92,6,medium,,https://en.wikipedia.org/wiki/Jeremy_Antonisse
454,18,CUR,Curaçao,E,CONCACAF,12,FW,Sontje Hansen,2002-05-18,24,5,1,False,Middlesbrough,England,EFL Championship,173,,4000000,20,,,1,,,,,,"EFL Championship, FA Cup, EFL Championship play-offs",,,,178,27,high,Joined Middlesbrough 15 August 2025 for £3.4m.,https://en.wikipedia.org/wiki/Sontje_Hansen ; https://www.transfermarkt.co.uk/sontje-hansen/profil/spieler/485582
455,18,CUR,Curaçao,E,CONCACAF,13,MF,Tyrese Noslin,2002-09-11,23,6,1,False,SC Telstar,Netherlands,Eredivisie,182,,,39,,,3,,,,,,"Eredivisie, KNVB Cup",,,,89,8,high,,https://en.wikipedia.org/wiki/Tyrese_Noslin
456,18,CUR,Curaçao,E,CONCACAF,14,FW,Kenji Gorré,1994-09-29,31,37,6,False,Maccabi Haifa,Israel,Israeli Premier League,178,,,20,,,5,,,,,,Israeli Premier League,,,,294,43,medium,Signed Maccabi Haifa 17 July 2025 on a three-year deal.,https://en.wikipedia.org/wiki/Kenji_Gorr%C3%A9
457,18,CUR,Curaçao,E,CONCACAF,15,MF,Ar'jany Martha,2003-09-04,22,8,2,False,Rotherham United,England,EFL League One,180,,,41,24,2574,1,2,7,0,,,EFL League One,,,,140,9,high,,https://en.wikipedia.org/wiki/Ar'jany_Martha ; https://www.transfermarkt.us/arjany-martha/profil/spieler/572519 ; https://theanalyst.com/players/6590/arjany-martha
458,18,CUR,Curaçao,E,CONCACAF,16,FW,Jearl Margaritha,2000-04-10,26,21,5,False,S.K. Beveren,Belgium,Challenger Pro League,181,,,32,,,7,,,,,,Challenger Pro League,,,,175,43,medium,Signed S.K. Beveren 4 August 2025; club won 2025-26 Challenger Pro League.,https://en.wikipedia.org/wiki/Jearl_Margaritha
459,18,CUR,Curaçao,E,CONCACAF,17,FW,Brandley Kuwas,1992-09-19,33,34,2,False,FC Volendam,Netherlands,Eredivisie,178,,,26,,2024,5,3,4,,,,Eredivisie,,,,305,51,high,,https://en.wikipedia.org/wiki/Brandley_Kuwas ; https://www.fotmob.com/players/352358/brandley-kuwas
460,18,CUR,Curaçao,E,CONCACAF,18,DF,Armando Obispo,1999-03-05,27,5,0,False,PSV Eindhoven,Netherlands,Eredivisie,185,,,17,,,2,,,,,,Eredivisie,,,,132,8,medium,,https://en.wikipedia.org/wiki/Armando_Obispo
461,18,CUR,Curaçao,E,CONCACAF,19,FW,Gervane Kastaneer,1996-06-09,30,28,9,False,Terengganu FC,Malaysia,Malaysia Super League,185,,,7,,,1,,,,,,Malaysia Super League,,,,191,23,medium,Joined Terengganu FC 27 January 2026.,https://en.wikipedia.org/wiki/Gervane_Kastaneer
462,18,CUR,Curaçao,E,CONCACAF,20,DF,Joshua Brenet,1994-03-20,32,17,1,False,Kayserispor,Turkey,Süper Lig,181,,,10,,797,0,2,1,0,,,Süper Lig,,,,224,19,medium,Joined Kayserispor on 6 February 2026.,https://en.wikipedia.org/wiki/Joshua_Brenet ; https://www.fotmob.com/players/389845/joshua-brenet
463,18,CUR,Curaçao,E,CONCACAF,21,FW,Tahith Chong,1999-12-04,26,5,3,False,Sheffield United,England,EFL Championship,185,,,21,,,0,,,,,,EFL Championship,,,,200,16,medium,,https://en.wikipedia.org/wiki/Tahith_Chong
464,18,CUR,Curaçao,E,CONCACAF,22,MF,Kevin Felida,1999-11-11,26,19,1,False,FC Den Bosch,Netherlands,Eerste Divisie,174,,,34,,,4,,,,,,Eerste Divisie,,,,198,11,medium,,https://en.wikipedia.org/wiki/Kevin_Felida
465,18,CUR,Curaçao,E,CONCACAF,23,DF,Riechedly Bazoer,1996-10-12,29,4,0,False,Konyaspor,Turkey,Süper Lig,184,,,14,,,0,,,,,,Süper Lig,,,,287,21,medium,,https://en.wikipedia.org/wiki/Riechedly_Bazoer
466,18,CUR,Curaçao,E,CONCACAF,24,DF,Deveron Fonville,2003-05-16,23,1,0,False,NEC Nijmegen,Netherlands,Eredivisie,178,,,29,,,0,,,,,,Eredivisie,,,,105,3,medium,,https://en.wikipedia.org/wiki/Deveron_Fonville
467,18,CUR,Curaçao,E,CONCACAF,25,GK,Tyrick Bodak,2002-05-15,24,4,0,False,SC Telstar,Netherlands,Eredivisie,190,,,0,0,0,0,0,0,0,0,0,Eredivisie,,,,0,0,medium,Third-choice goalkeeper at Telstar; no competitive appearances in 2025-26.,https://en.wikipedia.org/wiki/Tyrick_Bodak
468,18,CUR,Curaçao,E,CONCACAF,26,GK,Trevor Doornbusch,1999-07-06,26,7,0,False,VVV-Venlo,Netherlands,Eerste Divisie,188,,,2,,64,0,0,0,0,0,3,Eerste Divisie,,,,24,0,medium,,https://en.wikipedia.org/wiki/Trevor_Doornbusch ; https://www.footballdatabase.eu/en/player/details/336999-trevor-doornbusch
469,19,CIV,Côte d'Ivoire,E,CAF,1,GK,Yahia Fofana,2000-08-21,25,35,0,False,Çaykur Rizespor,Turkey,Süper Lig,194,right,5000000,27,27,2430,0,0,2,0,6,40,Süper Lig,,,,150,0,high,,https://en.wikipedia.org/wiki/Yahia_Fofana ; https://footystats.org/players/france/yahia-fofana ; https://www.transfermarkt.us/yahia-fofana/profil/spieler/418651
470,19,CIV,Côte d'Ivoire,E,CAF,2,DF,Ousmane Diomande,2003-12-04,22,15,1,False,Sporting CP,Portugal,Primeira Liga,191,right,47500000,17,15,1297,0,1,5,0,,,"Liga Portugal, Taça de Portugal, Champions League, League Cup, Super Cup",,,,132,7,high,,https://www.fotmob.com/players/1425182/ousmane-diomande ; https://www.livescore.com/en/season-stats/ousmane-diomande/51397/
471,19,CIV,Côte d'Ivoire,E,CAF,3,DF,Ghislain Konan,1995-12-27,30,54,0,False,Gil Vicente F.C.,Portugal,Primeira Liga,178,left,1700000,31,30,2661,0,0,5,0,,,"Liga Portugal, Taça de Portugal",,,,283,3,high,,https://www.fotmob.com/players/740997/ghislain-konan ; https://www.playmakerstats.com/player/ghislain-konan/499726
472,19,CIV,Côte d'Ivoire,E,CAF,4,MF,Jean Michaël Seri,1991-07-19,34,65,4,False,NK Maribor,Slovenia,Slovenian PrvaLiga,168,right,150000,14,,761,0,0,3,0,,,Slovenian PrvaLiga,,,,407,24,medium,,https://www.fotmob.com/players/470539/jean-michael-seri ; https://www.livescore.com/en/season-stats/jean-michael-seri/31186/
473,19,CIV,Côte d'Ivoire,E,CAF,5,DF,Wilfried Singo,2000-12-25,25,34,1,False,Galatasaray S.K.,Turkey,Süper Lig,190,right,23000000,19,11,948,2,1,3,0,,,"Süper Lig, UEFA Champions League, Turkish Cup",,,,169,,medium,,https://www.fotmob.com/players/1027472/wilfried-singo ; https://www.transfermarkt.us/wilfried-singo/leistungsdaten/spieler/648779/saison/2025 ; https://en.wikipedia.org/wiki/Wilfried_Singo
474,19,CIV,Côte d'Ivoire,E,CAF,6,MF,Seko Fofana,1995-05-07,31,32,7,False,FC Porto,Portugal,Primeira Liga,182,right,6000000,16,,,3,0,1,0,,,"Liga Portugal, Europa League",,,,394,49,medium,On loan at Porto from Rennes from Feb 2026; stats reflect Porto spell (Liga + Europa League),https://www.fotmob.com/players/602211/seko-fofana ; https://www.transfermarkt.us/seko-fofana/leistungsdaten/spieler/182893
475,19,CIV,Côte d'Ivoire,E,CAF,7,DF,Odilon Kossounou,2001-01-04,25,35,0,False,Atalanta BC,Italy,Serie A,188,right,20800000,19,10,985,1,0,1,0,,,"Serie A, Coppa Italia, Champions League",,,,225,2,high,,https://www.fotmob.com/players/1014496/odilon-kossounou ; https://en.wikipedia.org/wiki/Odilon_Kossounou
476,19,CIV,Côte d'Ivoire,E,CAF,8,MF,Franck Kessié,1996-12-19,29,102,15,True,Al-Ahli Saudi FC,Saudi Arabia,Saudi Pro League,183,right,,39,,,12,3,5,0,,,"Saudi Pro League, AFC Champions League Elite, King's Cup",,,,453,77,high,2025-26 AFC Champions League Elite MVP; reached 100 caps on 6 Jan 2026,https://en.wikipedia.org/wiki/Franck_Kessi%C3%A9 ; https://www.livescore.com/en/season-stats/franck-kessie/15876/
477,19,CIV,Côte d'Ivoire,E,CAF,9,FW,Ange-Yoan Bonny,2003-10-25,22,1,0,False,Inter Milan,Italy,Serie A,190,right,29600000,33,10,1129,5,4,1,0,,,"Serie A, Coppa Italia, Champions League, Super Cup",,,,48,7,high,,https://www.fotmob.com/players/1199383/ange-yoan-bonny ; https://en.wikipedia.org/wiki/Ange-Yoan_Bonny
478,19,CIV,Côte d'Ivoire,E,CAF,10,FW,Simon Adingra,2002-01-01,24,29,5,False,AS Monaco FC,France,Ligue 1,178,left,25200000,17,10,861,3,2,0,0,,,Ligue 1,,,,196,42,medium,On loan at Monaco from Sunderland since Feb 2026; stats reflect Monaco spell,https://www.fotmob.com/players/1227012/simon-adingra ; https://www.transfermarkt.us/simon-adingra/leistungsdaten/spieler/658536
479,19,CIV,Côte d'Ivoire,E,CAF,11,FW,Yan Diomande,2006-11-14,19,10,3,False,RB Leipzig,Germany,Bundesliga,180,right,33400000,33,28,2476,12,8,2,0,,,"Bundesliga, DFB-Pokal",,,,49,15,high,Bundesliga Rookie of the Season 2025-26,https://www.fotmob.com/players/1735453/yan-diomande ; https://www.bundesliga.com/en/player/yan-diomande
480,19,CIV,Côte d'Ivoire,E,CAF,12,FW,Elye Wahi,2003-01-02,23,2,0,False,OGC Nice,France,Ligue 1,180,right,17700000,14,11,926,5,1,5,0,,,Ligue 1,,,,197,60,medium,On loan at Nice from Eintracht Frankfurt since Jan 2026; stats reflect Nice spell,https://www.fotmob.com/players/1213430/elye-wahi ; https://www.sportbusy.com/players/soccer/311118/
481,19,CIV,Côte d'Ivoire,E,CAF,13,DF,Christopher Opéri,1997-04-29,29,12,0,False,İstanbul Başakşehir F.K.,Turkey,Süper Lig,182,left,2300000,22,22,1824,0,4,3,0,,,"Süper Lig, Turkish Cup",,,,217,11,high,,https://www.fotmob.com/players/802462/christopher-operi ; https://www.flashscore.com/player/operi-christopher/lIu2iTW5/
482,19,CIV,Côte d'Ivoire,E,CAF,14,FW,Oumar Diakité,2003-12-20,22,29,6,False,Cercle Brugge KSV,Belgium,Belgian Pro League,183,right,7100000,26,15,1427,7,0,4,1,,,Belgian Pro League,,,,63,9,high,On loan at Cercle Brugge from Stade de Reims,https://www.fotmob.com/players/1328540/oumar-diakite ; https://www.flashscore.com/player/diakite-oumar/jeOb1FYh/
483,19,CIV,Côte d'Ivoire,E,CAF,15,FW,Amad Diallo,2002-07-11,23,19,6,False,Manchester United F.C.,England,Premier League,180,left,60200000,32,27,2344,2,3,2,0,,,"Premier League, EFL Cup, FA Cup, Europa League",,,,157,34,high,,https://www.fotmob.com/players/1070052/amad-diallo ; https://en.wikipedia.org/wiki/Amad_Diallo
484,19,CIV,Côte d'Ivoire,E,CAF,16,GK,Mohamed Koné,2002-03-07,24,0,0,False,Royal Charleroi S.C.,Belgium,Belgian Pro League,,,1100000,19,19,1710,0,0,2,0,6,18,"Belgian Pro League, Conference League",,,,42,0,high,,https://www.fotmob.com/players/1280201/mohamed-kone ; https://www.flashscore.co.uk/player/kone-mohamed/KEptl4xb/
485,19,CIV,Côte d'Ivoire,E,CAF,17,DF,Guéla Doué,2002-10-17,23,20,3,False,RC Strasbourg Alsace,France,Ligue 1,184,right,21600000,24,23,2063,2,6,3,0,,,"Ligue 1, Coupe de France, Conference League",,,,117,3,high,,https://www.fotmob.com/players/1395704/guela-doue ; https://fbref.com/en/players/b4ef3fb5/Guela-Doue
486,19,CIV,Côte d'Ivoire,E,CAF,18,MF,Ibrahim Sangaré,1997-12-02,28,58,12,False,Nottingham Forest F.C.,England,Premier League,191,right,25200000,28,25,2080,2,2,5,0,,,"Premier League, EFL Cup, Europa League",,,,319,19,high,,https://www.fotmob.com/players/795371/ibrahim-sangare ; https://en.wikipedia.org/wiki/Ibrahim_Sangar%C3%A9_(Ivorian_footballer)
487,19,CIV,Côte d'Ivoire,E,CAF,19,FW,Nicolas Pépé,1995-05-29,31,55,12,False,Villarreal CF,Spain,La Liga,190,left,5000000,36,26,2396,8,8,4,0,,,"La Liga, Copa del Rey, Champions League",,,,74,11,high,La Liga Player of the Month August 2025,https://www.fotmob.com/players/575735/nicolas-pepe ; https://www.livescore.com/en/season-stats/nicolas-pepe/31019/
488,19,CIV,Côte d'Ivoire,E,CAF,20,DF,Emmanuel Agbadou,1997-06-07,29,20,2,False,Beşiktaş J.K.,Turkey,Süper Lig,188,right,19100000,16,,,1,1,,0,,,"Süper Lig, Turkish Cup",,,,213,11,medium,Joined Beşiktaş from Wolves in Feb 2026; stats reflect his Beşiktaş spell,https://www.fotmob.com/en-GB/players/1114979/emmanuel-agbadou ; https://www.flashscore.com/player/agbadou-emmanuel/fRbu2Opo/
489,19,CIV,Côte d'Ivoire,E,CAF,21,DF,Evan Ndicka,1999-08-20,26,28,0,False,AS Roma,Italy,Serie A,192,left,36000000,31,31,2683,3,0,5,0,,,"Serie A, Coppa Italia, Europa League",,,,127,6,high,,https://www.fotmob.com/players/787242/evan-ndicka ; https://www.livescore.com/en/season-stats/evan-ndicka/9535/
490,19,CIV,Côte d'Ivoire,E,CAF,22,FW,Evann Guessand,2001-07-01,24,21,4,False,Crystal Palace F.C.,England,Premier League,183,right,35300000,21,9,916,1,2,0,0,,,"Premier League, Conference League, FA Cup",,,,248,44,medium,On loan at Crystal Palace from Aston Villa since Jan 2026; stats reflect Palace spell (incl. Conference League),https://www.fotmob.com/players/1087966/evann-guessand ; https://www.livescore.com/en/season-stats/evann%20guessand/2672/
491,19,CIV,Côte d'Ivoire,E,CAF,23,GK,Alban Lafont,1999-01-23,27,4,0,False,Panathinaikos F.C.,Greece,Super League Greece,193,right,2200000,22,22,1935,0,0,2,0,7,20,"Super League Greece, Greek Cup, Europa League",,,,380,0,high,,https://www.fotmob.com/players/698273/alban-lafont ; https://www.livescore.com/en/season-stats/alban-lafont/2240/
492,19,CIV,Côte d'Ivoire,E,CAF,24,FW,Bazoumana Touré,2006-03-02,20,6,2,False,TSG 1899 Hoffenheim,Germany,Bundesliga,,left,26300000,30,29,2325,5,9,2,0,,,"Bundesliga, DFB-Pokal",,,,70,13,high,,https://www.fotmob.com/players/1624586/bazoumana-toure ; https://www.bundesliga.com/en/player/bazoumana-toure
493,19,CIV,Côte d'Ivoire,E,CAF,25,MF,Parfait Guiagon,2001-02-22,25,5,0,False,Royal Charleroi S.C.,Belgium,Belgian Pro League,,right,,33,,2544,9,5,6,0,,,Belgian Pro League,,,,,,medium,,https://www.livescore.com/en/season-stats/parfait-guiagon/75158/ ; https://footystats.org/players/ivory-coast/parfait-guiagon
494,19,CIV,Côte d'Ivoire,E,CAF,26,MF,Christ Inao Oulaï,2006-04-06,20,9,0,False,Trabzonspor,Turkey,Süper Lig,182,right,2600000,25,24,2077,2,4,9,0,,,"Süper Lig, Turkish Cup",,,,55,3,high,,https://www.fotmob.com/players/1666494/christ-ravynel-inao-oulai ; https://fbref.com/en/players/62709ee4/Christ-Inao-Oulai
495,20,ECU,Ecuador,E,CONMEBOL,1,GK,Hernán Galíndez,1987-03-30,39,34,0,False,Huracán,Argentina,Primera División,189,Right,,,,,,,,,,,Primera División (Argentina),,,,529,0,medium,Veteran goalkeeper,https://en.wikipedia.org/wiki/Hern%C3%A1n_Gal%C3%ADndez
496,20,ECU,Ecuador,E,CONMEBOL,2,DF,Félix Torres,1997-01-11,29,48,5,False,Internacional,Brazil,Série A,187,Right,,12,,,0,,,,,,Série A (Brazil) - on loan from Corinthians,,,,278,18,medium,On loan at Internacional from Corinthians,"https://en.wikipedia.org/wiki/F%C3%A9lix_Torres_(footballer,_born_1997)"
497,20,ECU,Ecuador,E,CONMEBOL,3,DF,Piero Hincapié,2002-01-09,24,51,3,False,Arsenal,England,Premier League,184,Left,60000000,39,,,1,2,2,,,,"Premier League, EFL Cup, UEFA Champions League",,,,230,8,high,On loan at Arsenal; won 2025-26 Premier League and reached UCL final,https://en.wikipedia.org/wiki/Piero_Hincapi%C3%A9 ; https://www.premierleague.com/en/players/448104/piero-hincapie/overview
498,20,ECU,Ecuador,E,CONMEBOL,4,DF,Joel Ordóñez,2004-04-21,22,16,0,False,Club Brugge,Belgium,Belgian Pro League,188,Right,,43,,,4,,,,,,"Belgian Pro League, Belgian Cup, UEFA Champions League",,,,168,8,high,,https://en.wikipedia.org/wiki/Joel_Ord%C3%B3%C3%B1ez
499,20,ECU,Ecuador,E,CONMEBOL,5,MF,Jordy Alcívar,1999-08-05,26,10,1,False,Independiente del Valle,Ecuador,LigaPro,172,Right,,31,,,2,,,,,,"LigaPro, Copa Libertadores (2025 season)",,,,163,9,medium,,https://en.wikipedia.org/wiki/Jordy_Alc%C3%ADvar
500,20,ECU,Ecuador,E,CONMEBOL,6,DF,Willian Pacho,2001-10-16,24,34,2,False,Paris Saint-Germain,France,Ligue 1,188,Left,70000000,44,,,2,,,,,,"Ligue 1, Coupe de France, UEFA Champions League",,,,238,2,high,Regular starter at PSG,https://en.wikipedia.org/wiki/Willian_Pacho
501,20,ECU,Ecuador,E,CONMEBOL,7,DF,Pervis Estupiñán,1998-01-21,28,53,4,False,AC Milan,Italy,Serie A,175,Left,,22,,,1,,,,,,"Serie A, Coppa Italia, Supercoppa Italiana",,,,293,10,high,Starting left-back,https://en.wikipedia.org/wiki/Pervis_Estupi%C3%B1%C3%A1n
502,20,ECU,Ecuador,E,CONMEBOL,8,MF,Anthony Valencia,2003-07-21,22,2,1,False,Royal Antwerp,Belgium,Belgian Pro League,176,,,27,,,4,2,1,,,,Belgian Pro League (all competitions),,,,117,15,medium,Returned from cruciate ligament injury in October 2025,https://en.wikipedia.org/wiki/Anthony_Valencia ; https://www.fotmob.com/players/1353364/anthony-valencia
503,20,ECU,Ecuador,E,CONMEBOL,9,FW,John Yeboah,2000-06-23,25,22,3,False,Venezia,Italy,Serie B,170,Left,,36,,,12,,,,,,"Serie B, Coppa Italia",,,,205,34,high,Key attacking contributor for Venezia,https://en.wikipedia.org/wiki/John_Yeboah
504,20,ECU,Ecuador,E,CONMEBOL,10,MF,Kendry Páez,2007-05-04,19,25,2,False,River Plate,Argentina,Primera División,178,Right,,9,,,1,,,,,,Primera División (Argentina) - on loan from Chelsea,,,,75,14,medium,Young attacking midfielder; on loan at River Plate,https://en.wikipedia.org/wiki/Kendry_P%C3%A1ez
505,20,ECU,Ecuador,E,CONMEBOL,11,FW,Kevin Rodríguez,2000-03-04,26,31,2,False,Union Saint-Gilloise,Belgium,Belgian Pro League,190,Right,,41,,,14,,,,,,"Belgian Pro League, Belgian Cup, UEFA Champions League",,,,226,56,high,Leading scorer for Union SG,"https://en.wikipedia.org/wiki/Kevin_Rodr%C3%ADguez_(footballer,_born_2000)"
506,20,ECU,Ecuador,E,CONMEBOL,12,GK,Moisés Ramírez,2000-09-09,25,7,0,False,AE Kifisia,Greece,Super League Greece,186,Right,,27,,2618,0,0,,,5,,Super League Greece,,,,,0,medium,,https://www.slgr.gr/en/player/4626/ ; https://www.transfermarkt.us/moises-ramirez/leistungsdaten/spieler/450233
507,20,ECU,Ecuador,E,CONMEBOL,13,FW,Enner Valencia,1989-11-04,36,105,49,True,Pachuca,Mexico,Liga MX,177,Right,,22,,,8,,,,,,Liga MX,,,,643,196,high,Captain and all-time top scorer,https://en.wikipedia.org/wiki/Enner_Valencia
508,20,ECU,Ecuador,E,CONMEBOL,14,MF,Alan Minda,2003-05-14,23,19,2,False,Atlético Mineiro,Brazil,Série A,171,Right,,17,,,3,,,,,,Série A (Brazil); joined January 2026 from Cercle Brugge,,,,148,25,medium,Joined Atlético Mineiro in January 2026,https://en.wikipedia.org/wiki/Alan_Minda
509,20,ECU,Ecuador,E,CONMEBOL,15,MF,Pedro Vite,2002-03-09,24,16,1,False,UNAM,Mexico,Liga MX,178,Left,,36,,,2,,,,,,Liga MX,,,,171,19,medium,,https://en.wikipedia.org/wiki/Pedro_Vite
510,20,ECU,Ecuador,E,CONMEBOL,16,FW,Jordy Caicedo,1997-11-18,28,19,3,False,Huracán,Argentina,Primera División,185,Right,,17,,,8,,,,,,Primera División (Argentina) - on loan from Atlas,,,,257,61,medium,On loan at Huracán from Atlas,https://en.wikipedia.org/wiki/Jordy_Caicedo
511,20,ECU,Ecuador,E,CONMEBOL,17,DF,Ángelo Preciado,1998-02-18,28,54,0,False,Atlético Mineiro,Brazil,Série A,174,Right,,14,,,0,,,,,,Série A (Brazil); joined January 2026,,,,168,7,medium,Starting right-back; joined Atlético Mineiro January 2026,https://en.wikipedia.org/wiki/%C3%81ngelo_Preciado
512,20,ECU,Ecuador,E,CONMEBOL,18,MF,Denil Castillo,2004-03-24,22,5,0,False,Midtjylland,Denmark,Danish Superliga,,Right,,30,,,6,4,3,0,,,"Danish Superliga, Danish Cup, UEFA Europa League (incl. qualifiers)",,,,,,medium,,https://www.uefa.com/uefaeuropaleague/clubs/players/250187061--denil-castillo/statistics/ ; https://footystats.org/players/ecuador/denil-castillo
513,20,ECU,Ecuador,E,CONMEBOL,19,FW,Gonzalo Plata,2000-11-01,25,49,8,False,Flamengo,Brazil,Série A,173,Left,,28,,,4,,,,,,"Série A, Copa do Brasil, Copa Libertadores (2025 season)",,,,181,28,high,Attacking winger; won 2025 Copa Libertadores with Flamengo,https://en.wikipedia.org/wiki/Gonzalo_Plata
514,20,ECU,Ecuador,E,CONMEBOL,20,FW,Nilson Angulo,2003-06-19,22,13,1,False,Sunderland,England,Premier League,184,Right,,8,,,0,,,,,,Premier League (Sunderland); 22 apps/6 goals earlier in 2025-26 on loan at Anderlecht,,,,166,25,medium,Joined Sunderland in 2025-26 after spell at Anderlecht,https://en.wikipedia.org/wiki/Nilson_Angulo
515,20,ECU,Ecuador,E,CONMEBOL,21,MF,Alan Franco,1998-08-21,27,57,1,False,Atlético Mineiro,Brazil,Série A,181,Right,,30,,,1,,,,,,"Série A, Copa do Brasil, Copa Sudamericana (2025 season)",,,,217,7,high,,"https://en.wikipedia.org/wiki/Alan_Franco_(footballer,_born_1998)"
516,20,ECU,Ecuador,E,CONMEBOL,22,GK,Gonzalo Valle,1996-02-28,30,3,0,False,LDU Quito,Ecuador,LigaPro,188,Right,,30,,2599,0,0,,,,21,"LigaPro, Copa Libertadores (2025 season)",,,,,0,medium,Starred in LDU Quito's 2025 Copa Libertadores run,https://en.wikipedia.org/wiki/Gonzalo_Valle ; https://fbref.com/en/players/7340dadf/Gonzalo-Valle
517,20,ECU,Ecuador,E,CONMEBOL,23,MF,Moisés Caicedo,2001-11-02,24,60,3,False,Chelsea,England,Premier League,178,Right,90000000,50,,,5,1,9,1,,,"Premier League, FA Cup, EFL Cup, UEFA Champions League, FIFA Club World Cup",,,,246,18,high,Key starting midfielder at Chelsea,https://en.wikipedia.org/wiki/Mois%C3%A9s_Caicedo ; https://www.premierleague.com/en/players/486672/moises-caicedo/overview
518,20,ECU,Ecuador,E,CONMEBOL,24,FW,Jeremy Arévalo,2005-03-19,21,3,0,False,VfB Stuttgart,Germany,Bundesliga,182,Right,,7,,,0,,,,,,Bundesliga (VfB Stuttgart); 18 apps/8 goals earlier in 2025-26 on loan at Racing Santander,,,,100,14,medium,Returned to Stuttgart after loan at Racing Santander,https://en.wikipedia.org/wiki/Jeremy_Ar%C3%A9valo
519,20,ECU,Ecuador,E,CONMEBOL,25,DF,Jackson Porozo,2000-08-04,25,9,1,False,Tijuana,Mexico,Liga MX,191,Right,,16,,,0,,,,,,Liga MX,,,,124,6,medium,,https://en.wikipedia.org/wiki/Jackson_Porozo
520,20,ECU,Ecuador,E,CONMEBOL,26,DF,Yaimar Medina,2004-11-05,21,5,0,False,KRC Genk,Belgium,Belgian Pro League,177,Left,,23,,,0,,,,,,Belgian Pro League (all competitions),,,,74,6,medium,,https://en.wikipedia.org/wiki/Yaimar_Medina
521,21,NED,Netherlands,F,UEFA,1,GK,Bart Verbruggen,2002-08-18,23,28,0,False,Brighton & Hove Albion,England,Premier League,193,Right,40000000,38,38,3420,0,0,3,0,10,46,Premier League,,,,119,0,high,First-choice goalkeeper for club and country,https://en.wikipedia.org/wiki/Bart_Verbruggen ; https://www.sportbusy.com/players/soccer/291609/
522,21,NED,Netherlands,F,UEFA,2,DF,Jurriën Timber,2001-06-17,24,24,0,False,Arsenal,England,Premier League,179,Right,70000000,44,,,4,,,,,,"Premier League, FA Cup, EFL Cup, UEFA Champions League",,,,255,12,high,Regular starter at full-back/centre-back,https://en.wikipedia.org/wiki/Jurri%C3%ABn_Timber
523,21,NED,Netherlands,F,UEFA,3,MF,Marten de Roon,1991-03-29,35,43,1,False,Atalanta,Italy,Serie A,185,Right,4000000,50,,,2,,,,,,"Serie A, Coppa Italia, UEFA Champions League",,,,650,36,medium,Experienced defensive midfielder,https://en.wikipedia.org/wiki/Marten_de_Roon
524,21,NED,Netherlands,F,UEFA,4,DF,Virgil van Dijk,1991-07-08,34,91,12,True,Liverpool,England,Premier League,195,Right,25000000,55,,,8,,4,0,,,"Premier League, FA Cup, UEFA Champions League",,,,635,65,high,Captain and defensive leader,https://en.wikipedia.org/wiki/Virgil_van_Dijk ; https://www.sportbusy.com/players/soccer/157892/
525,21,NED,Netherlands,F,UEFA,5,DF,Nathan Aké,1995-02-18,31,59,5,False,Manchester City,England,Premier League,180,Left,28000000,32,,,0,,,,,,"Premier League, FA Cup, EFL Cup, UEFA Champions League",,,,348,22,high,Versatile defender,https://en.wikipedia.org/wiki/Nathan_Ak%C3%A9
526,21,NED,Netherlands,F,UEFA,6,DF,Jan Paul van Hecke,2000-06-08,26,11,0,False,Brighton & Hove Albion,England,Premier League,187,Right,35000000,40,,,3,,,,,,"Premier League, FA Cup",,,,208,10,high,Regular starter at centre-back,https://en.wikipedia.org/wiki/Jan_Paul_van_Hecke
527,21,NED,Netherlands,F,UEFA,7,MF,Justin Kluivert,1999-05-05,27,12,0,False,Bournemouth,England,Premier League,171,Right,28000000,18,,,2,0,,,,,Premier League,,,,263,53,medium,Attacking midfielder/winger; season cut short by knee surgery in January 2026,https://en.wikipedia.org/wiki/Justin_Kluivert ; https://www.sportbusy.com/players/soccer/245916/
528,21,NED,Netherlands,F,UEFA,8,MF,Ryan Gravenberch,2002-05-16,24,26,1,False,Liverpool,England,Premier League,190,Right,90000000,50,,,6,,,,,,"Premier League, FA Cup, EFL Cup, UEFA Champions League",,,,318,31,high,Key central midfielder,https://en.wikipedia.org/wiki/Ryan_Gravenberch
529,21,NED,Netherlands,F,UEFA,9,FW,Wout Weghorst,1992-08-07,33,52,14,False,Ajax,Netherlands,Eredivisie,197,Right,6000000,27,,,8,,,,,,"Eredivisie, KNVB Cup, UEFA Champions League",,,,438,168,high,Target-man striker,https://en.wikipedia.org/wiki/Wout_Weghorst
530,21,NED,Netherlands,F,UEFA,10,FW,Memphis Depay,1994-02-13,32,109,55,False,Corinthians,Brazil,Campeonato Brasileiro Série A,176,Right,12000000,14,,,1,,,,,,"Campeonato Brasileiro Série A, Copa do Brasil",,,,516,179,low,All-time top scorer; quiet club spell after hamstring injury,https://en.wikipedia.org/wiki/Memphis_Depay
531,21,NED,Netherlands,F,UEFA,11,FW,Cody Gakpo,1999-05-07,27,49,19,False,Liverpool,England,Premier League,189,Right,75000000,52,,,9,,,,,,"Premier League, FA Cup, EFL Cup, UEFA Champions League",,,,258,84,high,"Key attacker, match-winner from the left",https://en.wikipedia.org/wiki/Cody_Gakpo
532,21,NED,Netherlands,F,UEFA,12,DF,Mats Wieffer,1999-11-16,26,15,1,False,Brighton & Hove Albion,England,Premier League,187,Right,22000000,28,,,2,,,,,,"Premier League, FA Cup",,,,214,18,high,Midfielder used in defensive roles,https://en.wikipedia.org/wiki/Mats_Wieffer
533,21,NED,Netherlands,F,UEFA,13,GK,Robin Roefs,2003-01-17,23,1,0,False,Sunderland,England,Premier League,191,Right,20000000,37,37,,0,0,,,,,"Premier League, FA Cup, EFL Cup",,,,72,0,high,Emerging goalkeeper,https://en.wikipedia.org/wiki/Robin_Roefs
534,21,NED,Netherlands,F,UEFA,14,MF,Tijjani Reijnders,1998-07-29,27,31,7,False,Manchester City,England,Premier League,185,Right,80000000,47,,,7,,,,,,"Premier League, FA Cup, EFL Cup, UEFA Champions League",,,,298,45,high,"Box-to-box midfielder, regular starter",https://en.wikipedia.org/wiki/Tijjani_Reijnders
535,21,NED,Netherlands,F,UEFA,15,DF,Micky van de Ven,2001-04-19,25,20,1,False,Tottenham Hotspur,England,Premier League,193,Left,65000000,45,,,7,1,,,,,"Premier League, FA Cup, EFL Cup, UEFA Champions League",,,,164,11,high,"Pacey centre-back, regular starter",https://en.wikipedia.org/wiki/Micky_van_de_Ven ; https://www.sportbusy.com/players/soccer/296512/
536,21,NED,Netherlands,F,UEFA,16,MF,Guus Til,1997-12-22,28,6,1,False,PSV Eindhoven,Netherlands,Eredivisie,187,Right,12000000,40,,,17,,,,,,"Eredivisie, KNVB Cup, UEFA Champions League",,,,369,111,high,Goalscoring midfielder,https://en.wikipedia.org/wiki/Guus_Til
537,21,NED,Netherlands,F,UEFA,17,FW,Noa Lang,1999-06-17,26,15,3,False,Galatasaray,Turkey,Süper Lig,178,Right,18000000,19,,,2,,,,,,"Süper Lig, Turkish Cup, UEFA Champions League",,,,302,77,medium,"Winger, on loan from Napoli",https://en.wikipedia.org/wiki/Noa_Lang
538,21,NED,Netherlands,F,UEFA,18,FW,Donyell Malen,1999-01-19,27,52,13,False,Roma,Italy,Serie A,176,Right,25000000,18,,,14,2,,,,,Serie A,,,,250,104,high,Forward/winger; leading scorer at Roma after winter move,https://en.wikipedia.org/wiki/Donyell_Malen ; https://www.sofascore.com/football/player/donyell-malen/803039
539,21,NED,Netherlands,F,UEFA,19,FW,Brian Brobbey,2002-02-01,24,11,1,False,Sunderland,England,Premier League,180,Right,22000000,31,,,7,,,,,,"Premier League, FA Cup, EFL Cup",,,,240,76,medium,Centre-forward,https://en.wikipedia.org/wiki/Brian_Brobbey
540,21,NED,Netherlands,F,UEFA,20,MF,Teun Koopmeiners,1998-02-28,28,28,3,False,Juventus,Italy,Serie A,184,Right,20000000,45,,,2,,,,,,"Serie A, Coppa Italia, UEFA Champions League",,,,397,82,high,Attacking midfielder,https://en.wikipedia.org/wiki/Teun_Koopmeiners
541,21,NED,Netherlands,F,UEFA,21,MF,Frenkie de Jong,1997-05-12,29,65,2,False,Barcelona,Spain,La Liga,181,Right,50000000,38,,,1,,,,,,"La Liga, Copa del Rey, UEFA Champions League",,,,435,33,high,Vice-captain; key central midfielder,https://en.wikipedia.org/wiki/Frenkie_de_Jong
542,21,NED,Netherlands,F,UEFA,22,DF,Denzel Dumfries,1996-04-18,30,71,11,False,Inter Milan,Italy,Serie A,188,Right,35000000,28,,,5,,,,,,"Serie A, Coppa Italia, UEFA Champions League",,,,438,49,high,Attacking right wing-back,https://en.wikipedia.org/wiki/Denzel_Dumfries
543,21,NED,Netherlands,F,UEFA,23,GK,Mark Flekken,1993-06-13,32,11,0,False,Bayer Leverkusen,Germany,Bundesliga,194,Right,9000000,33,,,0,0,,,,,"Bundesliga, DFB-Pokal, UEFA Champions League",,,,325,1,high,Backup goalkeeper,https://en.wikipedia.org/wiki/Mark_Flekken
544,21,NED,Netherlands,F,UEFA,24,FW,Crysencio Summerville,2001-10-30,24,1,0,False,West Ham United,England,Premier League,174,Right,25000000,34,,,7,,,,,,"Premier League, FA Cup",,,,185,40,high,Winger,https://en.wikipedia.org/wiki/Crysencio_Summerville
545,21,NED,Netherlands,F,UEFA,25,DF,Jorrel Hato,2006-03-07,20,8,0,False,Chelsea,England,Premier League,182,Left,45000000,36,,,2,,,,,,"Premier League, FA Cup, EFL Cup, UEFA Champions League",,,,160,7,high,Young versatile defender,https://en.wikipedia.org/wiki/Jorrel_Hato
546,21,NED,Netherlands,F,UEFA,26,MF,Quinten Timber,2001-06-17,24,11,1,False,Marseille,France,Ligue 1,178,Right,28000000,16,,,0,,,,,,"Ligue 1, Coupe de France",,,,176,22,medium,Central midfielder; joined Marseille mid-season from Feyenoord (41 apps / 4 goals across both clubs in 2025-26),https://en.wikipedia.org/wiki/Quinten_Timber
547,22,JPN,Japan,F,AFC,1,GK,Zion Suzuki,2002-08-21,23,23,0,False,Parma,Italy,Serie A,190,right,24100000,20,20,1800,0,0,1,0,5,28,Serie A,,,,,0,high,Number one goalkeeper,https://www.fotmob.com/players/1053679/zion-suzuki ; https://www.livescore.com/en/season-stats/zion-suzuki/23608/
548,22,JPN,Japan,F,AFC,2,DF,Yukinari Sugawara,2000-06-28,25,21,2,False,Werder Bremen,Germany,Bundesliga,177,right,8000000,31,29,2435,0,6,,,,,Bundesliga,,,,,,high,On loan at Werder Bremen from Southampton; corrected international_goals from 6 to 2 and caps from 20 to 21 per Wikipedia,https://en.wikipedia.org/wiki/Yukinari_Sugawara ; https://www.livescore.com/en/season-stats/yukinari-sugawara/19996/
549,22,JPN,Japan,F,AFC,3,DF,Shogo Taniguchi,1991-07-15,34,38,1,False,Sint-Truiden,Belgium,Belgian Pro League,185,right,750000,31,,2787,1,1,,,,,Belgian Pro League,,,,,,medium,Captain at Sint-Truiden; caps updated to 38 per Transfermarkt,https://www.transfermarkt.us/shogo-taniguchi/leistungsdatendetails/spieler/307870/verein/9598 ; https://www.livescore.com/en/season-stats/shogo-taniguchi/33255/
550,22,JPN,Japan,F,AFC,4,DF,Ko Itakura,1997-01-27,29,40,2,False,Ajax,Netherlands,Eredivisie,188,right,,26,,,1,0,,,,,"Eredivisie, UEFA Champions League",,,,253,19,high,First Japanese player to feature for Ajax first team; caps updated to 40 per Wikipedia,https://en.wikipedia.org/wiki/Ko_Itakura
551,22,JPN,Japan,F,AFC,5,DF,Yuto Nagatomo,1986-09-12,39,144,4,False,FC Tokyo,Japan,J1 League,170,left,,27,,1723,0,2,,,,,J1 League,,,,508,17,high,"Veteran, most World Cup squad selections in Japan history",https://www.livescore.com/en/season-stats/yuto-nagatomo/23662/ ; https://en.wikipedia.org/wiki/Y%C5%ABto_Nagatomo
552,22,JPN,Japan,F,AFC,6,MF,Wataru Endo,1993-02-09,33,73,4,True,Liverpool,England,Premier League,178,right,4000000,,,,0,,,,,,"Premier League, UEFA Champions League, FA Cup, EFL Cup, FA Community Shield",,,,439,44,medium,"Captain; limited 2025-26 minutes (rotation), Wikipedia listed 8 PL apps as of Feb 2026; caps updated to 73",https://en.wikipedia.org/wiki/Wataru_Endo ; https://www.transfermarkt.us/wataru-endo/leistungsdaten/spieler/146310
553,22,JPN,Japan,F,AFC,7,MF,Ao Tanaka,1998-09-10,27,37,8,False,Leeds United,England,Premier League,180,right,13000000,33,,,4,,,,,,"Premier League, FA Cup, EFL Cup",,,,267,29,high,Scored long-range strikes vs Chelsea and Liverpool in Dec 2025,https://en.wikipedia.org/wiki/Ao_Tanaka
554,22,JPN,Japan,F,AFC,8,MF,Takefusa Kubo,2001-06-04,25,49,7,False,Real Sociedad,Spain,La Liga,173,left,32700000,27,,1508,2,4,,,,,"La Liga, Copa del Rey",,,,300,44,high,Copa del Rey winner with Real Sociedad 2025-26; club apps shown are La Liga only,https://en.wikipedia.org/wiki/Takefusa_Kubo ; https://www.fotmob.com/players/848289/takefusa-kubo
555,22,JPN,Japan,F,AFC,9,FW,Keisuke Goto,2005-06-03,21,4,0,False,Sint-Truiden,Belgium,Belgian Pro League,191,right,,25,,,11,,,,,,Belgian Pro League,,,,,,high,Youngest squad member; on loan at Sint-Truiden from Anderlecht; caps updated to 4,https://en.wikipedia.org/wiki/Keisuke_Goto
556,22,JPN,Japan,F,AFC,10,MF,Ritsu Doan,1998-06-16,27,65,11,False,Eintracht Frankfurt,Germany,Bundesliga,172,left,25000000,40,,,7,,,,,,"Bundesliga, UEFA Champions League, DFB-Pokal",,,,281,60,high,Joined Frankfurt from Freiburg in Aug 2025; caps updated to 65,https://en.wikipedia.org/wiki/Ritsu_Doan
557,22,JPN,Japan,F,AFC,11,FW,Daizen Maeda,1997-10-20,28,27,4,False,Celtic,Scotland,Scottish Premiership,173,right,13000000,54,,,17,,,,,,"Scottish Premiership, Scottish Cup, Scottish League Cup, UEFA competitions",,,,212,79,high,Captained Japan for first time Mar 2026; career_club totals are Celtic only,https://en.wikipedia.org/wiki/Daizen_Maeda
558,22,JPN,Japan,F,AFC,12,GK,Keisuke Osako,1999-07-28,26,11,0,False,Sanfrecce Hiroshima,Japan,J1 League,188,right,,,,,0,0,,,,,J1 League,,,,224,0,medium,2024 J.League Best XI; 2025 EAFF Best Goalkeeper; career apps are J1 League only,https://en.wikipedia.org/wiki/Keisuke_Osako
559,22,JPN,Japan,F,AFC,13,FW,Keito Nakamura,2000-07-28,25,24,10,False,Stade de Reims,France,Ligue 2,174,right,,29,,2359,14,2,2,0,,,Ligue 2,,,,,,high,Reims' leading scorer in Ligue 2 2025-26,https://www.livescore.com/en/season-stats/keito-nakamura/6664/ ; https://www.sofascore.com/football/player/keito-nakamura/905352
560,22,JPN,Japan,F,AFC,14,MF,Junya Ito,1993-03-09,33,69,15,False,Genk,Belgium,Belgian Pro League,176,right,3500000,28,,1785,6,5,,,,,Belgian Pro League,,,,378,68,high,Returned to Genk Aug 2025 after Reims relegation; caps updated to 69,https://en.wikipedia.org/wiki/Junya_It%C5%8D ; https://www.fotmob.com/players/604044/junya-ito
561,22,JPN,Japan,F,AFC,15,MF,Daichi Kamada,1996-08-05,29,49,12,False,Crystal Palace,England,Premier League,184,right,,46,,,1,,,,,,"Premier League, UEFA Conference League, EFL Cup, FA Community Shield",,,,320,50,high,First Japanese player in Crystal Palace history,https://en.wikipedia.org/wiki/Daichi_Kamada
562,22,JPN,Japan,F,AFC,16,DF,Tsuyoshi Watanabe,1997-02-05,29,11,0,False,Feyenoord,Netherlands,Eredivisie,186,right,,30,,,2,,,,,,Eredivisie,,,,,,high,Joined Feyenoord Jul 2025; club apps shown are Eredivisie only,https://en.wikipedia.org/wiki/Tsuyoshi_Watanabe
563,22,JPN,Japan,F,AFC,17,MF,Yuito Suzuki,2001-10-25,24,6,0,False,SC Freiburg,Germany,Bundesliga,175,left,,41,,,9,,,,,,"Bundesliga, UEFA Europa League, DFB-Pokal",,,,,,high,Joined Freiburg Jul 2025 from Brondby,https://en.wikipedia.org/wiki/Yuito_Suzuki
564,22,JPN,Japan,F,AFC,18,MF,Kaishu Sano,2000-12-30,25,13,0,False,Mainz 05,Germany,Bundesliga,176,right,,47,,,1,,,,,,"Bundesliga, UEFA Conference League, DFB-Pokal",,,,,,high,IFFHS Asian Men's Team of the Year 2025; caps updated to 13,https://en.wikipedia.org/wiki/Kaishu_Sano
565,22,JPN,Japan,F,AFC,19,FW,Koki Ogawa,1997-08-08,28,15,11,False,NEC Nijmegen,Netherlands,Eredivisie,186,right,,26,,,8,,,,,,"Eredivisie, KNVB Cup",,,,,,high,"Caps updated to 15, international_goals to 11 per Wikipedia",https://en.wikipedia.org/wiki/Koki_Ogawa_(footballer)
566,22,JPN,Japan,F,AFC,20,DF,Ayumu Seko,2000-06-07,26,14,0,False,Le Havre,France,Ligue 1,185,right,,30,,,0,,,,,,Ligue 1,,,,285,7,high,Joined Le Havre Jul 2025; caps updated to 14; club apps shown are Ligue 1 only,https://en.wikipedia.org/wiki/Ayumu_Seko
567,22,JPN,Japan,F,AFC,21,DF,Hiroki Ito,1999-05-12,27,24,1,False,Bayern Munich,Germany,Bundesliga,188,left,,23,,,1,,,,,,"Bundesliga, UEFA Champions League, DFB-Pokal",,,,,,high,Bundesliga champion 2024-25 and 2025-26 with Bayern; caps updated to 24,"https://en.wikipedia.org/wiki/Hiroki_It%C5%8D_(footballer,_born_1999)"
568,22,JPN,Japan,F,AFC,22,DF,Takehiro Tomiyasu,1998-11-05,27,43,1,False,Ajax,Netherlands,Eredivisie,187,right,,9,,,0,,,,,,"Eredivisie, UEFA Champions League",,,,252,7,medium,Returned after roughly two years out with injuries; caps updated to 43,https://en.wikipedia.org/wiki/Takehiro_Tomiyasu
569,22,JPN,Japan,F,AFC,23,GK,Tomoki Hayakawa,1999-03-03,27,3,0,False,Kashima Antlers,Japan,J1 League,187,right,,38,38,3420,0,0,,,16,28,J1 League,,,,,0,high,2025 J.League MVP; played every league minute; club apps shown are J1 League only,https://www.livescore.com/en/season-stats/tomoki-hayakawa/23323/ ; https://en.wikipedia.org/wiki/Tomoki_Hayakawa
570,22,JPN,Japan,F,AFC,24,FW,Ayase Ueda,1998-08-28,27,39,16,False,Feyenoord,Netherlands,Eredivisie,182,right,9000000,40,,,26,,,,,,"Eredivisie, UEFA competitions, KNVB Cup",,,,205,97,high,Squad's leading scorer with 16 international goals; 31 league goals... 25 league goals in 2025-26,https://en.wikipedia.org/wiki/Ayase_Ueda
571,22,JPN,Japan,F,AFC,25,DF,Junnosuke Suzuki,2003-07-12,22,6,0,False,FC Copenhagen,Denmark,Danish Superliga,180,right,,36,,,2,,,,,,"Danish Superliga, UEFA Champions League, Danish Cup",,,,,,high,Joined FC Copenhagen Jul 2025 from Shonan Bellmare,https://en.wikipedia.org/wiki/Junnosuke_Suzuki
572,22,JPN,Japan,F,AFC,26,FW,Kento Shiogai,2005-03-26,21,2,0,False,VfL Wolfsburg,Germany,Bundesliga,180,right,,13,,,1,,,,,,Bundesliga,,,,,,high,Surprise selection; joined Wolfsburg Jan 2026 from NEC Nijmegen; caps updated to 2,https://en.wikipedia.org/wiki/Kento_Shiogai
573,23,SWE,Sweden,F,UEFA,1,GK,Jacob Widell Zetterström,1998-07-11,27,3,0,False,Derby County,England,EFL Championship,197,,,33,,,0,0,,,7,45,"EFL Championship, FA Cup",,,,238,0,high,,https://en.wikipedia.org/wiki/Jacob_Widell_Zetterstr%C3%B6m ; https://footystats.org/players/sweden/jacob-widell-zetterstrom
574,23,SWE,Sweden,F,UEFA,2,DF,Gustaf Lagerbielke,2000-04-10,26,11,2,False,Braga,Portugal,Primeira Liga,193,,,52,,,4,,,,,,"Primeira Liga, Taça de Portugal, Taça da Liga, UEFA Europa League",,,,220,19,high,,https://en.wikipedia.org/wiki/Gustaf_Lagerbielke_(footballer)
575,23,SWE,Sweden,F,UEFA,3,DF,Victor Lindelöf,1994-07-17,31,76,3,True,Aston Villa,England,Premier League,187,Right,,28,,,0,1,,,,,"Premier League, FA Cup, UEFA Europa League",,,,532,10,high,"Veteran centre-back, team captain",https://en.wikipedia.org/wiki/Victor_Lindel%C3%B6f
576,23,SWE,Sweden,F,UEFA,4,DF,Isak Hien,1999-01-13,27,29,0,False,Atalanta,Italy,Serie A,191,Right,,39,,,1,0,4,,,,"Serie A, Coppa Italia, UEFA Champions League",,,,230,7,high,,https://en.wikipedia.org/wiki/Isak_Hien ; https://www.livescore.com/en/season-stats/isak-hien/3719/
577,23,SWE,Sweden,F,UEFA,5,DF,Gabriel Gudmundsson,1999-04-29,27,24,0,False,Leeds United,England,Premier League,180,Left,,35,,,1,,,,,,"Premier League, FA Cup",,,,303,24,high,,https://en.wikipedia.org/wiki/Gabriel_Gudmundsson
578,23,SWE,Sweden,F,UEFA,6,DF,Herman Johansson,1997-10-16,28,3,0,False,FC Dallas,United States,Major League Soccer,190,,,9,,,0,,,,,,Major League Soccer,,,,261,79,medium,Joined FC Dallas Dec 2025 from Mjällby AIF; played 2025 at Mjällby where he won the Allsvenskan title,https://en.wikipedia.org/wiki/Herman_Johansson ; https://www.mlssoccer.com/news/fc-dallas-defender-herman-johansson-makes-sweden-2026-world-cup-roster
579,23,SWE,Sweden,F,UEFA,7,MF,Lucas Bergvall,2006-02-02,20,10,0,False,Tottenham Hotspur,England,Premier League,185,Right,,33,,,1,3,2,,,,"Premier League, EFL Cup, UEFA Champions League, UEFA Super Cup",,,,138,12,high,"Young midfielder, breakthrough talent",https://en.wikipedia.org/wiki/Lucas_Bergvall ; https://www.livescore.com/en/season-stats/lucas-bergvall/52472/
580,23,SWE,Sweden,F,UEFA,8,DF,Daniel Svensson,2002-02-12,24,13,0,False,Borussia Dortmund,Germany,Bundesliga,183,Left,,45,,,4,,,,,,"Bundesliga, DFB-Pokal, UEFA Champions League",,,,285,17,high,,"https://en.wikipedia.org/wiki/Daniel_Svensson_(footballer,_born_2002)"
581,23,SWE,Sweden,F,UEFA,9,FW,Alexander Isak,1999-09-21,26,58,17,False,Liverpool,England,Premier League,192,Right,85000000,22,,,4,1,,,,,"Premier League, EFL Cup, UEFA Champions League",,,,262,118,high,Key striker; joined Liverpool Sep 2025 for a British record fee,https://en.wikipedia.org/wiki/Alexander_Isak ; https://www.transfermarkt.us/alexander-isak/leistungsdaten/spieler/349066/saison/2025
582,23,SWE,Sweden,F,UEFA,10,MF,Benjamin Nygren,2001-07-08,24,11,3,False,Celtic,Scotland,Scottish Premiership,184,,,58,,,21,,,,,,"Scottish Premiership, Scottish Cup, Scottish League Cup, UEFA Champions League / UEFA Europa League",,,,237,69,high,,https://en.wikipedia.org/wiki/Benjamin_Nygren
583,23,SWE,Sweden,F,UEFA,11,FW,Anthony Elanga,2002-04-27,24,30,6,False,Newcastle United,England,Premier League,178,Right,,49,,,3,1,,,,,"Premier League, FA Cup, EFL Cup, UEFA Champions League",,,,192,20,high,,https://en.wikipedia.org/wiki/Anthony_Elanga ; https://www.premierleague.com/en/players/449434/anthony-elanga/stats
584,23,SWE,Sweden,F,UEFA,12,GK,Viktor Johansson,1998-09-14,27,12,0,False,Stoke City,England,EFL Championship,186,,,25,,,0,0,,,8,22,EFL Championship,,,,233,0,high,Dislocated shoulder vs Sheffield United on 29 Dec 2025,https://en.wikipedia.org/wiki/Viktor_Johansson ; https://footystats.org/players/sweden/viktor-johansson
585,23,SWE,Sweden,F,UEFA,13,MF,Ken Sema,1993-09-30,32,33,5,False,Pafos,Cyprus,Cypriot First Division,180,Left,,36,,,0,,,,,,"Cypriot First Division, Cypriot Cup, UEFA Champions League",,,,419,41,high,,https://en.wikipedia.org/wiki/Ken_Sema
586,23,SWE,Sweden,F,UEFA,14,DF,Hjalmar Ekdal,1998-10-21,27,13,0,False,Burnley,England,Premier League,187,Right,,21,,,0,,,,,,"Premier League, FA Cup",,,,206,16,high,,https://en.wikipedia.org/wiki/Hjalmar_Ekdal
587,23,SWE,Sweden,F,UEFA,15,DF,Carl Starfelt,1995-06-01,31,18,0,False,Celta Vigo,Spain,La Liga,185,Right,,30,,,1,,,,,,"La Liga, UEFA Europa League",,,,305,11,high,,https://en.wikipedia.org/wiki/Carl_Starfelt
588,23,SWE,Sweden,F,UEFA,16,MF,Jesper Karlström,1995-06-21,30,25,0,False,Udinese,Italy,Serie A,182,Right,,35,,,1,,,,,,"Serie A, Coppa Italia",,,,451,24,high,,https://en.wikipedia.org/wiki/Jesper_Karlstr%C3%B6m
589,23,SWE,Sweden,F,UEFA,17,FW,Viktor Gyökeres,1998-06-04,28,33,20,False,Arsenal,England,Premier League,189,Right,65000000,55,,,21,,,,,,"Premier League, FA Cup, EFL Cup, UEFA Champions League",,,,391,195,high,"Prolific striker, top scorer; won 2025-26 Premier League title with Arsenal in debut season",https://en.wikipedia.org/wiki/Viktor_Gy%C3%B6keres ; https://www.transfermarkt.us/viktor-gyokeres/leistungsdaten/spieler/325443/saison/2025
590,23,SWE,Sweden,F,UEFA,18,MF,Yasin Ayari,2003-10-06,22,21,3,False,Brighton & Hove Albion,England,Premier League,172,Right,,32,,,4,,,,,,"Premier League, FA Cup, EFL Cup",,,,126,10,high,,https://en.wikipedia.org/wiki/Yasin_Ayari
591,23,SWE,Sweden,F,UEFA,19,MF,Mattias Svanberg,1999-01-05,27,41,2,False,VfL Wolfsburg,Germany,Bundesliga,184,Right,,28,,,5,,,,,,"Bundesliga, DFB-Pokal, Bundesliga relegation play-offs",,,,284,29,high,,https://en.wikipedia.org/wiki/Mattias_Svanberg
592,23,SWE,Sweden,F,UEFA,20,DF,Eric Smith,1997-01-08,29,2,0,False,FC St. Pauli,Germany,Bundesliga,190,,,29,,2314,2,2,4,1,,,"Bundesliga, DFB-Pokal",,,,252,7,high,,https://en.wikipedia.org/wiki/Eric_Smith_(Swedish_footballer) ; https://www.fotmob.com/players/531327/eric-smith
593,23,SWE,Sweden,F,UEFA,21,DF,Alexander Bernhardsson,1998-09-08,27,11,0,False,Holstein Kiel,Germany,2. Bundesliga,184,,,20,,,2,9,,,,,2. Bundesliga,,,,200,44,medium,Strong assist provider for Holstein Kiel in 2025-26 despite injury issues,https://en.wikipedia.org/wiki/Alexander_Bernhardsson ; https://www.kicker.de/alexander-bernhardsson/spieler
594,23,SWE,Sweden,F,UEFA,22,MF,Besfort Zeneli,2002-11-21,23,8,0,False,Union Saint-Gilloise,Belgium,Belgian Pro League,178,,,16,,,3,,,,,,"Belgian Pro League, Belgian Cup",,,,83,7,high,,https://en.wikipedia.org/wiki/Besfort_Zeneli
595,23,SWE,Sweden,F,UEFA,23,GK,Kristoffer Nordfeldt,1989-06-23,36,21,0,False,AIK,Sweden,Allsvenskan,190,Right,,35,,,0,0,,,10,19,"Allsvenskan, Svenska Cupen, UEFA competitions",,,,426,0,high,Veteran goalkeeper; clean sheet/conceded figures are for the 2025 Allsvenskan league season,https://en.wikipedia.org/wiki/Kristoffer_Nordfeldt ; https://footystats.org/players/sweden/kristoffer-nordfeldt
596,23,SWE,Sweden,F,UEFA,24,DF,Elliot Stroud,2002-06-22,23,1,0,False,Mjällby AIF,Sweden,Allsvenskan,180,,,33,,,12,,,,,,"Allsvenskan, Svenska Cupen",,,,152,33,high,"2025 figures shown (won Allsvenskan title with Mjällby, named league's best defender); plays as left midfielder/winger",https://en.wikipedia.org/wiki/Elliot_Stroud
597,23,SWE,Sweden,F,UEFA,25,FW,Gustaf Nilsson,1997-05-23,29,10,4,False,Club Brugge,Belgium,Belgian Pro League,195,Right,,11,,,0,,,,,,"Belgian Pro League, Belgian Cup, UEFA Champions League",,,,258,65,medium,2025-26 club figures recorded as of 22 April 2026,"https://en.wikipedia.org/wiki/Gustaf_Nilsson_(footballer,_born_1997)"
598,23,SWE,Sweden,F,UEFA,26,FW,Taha Ali,1998-07-01,27,2,0,False,Malmö FF,Sweden,Allsvenskan,174,,,12,,,2,,,,,,"Allsvenskan, Svenska Cupen, UEFA Europa League",,,,260,45,high,,https://en.wikipedia.org/wiki/Taha_Ali
599,24,TUN,Tunisia,F,CAF,1,GK,Mouhib Chamakh,2001-08-25,24,2,0,False,Club Africain,Tunisia,Ligue Professionnelle 1,192,,,25,,,0,,,,,,Ligue Professionnelle 1,,,,74,0,medium,Starting goalkeeper as Club Africain won the 2025-26 Tunisian Ligue Professionnelle 1.,https://en.wikipedia.org/wiki/Mouhib_Chamakh
600,24,TUN,Tunisia,F,CAF,2,DF,Ali Abdi,1993-12-20,32,46,7,False,Nice,France,Ligue 1,177,,2500000,32,,,3,,2,1,,,"Ligue 1, UEFA competitions, Coupe de France",,,,294,43,high,,https://en.wikipedia.org/wiki/Ali_Abdi_(footballer) ; https://www.fotmob.com/players/566187/ali-abdi ; https://www.transfermarkt.us/ali-abdi/profil/spieler/211474
601,24,TUN,Tunisia,F,CAF,3,DF,Montassar Talbi,1998-05-26,28,64,4,False,Lorient,France,Ligue 1,190,,7000000,31,,,0,1,,,,,"Ligue 1, Coupe de France",,,,210,4,high,,https://en.wikipedia.org/wiki/Montassar_Talbi ; https://www.transfermarkt.us/montassar-talbi/profil/spieler/496706
602,24,TUN,Tunisia,F,CAF,4,DF,Omar Rekik,2001-12-20,24,6,0,False,Maribor,Slovenia,PrvaLiga,188,,,28,,,1,1,8,1,,,"PrvaLiga, UEFA Conference League",,,,,,medium,Key defensive figure for Maribor; 10 clean sheets in the PrvaLiga.,https://en.wikipedia.org/wiki/Omar_Rekik ; https://www.sofascore.com/football/player/omar-rekik/976251 ; https://www.uefa.com/uefaconferenceleague/clubs/players/250124848--omar-rekik/
603,24,TUN,Tunisia,F,CAF,5,DF,Adem Arous,2004-07-17,21,2,0,False,Kasımpaşa,Turkey,Süper Lig,188,,,12,10,,1,0,,,,,Süper Lig,,,,,,medium,Joined Kasımpaşa on 2 September 2025.,https://en.wikipedia.org/wiki/Adem_Arous ; https://www.sofascore.com/football/player/adem-arous/2018238
604,24,TUN,Tunisia,F,CAF,6,DF,Dylan Bronn,1995-06-19,30,52,2,False,Servette,Switzerland,Swiss Super League,186,,,14,,1215,0,1,4,,,,"Swiss Super League, UEFA competitions",,,,,,medium,,https://en.wikipedia.org/wiki/Dylan_Bronn ; https://www.livescore.com/en/season-stats/dylan-bronn/2338/ ; https://www.fotmob.com/players/771686/dylan-bronn
605,24,TUN,Tunisia,F,CAF,7,FW,Elias Achouri,1999-02-10,27,30,4,False,Copenhagen,Denmark,Danish Superliga,177,,,37,,,5,,,,,,"Danish Superliga, Danish Cup, UEFA Champions League",,,,142,26,high,Featured in UEFA Champions League with Copenhagen.,https://en.wikipedia.org/wiki/Elias_Achouri
606,24,TUN,Tunisia,F,CAF,8,FW,Elias Saad,1999-12-27,26,15,4,False,Hannover 96,Germany,2. Bundesliga,185,,,13,,,0,,,,,,2. Bundesliga,,,,144,48,medium,On loan at Hannover 96 from FC Augsburg.,https://en.wikipedia.org/wiki/Elias_Saad
607,24,TUN,Tunisia,F,CAF,9,FW,Hazem Mastouri,1997-06-18,28,19,4,False,Dynamo Makhachkala,Russia,Russian Premier League,191,,,29,,,4,0,6,,,,"Russian Premier League, Russian Cup",,,,97,34,high,,https://en.wikipedia.org/wiki/Hazem_Mastouri ; https://www.fotmob.com/players/1311408/hazem-mastouri
608,24,TUN,Tunisia,F,CAF,10,MF,Hannibal Mejbri,2003-01-21,23,45,1,False,Burnley,England,Premier League,184,,15000000,30,,,1,4,8,0,,,"Premier League, FA Cup, EFL Cup",,,,116,4,high,Wears No. 28 at Burnley.,https://en.wikipedia.org/wiki/Hannibal_Mejbri ; https://www.livescore.com/en/season-stats/hannibal-mejbri/9068/ ; https://www.transfermarkt.us/hannibal/profil/spieler/607224
609,24,TUN,Tunisia,F,CAF,11,MF,Ismaël Gharbi,2004-04-10,22,17,2,False,FC Augsburg,Germany,Bundesliga,173,,,7,,,0,,,,,,"Bundesliga, DFB-Pokal",,,,88,12,high,,https://en.wikipedia.org/wiki/Isma%C3%ABl_Gharbi
610,24,TUN,Tunisia,F,CAF,12,DF,Mortadha Ben Ouanes,1994-07-02,31,18,0,False,Kasımpaşa,Turkey,Süper Lig,,left,,,,2203,2,6,5,1,,,Süper Lig,,,,,,medium,"Played 2,203 Süper Lig minutes; deployed as left-back/left winger.",https://www.fotmob.com/players/712132/mortadha-ben-ouanes ; https://www.sofascore.com/player/mortadha-ben-ouanes/919225
611,24,TUN,Tunisia,F,CAF,13,MF,Rani Khedira,1994-01-27,32,3,0,False,Union Berlin,Germany,Bundesliga,189,right,,32,32,2835,5,1,7,,,,Bundesliga,,,,,,high,Started all 32 Bundesliga games; side's joint-second top league scorer.,https://www.bundesliga.com/en/player/rani-khedira ; https://statz.ai/player/rani-khedira/31907
612,24,TUN,Tunisia,F,CAF,14,MF,Khalil Ayari,2005-02-02,21,4,0,False,Paris Saint-Germain,France,Ligue 1,,,,,,,,,,,,,,,,,,,low,"Joined PSG on loan (later permanent) in Sept 2025; assigned to the reserve/U21 team, no senior first-team appearances recorded.",https://en.wikipedia.org/wiki/Khalil_Ayari ; https://www.transfermarkt.co.uk/khalil-ayari/leistungsdatendetails/spieler/1198342/saison/2025/wettbewerb/PLIC
613,24,TUN,Tunisia,F,CAF,15,MF,Mohamed Hadj Mahmoud,2000-04-24,26,9,0,False,Lugano,Switzerland,Swiss Super League,,,,,,1526,2,1,5,1,,,Swiss Super League,,,,,,medium,"1,526 Swiss Super League minutes; attacking midfielder.",https://www.fotmob.com/players/1131896/hadj-mahmoud ; https://www.kicker.de/hadj-mahmoud/spielerposition
614,24,TUN,Tunisia,F,CAF,16,GK,Aymen Dahmen,1997-01-28,29,37,0,False,CS Sfaxien,Tunisia,Ligue Professionnelle 1,188,,,19,,,0,,,,12,9,Ligue Professionnelle 1,,,,223,0,medium,"Figures as of March 2026; 12 clean sheets, only 9 goals conceded.",https://en.wikipedia.org/wiki/Aymen_Dahmen ; https://footystats.org/players/tunisia/aymen-dahmen
615,24,TUN,Tunisia,F,CAF,17,MF,Ellyes Skhiri,1995-05-10,31,83,4,True,Eintracht Frankfurt,Germany,Bundesliga,185,,6000000,34,,,0,0,1,1,,,"Bundesliga, DFB-Pokal, UEFA Champions League",,,,323,30,high,Featured in UEFA Champions League with Frankfurt.,https://en.wikipedia.org/wiki/Ellyes_Skhiri ; https://www.bundesliga.com/en/player/ellyes-skhiri ; https://www.transfermarkt.us/ellyes-skhiri/profil/spieler/290587
616,24,TUN,Tunisia,F,CAF,18,FW,Rayan Elloumi,2007-09-17,18,4,0,False,Vancouver Whitecaps,Canada,Major League Soccer,183,,,11,2,,2,1,,,,,"Major League Soccer, MLS Cup Playoffs, Canadian Championship",,,,40,14,high,Homegrown signing (Sept 2025); first Whitecaps homegrown to score on home debut.,https://en.wikipedia.org/wiki/Rayan_Elloumi ; https://www.mlssoccer.com/players/rayan-elloumi/
617,24,TUN,Tunisia,F,CAF,19,FW,Firas Chaouat,1996-05-08,30,30,6,False,Club Africain,Tunisia,Ligue Professionnelle 1,185,,,14,,,7,,,,,,Ligue Professionnelle 1,,,,,,medium,Prolific scorer for league champions Club Africain.,https://en.wikipedia.org/wiki/Firas_Chaouat
618,24,TUN,Tunisia,F,CAF,20,DF,Yan Valery,1999-02-22,27,22,0,False,Young Boys,Switzerland,Swiss Super League,185,,,14,,,0,,,,,,"Swiss Super League, UEFA competitions",,,,216,5,medium,,https://en.wikipedia.org/wiki/Yan_Valery
619,24,TUN,Tunisia,F,CAF,21,DF,Mohamed Amine Ben Hamida,1995-12-15,30,13,0,False,Espérance de Tunis,Tunisia,Ligue Professionnelle 1,181,left,,,,,,,,,,,"Ligue Professionnelle 1, CAF Champions League",,,,131,6,low,Left-back; provided assists in the CAF Champions League 2025-26.,https://en.wikipedia.org/wiki/Mohamed_Amine_Ben_Hamida ; https://www.transfermarkt.us/mohamed-amine-ben-hamida/profil/spieler/454495
620,24,TUN,Tunisia,F,CAF,22,GK,Sabri Ben Hessen,1996-06-13,29,2,0,False,Étoile du Sahel,Tunisia,Ligue Professionnelle 1,189,,,28,,,0,,,,,,Ligue Professionnelle 1,,,,54,0,medium,Joined ES Sahel on a 3-year contract on 2 August 2025; 28 apps in his first season.,https://en.wikipedia.org/wiki/Sabri_Ben_Hessen
621,24,TUN,Tunisia,F,CAF,23,DF,Moutaz Neffati,2004-09-04,21,5,0,False,IFK Norrköping,Sweden,Allsvenskan,182,,,,,,1,2,,,,,Allsvenskan,,,,57,2,low,Right-back; extended contract with Norrköping until 2028 in Sept 2025.,https://en.wikipedia.org/wiki/Moutaz_Neffati ; https://www.fotmob.com/players/1413151/moutaz-neffati
622,24,TUN,Tunisia,F,CAF,24,DF,Raed Chikhaoui,2004-06-09,22,0,0,False,US Monastir,Tunisia,Ligue Professionnelle 1,191,,,20,,,3,,,,,,"Ligue Professionnelle 1, Cup",,,,53,4,medium,"Centre-back, wears No. 25 at US Monastir; first Tunisia call-up March 2026.",https://en.wikipedia.org/wiki/Raed_Chikhaoui ; https://www.playmakerstats.com/player/raed-chikhaoui/1053477
623,24,TUN,Tunisia,F,CAF,25,MF,Anis Ben Slimane,2001-03-16,25,41,4,False,Norwich City,England,EFL Championship,188,,,22,,,5,,,,,,"EFL Championship, FA Cup, EFL Cup",,,,195,18,high,,https://en.wikipedia.org/wiki/Anis_Ben_Slimane
624,24,TUN,Tunisia,F,CAF,26,MF,Sebastian Tounekti,2002-07-13,23,12,1,False,Celtic,Scotland,Scottish Premiership,183,,,45,,,5,,,,,,"Scottish Premiership, Scottish Cup, Scottish League Cup, UEFA competitions",,,,158,16,medium,"Includes Scottish Premiership, cups and European matches.",https://en.wikipedia.org/wiki/Sebastian_Tounekti
625,25,BEL,Belgium,G,UEFA,1,GK,Thibaut Courtois,1992-05-11,34,109,0,False,Real Madrid,Spain,La Liga,199,Left,15000000,45,,4005,0,,,,17,43,"La Liga, UEFA Champions League, Supercopa de Espana",,,,689,0,high,First-choice goalkeeper at Real Madrid,https://en.wikipedia.org/wiki/Thibaut_Courtois ; https://tribuna.com/en/persons/thibaut-courtois/stat/2025-2026/
626,25,BEL,Belgium,G,UEFA,2,DF,Zeno Debast,2003-10-24,22,26,1,False,Sporting CP,Portugal,Primeira Liga,187,Right,28000000,17,,,0,,,,,,"Primeira Liga, Taca de Portugal, Taca da Liga, UEFA Champions League",,,,126,0,high,Regular starter at centre-back for Sporting CP,https://en.wikipedia.org/wiki/Zeno_Debast ; https://www.transfermarkt.us/belgien/kader/verein/3382
627,25,BEL,Belgium,G,UEFA,3,DF,Arthur Theate,2000-05-25,26,33,1,False,Eintracht Frankfurt,Germany,Bundesliga,186,Left,17000000,33,,,1,,,,,,"Bundesliga, DFB-Pokal, UEFA Champions League",,,,227,16,high,Starting centre-back at Eintracht Frankfurt,https://en.wikipedia.org/wiki/Arthur_Theate ; https://www.transfermarkt.us/belgien/kader/verein/3382
628,25,BEL,Belgium,G,UEFA,4,DF,Brandon Mechele,1993-01-28,33,8,1,False,Club Brugge,Belgium,Belgian Pro League,187,Right,2800000,57,,,8,,,,,,"Belgian Pro League, Belgian Cup, UEFA Champions League, Belgian Super Cup",,,,417,24,medium,Experienced centre-back and Club Brugge regular,https://en.wikipedia.org/wiki/Brandon_Mechele ; https://www.transfermarkt.us/belgien/kader/verein/3382
629,25,BEL,Belgium,G,UEFA,5,DF,Maxim De Cuyper,2000-12-22,25,18,4,False,Brighton & Hove Albion,England,Premier League,180,Left,22000000,31,,,2,,,,,,"Premier League, EFL Cup",,,,234,31,high,Left-back at Brighton,https://en.wikipedia.org/wiki/Maxim_De_Cuyper ; https://www.transfermarkt.us/belgien/kader/verein/3382
630,25,BEL,Belgium,G,UEFA,6,MF,Axel Witsel,1989-01-12,37,137,12,False,Girona,Spain,La Liga,186,Right,1200000,32,,,1,,,,,,La Liga,,,,556,68,high,Veteran midfielder/defender at Girona,https://en.wikipedia.org/wiki/Axel_Witsel ; https://www.transfermarkt.us/belgien/kader/verein/3382
631,25,BEL,Belgium,G,UEFA,7,MF,Kevin De Bruyne,1991-06-28,34,119,37,False,Napoli,Italy,Serie A,181,Right,8000000,21,,,5,2,1,0,,,"Serie A, Coppa Italia, UEFA Champions League",,,,672,160,high,Creative leader for Napoli,https://en.wikipedia.org/wiki/Kevin_De_Bruyne ; https://www.statmuse.com/fc/ask/kevin-de-bruyne-stats-with-napoli
632,25,BEL,Belgium,G,UEFA,8,MF,Youri Tielemans,1997-05-07,29,84,13,True,Aston Villa,England,Premier League,176,Right,30000000,38,,,2,,,,,,"Premier League, FA Cup, UEFA Europa League",,,,427,56,high,Captain and central midfield anchor at Aston Villa,https://en.wikipedia.org/wiki/Youri_Tielemans ; https://www.transfermarkt.us/belgien/kader/verein/3382
633,25,BEL,Belgium,G,UEFA,9,FW,Romelu Lukaku,1993-05-13,33,126,90,False,Napoli,Italy,Serie A,191,Left,6000000,7,,,1,,,,,,"Serie A, UEFA Champions League, Supercoppa Italiana",,,,681,315,high,"All-time top scorer; injury-hit season at Napoli, fitness in doubt",https://en.wikipedia.org/wiki/Romelu_Lukaku ; https://www.transfermarkt.us/belgien/kader/verein/3382
634,25,BEL,Belgium,G,UEFA,10,FW,Leandro Trossard,1994-12-04,31,51,12,False,Arsenal,England,Premier League,172,Right,18000000,50,,,8,,,,,,"Premier League, FA Cup, EFL Cup, UEFA Champions League",,,,520,137,medium,Forward/winger at Arsenal,https://en.wikipedia.org/wiki/Leandro_Trossard ; https://www.transfermarkt.us/belgien/kader/verein/3382
635,25,BEL,Belgium,G,UEFA,11,FW,Jérémy Doku,2002-05-27,24,42,7,False,Manchester City,England,Premier League,173,Right,75000000,47,,,8,,,,,,"Premier League, FA Cup, EFL Cup, UEFA Champions League",,,,260,40,high,Dribbling winger at Manchester City,https://en.wikipedia.org/wiki/J%C3%A9r%C3%A9my_Doku ; https://www.transfermarkt.us/belgien/kader/verein/3382
636,25,BEL,Belgium,G,UEFA,12,GK,Senne Lammens,2002-06-06,24,2,0,False,Manchester United,England,Premier League,193,Right,35000000,32,,,0,,,,,,"Premier League, FA Cup",,,,127,0,high,Goalkeeper competing for minutes at Manchester United,https://en.wikipedia.org/wiki/Senne_Lammens ; https://www.transfermarkt.us/belgien/kader/verein/3382
637,25,BEL,Belgium,G,UEFA,13,GK,Mike Penders,2005-09-09,20,,0,False,Strasbourg,France,Ligue 1,195,Right,25000000,50,,,0,,,,,,"Ligue 1, Coupe de France, UEFA Conference League",,,,114,0,high,On loan at Strasbourg from Chelsea,https://en.wikipedia.org/wiki/Mike_Penders ; https://www.transfermarkt.us/belgien/kader/verein/3382
638,25,BEL,Belgium,G,UEFA,14,FW,Dodi Lukebakio,1997-09-24,28,30,6,False,Benfica,Portugal,Primeira Liga,187,Right,15000000,23,,,1,,,,,,"Primeira Liga, Taca de Portugal, Taca da Liga, UEFA Champions League",,,,301,68,high,Winger at Benfica,https://en.wikipedia.org/wiki/Dodi_Lukebakio ; https://www.transfermarkt.us/belgien/kader/verein/3382
639,25,BEL,Belgium,G,UEFA,15,DF,Thomas Meunier,1991-09-12,34,79,10,False,Lille,France,Ligue 1,191,Right,1500000,25,,,1,,,,,,"Ligue 1, UEFA Europa League",,,,410,45,high,Veteran right-back at Lille,https://en.wikipedia.org/wiki/Thomas_Meunier ; https://www.transfermarkt.us/belgien/kader/verein/3382
640,25,BEL,Belgium,G,UEFA,16,DF,Koni De Winter,2002-06-12,23,8,0,False,AC Milan,Italy,Serie A,186,Right,23000000,29,,,1,,,,,,"Serie A, Coppa Italia, Supercoppa Italiana",,,,133,6,high,Centre-back at AC Milan,https://en.wikipedia.org/wiki/Koni_De_Winter ; https://www.transfermarkt.us/belgien/kader/verein/3382
641,25,BEL,Belgium,G,UEFA,17,FW,Charles De Ketelaere,2001-03-10,25,30,6,False,Atalanta,Italy,Serie A,192,Right,30000000,42,,,5,,,,,,"Serie A, Coppa Italia, UEFA Champions League",,,,302,58,high,Attacking midfielder/forward at Atalanta,https://en.wikipedia.org/wiki/Charles_De_Ketelaere ; https://www.transfermarkt.us/belgien/kader/verein/3382
642,25,BEL,Belgium,G,UEFA,18,DF,Joaquin Seys,2005-03-28,21,5,0,False,Club Brugge,Belgium,Belgian Pro League,178,Right,20000000,55,,,5,,,,,,"Belgian Pro League, Belgian Cup, UEFA Champions League, Belgian Super Cup",,,,117,5,medium,Young full-back at Club Brugge,https://en.wikipedia.org/wiki/Joaquin_Seys ; https://www.transfermarkt.us/belgien/kader/verein/3382
643,25,BEL,Belgium,G,UEFA,19,FW,Diego Moreira,2004-08-06,21,2,0,False,Strasbourg,France,Ligue 1,178,Right,25000000,38,,,4,,,,,,"Ligue 1, Coupe de France, UEFA Conference League",,,,113,10,medium,Young winger at Strasbourg,https://en.wikipedia.org/wiki/Diego_Moreira ; https://www.transfermarkt.us/belgien/kader/verein/3382
644,25,BEL,Belgium,G,UEFA,20,MF,Hans Vanaken,1992-08-24,33,33,7,False,Club Brugge,Belgium,Belgian Pro League,188,Right,5000000,57,,,12,,,,,,"Belgian Pro League, Belgian Cup, UEFA Champions League, Belgian Super Cup",,,,737,193,medium,Playmaking midfielder and Club Brugge mainstay,https://en.wikipedia.org/wiki/Hans_Vanaken ; https://www.transfermarkt.us/belgien/kader/verein/3382
645,25,BEL,Belgium,G,UEFA,21,DF,Timothy Castagne,1995-12-05,30,62,2,False,Fulham,England,Premier League,185,Right,8000000,30,,,0,,,,,,"Premier League, FA Cup, EFL Cup",,,,334,12,high,Versatile full-back at Fulham,https://en.wikipedia.org/wiki/Timothy_Castagne ; https://www.transfermarkt.us/belgien/kader/verein/3382
646,25,BEL,Belgium,G,UEFA,22,FW,Alexis Saelemaekers,1999-06-27,26,24,2,False,AC Milan,Italy,Serie A,180,Right,20000000,35,,,3,,,,,,"Serie A, Coppa Italia, Supercoppa Italiana",,,,256,22,high,Wide forward at AC Milan,https://en.wikipedia.org/wiki/Alexis_Saelemaekers ; https://www.transfermarkt.us/belgien/kader/verein/3382
647,25,BEL,Belgium,G,UEFA,23,MF,Nicolas Raskin,2001-02-23,25,13,2,False,Rangers,Scotland,Scottish Premiership,178,Left,12000000,50,,,7,,,,,,"Scottish Premiership, Scottish Cup, Scottish League Cup, UEFA Champions League, UEFA Europa League",,,,241,18,high,Midfielder at Rangers,https://en.wikipedia.org/wiki/Nicolas_Raskin ; https://www.transfermarkt.us/belgien/kader/verein/3382
648,25,BEL,Belgium,G,UEFA,24,MF,Amadou Onana,2001-08-16,24,28,1,False,Aston Villa,England,Premier League,195,Right,45000000,38,,,2,,,,,,"Premier League, FA Cup, UEFA Europa League",,,,214,17,high,Box-to-box midfielder at Aston Villa,https://en.wikipedia.org/wiki/Amadou_Onana ; https://www.transfermarkt.us/belgien/kader/verein/3382
649,25,BEL,Belgium,G,UEFA,25,DF,Nathan Ngoy,2003-06-10,23,3,0,False,Lille,France,Ligue 1,189,Right,25000000,38,,,3,,,,,,"Ligue 1, Coupe de France, UEFA Europa League",,,,91,4,high,Young centre-back at Lille,https://en.wikipedia.org/wiki/Nathan_Ngoy ; https://www.transfermarkt.us/belgien/kader/verein/3382
650,25,BEL,Belgium,G,UEFA,26,FW,Matias Fernandez-Pardo,2005-02-03,21,1,0,False,Lille,France,Ligue 1,180,Right,35000000,41,,,8,,,,,,"Ligue 1, Coupe de France, UEFA Europa League",,,,109,25,medium,Young winger at Lille; switched allegiance back to Belgium in May 2026,https://en.wikipedia.org/wiki/Matias_Fernandez-Pardo ; https://www.transfermarkt.us/belgien/kader/verein/3382
651,26,EGY,Egypt,G,CAF,1,GK,Mohamed El-Shenawy,1988-12-18,37,77,0,False,Al Ahly,Egypt,Egyptian Premier League,191,Right,,15,15,1350,0,0,4,1,5,12,Egyptian Premier League,,,,,0,high,Veteran first-choice goalkeeper,https://footystats.org/players/egypt/mohamed-el-shenawy ; https://www.transfermarkt.us/mohamed-el-shenawy/profil/spieler/134573
652,26,EGY,Egypt,G,CAF,2,DF,Yasser Ibrahim,1993-02-10,33,12,1,False,Al Ahly,Egypt,Egyptian Premier League,185,Right,,18,,1566,2,0,4,,,,Egyptian Premier League,,,,,,medium,Centre-back,https://www.fotmob.com/players/533403/yasser-ibrahim ; https://en.wikipedia.org/wiki/Yasser_Ibrahim
653,26,EGY,Egypt,G,CAF,3,DF,Mohamed Hany,1996-02-02,30,23,0,False,Al Ahly,Egypt,Egyptian Premier League,175,Right,,22,,1808,0,5,3,1,,,Egyptian Premier League,,,,,,medium,Right-back,https://www.fotmob.com/players/660213/mohamed-hany ; https://www.transfermarkt.us/mohamed-hany/leistungsdaten/spieler/343974
654,26,EGY,Egypt,G,CAF,4,DF,Hossam Abdelmaguid,2001-04-30,25,3,0,False,Zamalek,Egypt,Egyptian Premier League,193,,,20,,1761,4,0,3,,,,Egyptian Premier League,,,,,,medium,Young centre-back,https://www.fotmob.com/players/1384425/hossam-abdelmaguid ; https://www.sofascore.com/player/hossam-abdelmaguid/1063327
655,26,EGY,Egypt,G,CAF,5,DF,Ramy Rabia,1993-05-20,33,43,6,False,Al Ain,United Arab Emirates,UAE Pro League,183,Right,,,,,3,,,,,,UAE Pro League,,,,,,low,"Experienced centre-back, won 2025-26 UAE Pro League title with Al Ain",https://www.kingfut.com/2026/05/07/ramy-rabia-scores-and-assists-in-al-ain-title-win/ ; https://www.transfermarkt.us/rami-rabia/leistungsdaten/spieler/172623
656,26,EGY,Egypt,G,CAF,6,DF,Mohamed Abdelmonem,1999-02-01,27,33,3,False,Nice,France,Ligue 1,184,Left,,,,,,,,,,,"Ligue 1, UEFA Europa League",,,,,,low,"Regular centre-back, plays in Ligue 1; suffered ACL rupture April 2025, returned to action early 2026",https://www.espn.com/soccer/player/stats/_/id/236957/mohamed-abdelmonem ; https://en.wikipedia.org/wiki/Mohamed_Abdelmonem
657,26,EGY,Egypt,G,CAF,7,FW,Mahmoud Hassan Trezeguet,1994-10-01,31,95,23,False,Al Ahly,Egypt,Egyptian Premier League,181,Left,,21,,1661,11,0,4,0,,,Egyptian Premier League,,,,,,high,"Experienced winger, qualifying hero with braces vs Ethiopia and Burkina Faso; Al Ahly top scorer 2025-26",https://www.livescore.com/en/season-stats/mahmoud-trezeguet/22605/ ; https://footystats.org/players/egypt/mahmoud-trezeguet
658,26,EGY,Egypt,G,CAF,8,MF,Emam Ashour,1998-02-20,28,27,0,False,Al Ahly,Egypt,Egyptian Premier League,180,Right,,9,,686,2,2,,,,,Egyptian Premier League,,,,,,medium,Creative central midfielder,https://www.fotmob.com/players/979376/emam-ashour ; https://en.wikipedia.org/wiki/Emam_Ashour
659,26,EGY,Egypt,G,CAF,9,FW,Hamza Abdelkarim,2008-01-01,18,1,0,False,Barcelona Atletic,Spain,Primera Federacion,182,Left,,,,,,,,,,,Segunda Federacion,,,,,,low,"18-year-old striker on loan at Barca Atletic from Al Ahly, dubbed 'Egyptian Haaland'; arrived winter 2026",https://en.wikipedia.org/wiki/Hamza_Abdelkarim ; https://www.fcbarcelona.com/en/football/barca-b/news/4442438/hamza-abdelkarim-joins-barca-atletic
660,26,EGY,Egypt,G,CAF,10,FW,Mohamed Salah,1992-06-15,33,116,67,True,Liverpool,England,Premier League,175,Left,22000000,41,34,,11,7,1,0,,,"Premier League, UEFA Champions League, FA Cup, FA Community Shield",,,,,,high,"Captain and talisman, two short of Egypt all-time scoring record; announced he will leave Liverpool at end of 2025-26",https://www.lfchistory.net/players/1317/games-per-season/135 ; https://tribuna.com/en/persons/salah/stat/2025-2026/ ; https://www.transfermarkt.us/mohamed-salah/leistungsdaten/spieler/148455
661,26,EGY,Egypt,G,CAF,11,MF,Mostafa Ziko,1997-04-27,29,,,False,Pyramids,Egypt,Egyptian Premier League,,,,34,,,9,4,,,,,"Egyptian Premier League, CAF Champions League, FIFA Intercontinental Cup",,,,,,medium,"Left winger / attacking midfielder, joined Pyramids August 2025",https://tribuna.com/en/persons/mostafa-mohamed-zaki-abdelraouf/stat/2025-2026/ ; https://www.fotmob.com/players/1426403/mostafa-ziko
662,26,EGY,Egypt,G,CAF,12,FW,Haissem Hassan,2002-02-08,24,2,0,False,Real Oviedo,Spain,La Liga,178,Left,,37,,1943,0,3,1,,,,La Liga,,,,,,medium,"Egyptian-French winger, recent Egypt call-up",https://www.fotmob.com/players/971787/haissem-hassan ; https://www.livescore.com/en/season-stats/haissem-hassan/9066/
663,26,EGY,Egypt,G,CAF,13,DF,Ahmed Fatouh,1998-03-22,28,6,1,False,Zamalek,Egypt,Egyptian Premier League,177,Left,,26,,,1,,,,,,"Egyptian Premier League, Egypt Cup, CAF Confederation Cup",,,,,,medium,Left-back,https://www.playmakerstats.com/player/ahmed-fatouh/554507 ; https://www.transfermarkt.us/ahmed-fatouh/profil/spieler/465966
664,26,EGY,Egypt,G,CAF,14,MF,Hamdy Fathy,1994-09-29,31,49,4,False,Al-Wakrah,Qatar,Qatar Stars League,183,Right,,18,,,2,,,,,,Qatar Stars League,,,,,,medium,Defensive midfield pivot,https://www.footballcritic.com/hamdy-fathy/career-stats/89940 ; https://qsl.qa/en/news/doha-bank-stars-league-week-6-al-wakrah-3-2-umm-salal
665,26,EGY,Egypt,G,CAF,15,DF,Karim Hafez,1996-03-12,30,7,0,False,Pyramids,Egypt,Egyptian Premier League,175,Left,,6,4,,0,1,,,,,Egyptian Premier League,,,,,,medium,Left-back,https://www.playmakerstats.com/player/karim-hafez/419686 ; https://www.transfermarkt.us/karim-hafez/profil/spieler/333004
666,26,EGY,Egypt,G,CAF,16,GK,El-Mahdy Soliman,1987-06-08,39,0,0,False,Zamalek,Egypt,Egyptian Premier League,,,,11,,926,0,0,1,,,,Egyptian Premier League,,,,,0,medium,"Veteran backup goalkeeper, no senior caps",https://www.fotmob.com/players/653688/al-mahdi-soliman ; https://english.ahram.org.eg/News/549532.aspx
667,26,EGY,Egypt,G,CAF,17,MF,Mohanad Lasheen,1996-05-29,30,9,0,False,Pyramids,Egypt,Egyptian Premier League,179,,,,,1810,0,2,,,,,Egyptian Premier League,,,,,,medium,Central midfielder,https://www.livescore.com/en/season-stats/mohanad-lasheen/81392/ ; https://www.transfermarkt.us/mohanad-lasheen/leistungsdaten/spieler/479682
668,26,EGY,Egypt,G,CAF,18,MF,Nabil Emad Donga,1996-04-06,30,8,0,False,Al-Najma,Saudi Arabia,Saudi Pro League,179,,,12,,914,0,0,3,0,,,Saudi Pro League,,,,,,medium,"Central midfielder, joined Al-Najma February 2026",https://www.fotmob.com/players/1001335/nabil-dounga ; https://www.spl.com.sa/en/players/84842/nabil-emad-dunga
669,26,EGY,Egypt,G,CAF,19,MF,Marwan Attia,1998-08-01,27,29,1,False,Al Ahly,Egypt,Egyptian Premier League,176,Right,,17,,1368,0,0,3,,,,Egyptian Premier League,,,,,,medium,Defensive midfielder,https://www.fotmob.com/players/1418549/marwan-attia ; https://www.livescore.com/en/season-stats/marwan-attia/79405/
670,26,EGY,Egypt,G,CAF,20,FW,Ibrahim Adel,2001-04-23,25,21,3,False,Nordsjaelland,Denmark,Danish Superliga,178,,,10,,,2,1,,,,,Danish Superliga,,,,,,low,"Winger, joined Nordsjaelland on loan from Al Jazira winter 2026, since signed permanently until 2029",https://www.kingfut.com/2026/05/15/official-fc-nordsjaelland-sign-ibrahim-adel-permanently/ ; https://africasoccer.com/nordsjaelland-tie-down-egyptian-talent-ibrahim-adel-until-2029/
671,26,EGY,Egypt,G,CAF,21,MF,Mahmoud Saber,2001-07-30,24,,,False,ZED FC,Egypt,Egyptian Premier League,170,,,26,,1841,5,6,1,,,,Egyptian Premier League,,,,,,medium,"Young midfielder, on loan at ZED FC from Pyramids",https://www.flashscore.com/player/saber-mahmoud/0jjhyAGn/ ; https://www.transfermarkt.us/mahmoud-saber/leistungsdaten/spieler/729390
672,26,EGY,Egypt,G,CAF,22,FW,Omar Marmoush,1999-02-07,27,49,11,False,Manchester City,England,Premier League,183,Right,,36,,,8,3,3,,,,"Premier League, UEFA Champions League, FA Cup, EFL Cup",,,,218,65,high,Key attacker after breakthrough season with Manchester City,https://en.wikipedia.org/wiki/Omar_Marmoush ; https://www.fotmob.com/players/839204/omar-marmoush
673,26,EGY,Egypt,G,CAF,23,GK,Mostafa Shobeir,2000-05-15,26,1,0,False,Al Ahly,Egypt,Egyptian Premier League,185,,,5,5,450,0,0,,,,,Egyptian Premier League,,,,,0,medium,Backup goalkeeper,https://www.fotmob.com/players/1228546/mostafa-ahmed-shobeir ; https://www.sofascore.com/football/player/mostafa-shobeir/1048378
674,26,EGY,Egypt,G,CAF,24,DF,Tarek Alaa,2002-01-05,24,1,0,False,ZED FC,Egypt,Egyptian Premier League,,,,,,,,,,,,,Egyptian Premier League,,,,,,low,"Young defender (right-back), joined ZED FC on loan in January 2026",https://www.flashscore.com/player/tarek-alaa/Yol7nYGB/ ; https://www.transfermarkt.us/tarek-alaa/nationalmannschaft/spieler/1087789
675,26,EGY,Egypt,G,CAF,25,FW,Ahmed Sayed Zizo,1996-01-10,30,62,5,False,Al Ahly,Egypt,Egyptian Premier League,175,Left,,14,,,4,4,,,,,Egyptian Premier League,,,,,,medium,"Winger / playmaker, joined Al Ahly from Zamalek June 2025",https://www.365scores.com/football/player/ahmed-sayed-zizo-4576 ; https://www.playmakerstats.com/player/zizo/404829
676,26,EGY,Egypt,G,CAF,26,GK,Mohamed Alaa,1999-09-01,26,,0,False,El Gouna,Egypt,Egyptian Premier League,,,,24,24,,0,0,,,5,,Egyptian Premier League,,,,,0,medium,Reserve goalkeeper,https://www.transfermarkt.us/mohamed-alaa/profil/spieler/1307898 ; https://www.sofascore.com/football/player/mohamed-alaa/1980828
677,27,IRN,IR Iran,G,AFC,,GK,Alireza Beiranvand,1992-09-21,33,86,0,False,Tractor,Iran,Persian Gulf Pro League,195,,,16,16,,0,,,,10,7,Persian Gulf Pro League,,,,,0,medium,Veteran first-choice goalkeeper,https://footystats.org/players/iran/alireza-safar-beiranvand ; https://www.transfermarkt.us/alireza-beiranvand/profil/spieler/229081
678,27,IRN,IR Iran,G,AFC,,GK,Hossein Hosseini,1992-06-30,33,13,0,False,Sepahan,Iran,Persian Gulf Pro League,189,,,15,15,,0,,,,1,9,Persian Gulf Pro League,,,,,0,medium,,https://www.livescore.com/en/season-stats/hossein-hosseini/33169/ ; https://www.transfermarkt.us/seyed-hossein-hosseini/profil/spieler/132561
679,27,IRN,IR Iran,G,AFC,,GK,Payam Niazmand,1995-04-06,31,15,0,False,Persepolis,Iran,Persian Gulf Pro League,192,,,9,9,,0,,,,5,5,Persian Gulf Pro League,,,,,0,low,,https://en.wikipedia.org/wiki/Payam_Niazmand ; https://www.transfermarkt.us/payam-niazmand/profil/spieler/343044
680,27,IRN,IR Iran,G,AFC,,DF,Ehsan Hajsafi,1990-02-25,36,146,7,False,Sepahan,Iran,Persian Gulf Pro League,176,Left,,28,,2377,3,5,,,,,"Persian Gulf Pro League, AFC competitions",,,,,,high,"Iran's most-capped player, veteran left-back",https://www.livescore.com/en/season-stats/ehsan-hajsafi/25569/ ; https://www.transfermarkt.us/ehsan-hajsafi/leistungsdaten/spieler/77547
681,27,IRN,IR Iran,G,AFC,,DF,Milad Mohammadi,1993-09-29,32,76,1,False,Persepolis,Iran,Persian Gulf Pro League,175,Left,,2,0,,0,0,,,,,Persian Gulf Pro League,,,,,,medium,,https://www.transfermarkt.us/milad-mohammadi/profil/spieler/333355 ; https://www.sofascore.com/player/milad-mohammadi/812531
682,27,IRN,IR Iran,G,AFC,,DF,Ali Nemati,1996-02-08,30,17,0,False,Foolad,Iran,Persian Gulf Pro League,182,,,20,,1729,0,0,,,,,Persian Gulf Pro League,,,,,,high,,https://www.transfermarkt.us/ali-nemati/leistungsdaten/spieler/527092 ; https://www.fotmob.com/players/872575/ali-nemati
683,27,IRN,IR Iran,G,AFC,,DF,Danial Iri,2003-10-26,22,0,0,False,Malavan,Iran,Persian Gulf Pro League,185,,,15,,1263,0,0,,,,,Persian Gulf Pro League,,,,,,high,"Uncapped young defender, on loan from Zob Ahan",https://www.transfermarkt.us/danial-eiri/profil/spieler/1080301 ; https://www.fotmob.com/en-GB/players/1729681/danial-iri
684,27,IRN,IR Iran,G,AFC,,DF,Shojae Khalilzadeh,1989-05-14,37,58,2,False,Tractor,Iran,Persian Gulf Pro League,182,,100000,21,20,1793,0,,6,0,,,Persian Gulf Pro League,,,,,,high,,https://footystats.org/players/iran/shoja-khalilzadeh ; https://www.transfermarkt.us/shoja-khalilzadeh/profil/spieler/213715
685,27,IRN,IR Iran,G,AFC,,DF,Mohammad Hossein Kanaanizadegan,1994-03-23,32,65,6,False,Persepolis,Iran,Persian Gulf Pro League,188,,1700000,18,,,1,0,1,0,,,Persian Gulf Pro League,,,,,,high,"Central defender, regular starter",https://tribuna.com/en/persons/hossein-kanaanizadegan/ ; https://www.transfermarkt.us/hossein-kanaani/profil/spieler/249400
686,27,IRN,IR Iran,G,AFC,,DF,Saleh Hardani,1998-12-26,27,18,1,False,Esteghlal,Iran,Persian Gulf Pro League,176,,,18,,1504,0,2,,,,,Persian Gulf Pro League,,,,,,high,,https://www.transfermarkt.us/saleh-hardani/leistungsdaten/spieler/697155 ; https://www.livescore.com/en/season-stats/saleh-hardani/49298/
687,27,IRN,IR Iran,G,AFC,,DF,Ramin Rezaeian,1990-03-21,36,74,8,False,Esteghlal,Iran,Persian Gulf Pro League,184,Right,,5,,,1,1,,,,,Persian Gulf Pro League,,,,,,low,Attacking right-back,https://footystats.org/players/iran/ramin-rezaeian ; https://en.wikipedia.org/wiki/Ramin_Rezaeian
688,27,IRN,IR Iran,G,AFC,,DF,Aria Yousefi,2002-04-22,24,14,1,False,Sepahan,Iran,Persian Gulf Pro League,181,,,9,,,2,,,,,,Persian Gulf Pro League,,,,,,medium,Young right-back,https://www.transfermarkt.us/aria-yousefi/leistungsdaten/spieler/932724 ; https://www.playmakerstats.com/player/aria-yousefi/919104
689,27,IRN,IR Iran,G,AFC,,MF,Alireza Jahanbakhsh,1993-08-11,32,98,17,True,Dender,Belgium,Belgian Pro League,180,Left,,,,902,1,1,5,0,,,Belgian Pro League,,,,,,medium,"Captain, experienced winger",https://en.wikipedia.org/wiki/Alireza_Jahanbakhsh ; https://footystats.org/players/iran/alireza-jahanbakhsh
690,27,IRN,IR Iran,G,AFC,,MF,Saeid Ezatolahi,1996-10-01,29,83,2,False,Shabab Al Ahli,United Arab Emirates,UAE Pro League,190,,,13,,979,2,1,4,0,,,UAE Pro League,,,,,,high,Defensive midfield anchor,https://www.livescore.com/en/season-stats/saeid-ezatolahi/27453/ ; https://footystats.org/players/iran/saeid-ezatolahi-afagh
691,27,IRN,IR Iran,G,AFC,,MF,Rouzbeh Cheshmi,1993-07-24,32,40,3,False,Esteghlal,Iran,Persian Gulf Pro League,192,,,15,,,1,0,,,,,Persian Gulf Pro League,,,,,,high,,https://www.transfermarkt.us/roozbeh-cheshmi/leistungsdaten/spieler/273879 ; https://www.playmakerstats.com/player/roozbeh-cheshmi/366312
692,27,IRN,IR Iran,G,AFC,,MF,Amirmohammad Razzaghinia,2006-04-11,20,4,0,False,Esteghlal,Iran,Persian Gulf Pro League,186,,,21,,,0,,,,,,Persian Gulf Pro League,,,,,,medium,Teenage prospect,https://www.livescore.com/en/season-stats/amirmohammad-razzaghinia/68692/ ; https://tribuna.com/en/persons/amir-mohammad-razzaghinia/stat/2025-2026/iran-pro-league/
693,27,IRN,IR Iran,G,AFC,,MF,Mehdi Ghayedi,1998-12-05,27,30,10,False,Al-Nasr,United Arab Emirates,UAE Pro League,166,,,11,,1308,4,4,1,0,,,UAE Pro League,,,,,,high,Attacking winger / second striker,https://www.fotmob.com/players/848314/mehdi-ghayedi ; https://footystats.org/players/iran/mehdi-ghayedi
694,27,IRN,IR Iran,G,AFC,,MF,Saman Ghoddos,1993-09-06,32,68,3,False,Kalba,United Arab Emirates,UAE Pro League,176,,,19,,1806,5,3,3,0,,,UAE Pro League,,,,,,high,,https://www.fotmob.com/players/532220/saman-ghoddos ; https://www.soccerway.com/player/ghoddos-saman/QkJrONx1/
695,27,IRN,IR Iran,G,AFC,,MF,Mohammad Ghorbani,2001-10-07,24,16,0,False,Al Wahda,United Arab Emirates,UAE Pro League,190,,,,,1199,1,0,6,0,,,UAE Pro League,,,,,,medium,Defensive midfielder,https://www.fotmob.com/players/1420509/mohammad-ghorbani ; https://www.transfermarkt.us/mohammad-ghorbani/leistungsdatendetails/spieler/856087/wettbewerb/UAE1
696,27,IRN,IR Iran,G,AFC,,MF,Mehdi Torabi,1994-09-10,31,52,7,False,Tractor,Iran,Persian Gulf Pro League,180,,,17,,1155,0,1,1,0,,,Persian Gulf Pro League,,,,,,high,,https://www.transfermarkt.us/mehdi-torabi/leistungsdaten/spieler/283833 ; https://www.fotmob.com/players/621519/mehdi-torabi
697,27,IRN,IR Iran,G,AFC,,MF,Mohammad Mohebi,1998-12-20,27,36,14,False,Rostov,Russia,Russian Premier League,185,,,24,,1610,3,2,3,0,,,"Russian Premier League, Russian Cup",,,,,,high,"Winger, prolific scorer for country",https://www.fotmob.com/players/1073012/mohammad-mohebi ; https://www.sofascore.com/football/player/mohammad-mohebi/996805
698,27,IRN,IR Iran,G,AFC,,FW,Mehdi Taremi,1992-07-18,33,105,60,False,Olympiacos,Greece,Super League Greece,187,Right,,39,,,16,5,,,,,"Super League Greece, Greek Cup, UEFA Champions League, Greek Super Cup",,,,486,221,high,"Talisman striker, 16 goals across all competitions in 2025-26",https://en.wikipedia.org/wiki/Mehdi_Taremi ; https://www.livescore.com/en/season-stats/mehdi-taremi/21243/
699,27,IRN,IR Iran,G,AFC,,FW,Ali Alipour,1995-11-11,30,14,1,False,Persepolis,Iran,Persian Gulf Pro League,181,,,10,,,5,1,,,,,Persian Gulf Pro League,,,,,,medium,,https://www.livescore.com/en/season-stats/ali-alipour/21410/ ; https://www.transfermarkt.us/ali-alipour/leistungsdaten/spieler/249360
700,27,IRN,IR Iran,G,AFC,,FW,Shahriyar Moghanlou,1994-12-21,31,21,2,False,Kalba,United Arab Emirates,UAE Pro League,192,,,21,,1676,8,2,5,0,,,UAE Pro League,,,,,,high,,https://footystats.org/players/iran/shahriar-moghanlou ; https://www.fotmob.com/players/641121/shahriar-moghanlou
701,27,IRN,IR Iran,G,AFC,,FW,Amirhossein Hosseinzadeh,2000-10-30,25,18,5,False,Tractor,Iran,Persian Gulf Pro League,178,,2200000,32,,2785,12,,,,,,"Persian Gulf Pro League, AFC competitions",,,,,,medium,"Tractor's standout forward, league top scorer in 2025-26",https://www.transfermarkt.us/amirhossein-hosseinzadeh/leistungsdaten/spieler/542380 ; https://www.sofascore.com/football/player/amirhossein-hosseinzadeh/905472
702,27,IRN,IR Iran,G,AFC,,FW,Dennis Eckert Ayensa,1997-01-09,29,0,0,False,Standard Liège,Belgium,Belgian Pro League,182,,,,,1987,5,0,2,0,,,Belgian Pro League,,,,,,medium,"Germany-born forward (Iranian descent), uncapped, included pending Change of Association approval",https://www.fotmob.com/players/892709/dennis-eckert ; https://www.transfermarkt.us/dennis-eckert-ayensa/leistungsdaten/spieler/249303
703,28,NZL,New Zealand,G,OFC,1,GK,Max Crocombe,1993-08-12,32,24,0,False,Millwall,England,EFL Championship,194,,,25,25,2070,0,0,,,9,25,"EFL Championship, EFL Cup",,,,341,0,high,,https://en.wikipedia.org/wiki/Max_Crocombe ; https://www.livescore.com/en/season-stats/max%20crocombe/49102/
704,28,NZL,New Zealand,G,OFC,2,DF,Tim Payne,1994-01-10,32,50,3,False,Wellington Phoenix,New Zealand,A-League Men,179,Right,,16,13,867,0,5,,,,,"A-League Men, Australia Cup",,,,268,11,high,Suffered broken collarbone October 2025; right-back/defender,https://en.wikipedia.org/wiki/Tim_Payne_(footballer) ; https://www.fotmob.com/players/324305/tim-payne
705,28,NZL,New Zealand,G,OFC,3,DF,Francis de Vries,1994-11-28,31,19,1,False,Auckland FC,New Zealand,A-League Men,188,Left,,,,1979,1,7,2,,,,A-League Men,,,,266,18,medium,Left-back; calf injury late season ruled him out of regular-season run-in,https://en.wikipedia.org/wiki/Francis_de_Vries ; https://www.fotmob.com/players/825593/francis-de-vries
706,28,NZL,New Zealand,G,OFC,4,DF,Tyler Bindon,2005-01-27,21,24,3,False,Sheffield United,England,EFL Championship,190,,,25,,2028,1,,1,0,,,EFL Championship,,,,109,5,high,On loan at Sheffield United from Reading for 2025-26,https://en.wikipedia.org/wiki/Tyler_Bindon ; https://www.livescore.com/en/season-stats/tyler-bindon/73196/
707,28,NZL,New Zealand,G,OFC,5,DF,Michael Boxall,1988-08-18,37,62,1,False,Minnesota United FC,United States,MLS,188,,,36,,,1,,,,,,MLS (incl. playoffs),,,,275,13,high,2025 MLS All-Star; club captain,https://en.wikipedia.org/wiki/Michael_Boxall ; https://www.mnufc.com/players/michael-boxall/
708,28,NZL,New Zealand,G,OFC,6,MF,Joe Bell,1999-04-27,27,31,1,False,Viking,Norway,Eliteserien,182,,,37,,,3,4,,,,,"Eliteserien, Norwegian Cup, UEFA competition",,,,217,6,high,Won 2025 Eliteserien with Viking; named in Team of the Year,https://en.wikipedia.org/wiki/Joe_Bell_(footballer) ; https://fbref.com/en/players/7825847e/Joe-Bell
709,28,NZL,New Zealand,G,OFC,7,MF,Matthew Garbett,2002-04-13,24,36,5,False,Peterborough United,England,EFL League One,188,,,24,20,,3,1,,,,,EFL League One (plus cups),,,,86,8,medium,Wears No. 28 at Peterborough; signed August 2025,https://en.wikipedia.org/wiki/Matthew_Garbett ; https://www.theposh.com/player/378
710,28,NZL,New Zealand,G,OFC,8,MF,Marko Stamenić,2002-02-19,24,38,3,False,Swansea City,Wales,EFL Championship,188,,,36,,,3,1,,,,,EFL Championship,,,,121,7,high,Joined Swansea from Nottingham Forest August 2025 for reported £2m+,https://en.wikipedia.org/wiki/Marko_Stameni%C4%87 ; https://www.transfermarkt.co.uk/marko-stamenic/leistungsdaten/spieler/617018
711,28,NZL,New Zealand,G,OFC,9,FW,Chris Wood,1991-12-07,34,90,45,True,Nottingham Forest,England,Premier League,191,Right,,20,,1160,5,2,3,0,,,"Premier League, UEFA Europa League",,,,552,194,high,Captain and all-time top scorer; Premier League starter,"https://en.wikipedia.org/wiki/Chris_Wood_(footballer,_born_1991) ; https://www.premierleague.com/en/players/60689/chris-wood/overview"
712,28,NZL,New Zealand,G,OFC,10,MF,Sarpreet Singh,1999-02-20,27,27,3,False,Wellington Phoenix,New Zealand,A-League Men,175,Left,,2,,,0,0,,,,,A-League Men,,,,,,medium,Joined Phoenix on loan from Bačka Topola Feb 2026; season limited by MCL injury,https://en.wikipedia.org/wiki/Sarpreet_Singh ; https://wellingtonphoenix.com/news/welcome-home-sarpreet/
713,28,NZL,New Zealand,G,OFC,11,MF,Elijah Just,2000-05-01,26,43,9,False,Motherwell,Scotland,Scottish Premiership,174,,,39,30,,7,,,,,,"Scottish Premiership, Scottish League Cup, Scottish Cup",,,,182,34,high,Most productive league season; signed for Motherwell July 2025,https://en.wikipedia.org/wiki/Elijah_Just ; https://www.sofascore.com/football/player/elijah-just/905267
714,28,NZL,New Zealand,G,OFC,12,GK,Alex Paulsen,2002-07-04,23,7,0,False,Lechia Gdańsk,Poland,Ekstraklasa,184,,,27,,,0,0,,,,,"Ekstraklasa, Polish Cup",,,,143,0,high,On loan at Lechia Gdańsk from Bournemouth for 2025-26,https://en.wikipedia.org/wiki/Alex_Paulsen ; https://www.flashscore.com/player/paulsen-alex/AF8MfxI4/
715,28,NZL,New Zealand,G,OFC,13,DF,Liberato Cacace,2000-09-27,25,36,1,False,Wrexham,Wales,EFL Championship,183,Left,,13,8,721,1,0,,,,,"EFL Championship, FA Cup",,,,218,7,high,Season hampered by multiple injuries incl. hamstring; FA Cup goal vs Forest,https://en.wikipedia.org/wiki/Liberato_Cacace ; https://www.transfermarkt.us/liberato-cacace/profil/spieler/469211
716,28,NZL,New Zealand,G,OFC,14,MF,Alex Rufer,1996-06-12,29,25,0,False,Wellington Phoenix,New Zealand,A-League Men,184,,,24,,2044,2,1,8,0,,,A-League Men (plus Australia Cup),,,,173,5,high,Wellington Phoenix captain,https://en.wikipedia.org/wiki/Alex_Rufer ; https://www.fotmob.com/players/519240/alex-rufer
717,28,NZL,New Zealand,G,OFC,15,DF,Nando Pijnaker,1999-02-25,27,24,0,False,Auckland FC,New Zealand,A-League Men,191,,,13,,721,0,0,,,,,A-League Men,,,,,,medium,Season disrupted by ankle surgery (12 weeks) and shoulder dislocation,https://en.wikipedia.org/wiki/Nando_Pijnaker ; https://www.fotmob.com/players/1053731/nando-pijnaker
718,28,NZL,New Zealand,G,OFC,16,DF,Finn Surman,2003-09-23,22,18,2,False,Portland Timbers,United States,MLS,190,,,35,35,,0,0,,,,,MLS (incl. playoffs),,,,112,1,high,Timbers Supporters' Player of the Year 2025; first full MLS season,https://en.wikipedia.org/wiki/Finn_Surman ; https://www.mlssoccer.com/players/finn-surman/
719,28,NZL,New Zealand,G,OFC,17,FW,Kosta Barbarouses,1990-02-19,36,75,10,False,Western Sydney Wanderers,Australia,A-League Men,171,,,24,,1308,5,1,1,,,,A-League Men (plus Australia Cup),,,,335,105,high,Joined Wanderers on one-year deal for 2025-26; 100-goal club member,https://en.wikipedia.org/wiki/Kosta_Barbarouses ; https://www.fotmob.com/players/96488/kosta-barbarouses
720,28,NZL,New Zealand,G,OFC,18,FW,Ben Waine,2001-06-11,25,31,9,False,Port Vale,England,EFL League One,179,,,37,,,8,,,,,,"EFL League One, FA Cup, EFL Cup, EFL Trophy",,,,204,40,high,Joint top scorer for Port Vale; club relegated from League One,https://en.wikipedia.org/wiki/Ben_Waine ; https://www.transfermarkt.us/ben-waine/leistungsdaten/spieler/539502
721,28,NZL,New Zealand,G,OFC,19,MF,Ben Old,2002-08-13,23,23,2,False,Saint-Étienne,France,Ligue 2,,,,30,20,1880,1,2,1,0,,,Ligue 2,,,,,,high,,https://www.livescore.com/en/season-stats/ben-old/33506/ ; https://www.fotmob.com/players/1257745/benjamin-old
722,28,NZL,New Zealand,G,OFC,20,MF,Callum McCowatt,1999-04-30,27,31,4,False,Silkeborg,Denmark,Danish Superliga,179,,,37,,,12,3,,,,,"Danish Superliga, Danish Cup, UEFA Conference League",,,,263,81,high,Silkeborg Player of the Year 2025; scored Superliga hat-trick,https://en.wikipedia.org/wiki/Callum_McCowatt ; https://fbref.com/en/players/3fc42049/Callum-McCowatt
723,28,NZL,New Zealand,G,OFC,21,FW,Jesse Randall,2002-08-19,23,10,2,False,Auckland FC,New Zealand,A-League Men,176,,,34,30,2123,12,6,,,,,"A-League Men (incl. finals), Australia Cup",,,,127,66,high,Key scorer in Auckland FC's 2026 A-League championship win,https://en.wikipedia.org/wiki/Jesse_Randall ; https://fbref.com/en/players/513ec88e/Jesse-Randall
724,28,NZL,New Zealand,G,OFC,22,GK,Michael Woud,1999-01-16,27,6,0,False,Auckland FC,New Zealand,A-League Men,196,,,4,4,,0,0,,,2,2,A-League Men (incl. Grand Final),,,,64,0,medium,Kept clean sheet in 2026 A-League Grand Final win,https://en.wikipedia.org/wiki/Michael_Woud ; https://www.ultimatealeague.com/player/?player_id=1708
725,28,NZL,New Zealand,G,OFC,23,MF,Ryan Thomas,1994-12-20,31,25,3,False,PEC Zwolle,Netherlands,Eredivisie,174,Right,,,,2157,1,1,7,,,,Eredivisie,,,,201,16,medium,Defensive midfielder; agreed new deal with PEC Zwolle April 2026,https://en.wikipedia.org/wiki/Ryan_Thomas_(footballer) ; https://www.fotmob.com/en-GB/players/496356
726,28,NZL,New Zealand,G,OFC,24,DF,Callan Elliot,1999-07-07,26,10,0,False,Auckland FC,New Zealand,A-League Men,177,,,26,,1406,0,1,1,,,,A-League Men (plus Australia Cup),,,,133,5,high,Right-back; won 2025-26 A-League title with Auckland FC,https://en.wikipedia.org/wiki/Callan_Elliot ; https://www.fotmob.com/players/1013276/callan-elliot
727,28,NZL,New Zealand,G,OFC,25,MF,Lachlan Bayliss,2002-07-24,23,3,0,False,Newcastle Jets,Australia,A-League Men,178,,,31,18,,5,3,,,,,"A-League Men, Australia Cup",,,,110,29,high,Won Australia Cup and Premiers' Plate with Newcastle Jets; departed end of season,https://en.wikipedia.org/wiki/Lachlan_Bayliss ; https://newcastlejetsfc.com.au/player/lachlan-bayliss/
728,28,NZL,New Zealand,G,OFC,26,DF,Tommy Smith,1990-03-31,36,56,2,False,Braintree Town,England,National League,188,Left,,14,10,1173,0,1,2,1,,,National League,,,,462,32,high,Veteran centre-back; joined Braintree from Auckland FC,"https://en.wikipedia.org/wiki/Tommy_Smith_(footballer,_born_1990) ; https://www.transfermarkt.us/tommy-smith/profil/spieler/54381"
729,29,ESP,Spain,H,UEFA,1,GK,David Raya,1995-09-15,30,12,0,False,Arsenal,England,Premier League,183,,,51,,,0,,,,28,,"Premier League, FA Cup, EFL Cup, UEFA Champions League",,,,371,0,high,"Won 2025/26 Premier League Golden Glove (3rd in a row, 19 PL clean sheets) and UCL Golden Glove; 28 clean sheets across all competitions.",https://en.wikipedia.org/wiki/David_Raya ; https://www.premierleague.com/en/players/154561/david-raya/stats
730,29,ESP,Spain,H,UEFA,2,DF,Marc Pubill,2003-06-20,22,1,0,False,Atlético Madrid,Spain,La Liga,190,,,36,,,1,,,,,,"La Liga, Copa del Rey, UEFA Champions League, Supercopa de España",,,,136,5,high,Joined Atlético Madrid from Almería in July 2025.,https://en.wikipedia.org/wiki/Marc_Pubill
731,29,ESP,Spain,H,UEFA,3,DF,Álex Grimaldo,1995-09-20,30,13,0,False,Bayer Leverkusen,Germany,Bundesliga,171,left,,46,,,14,,,,,,"Bundesliga, DFB-Pokal, UEFA Champions League",,,,382,44,high,"Prolific attacking left-back: 14 goals in all competitions (8 Bundesliga, 4 UCL, 2 DFB-Pokal).",https://en.wikipedia.org/wiki/%C3%81lex_Grimaldo
732,29,ESP,Spain,H,UEFA,4,DF,Eric García,2001-01-09,25,20,0,False,Barcelona,Spain,La Liga,180,,,51,,,1,2,6,,,,"La Liga, Copa del Rey, UEFA Champions League, Supercopa de España",,,,166,9,high,"Versatile defender used at centre-back, full-back and defensive midfield under Flick.","https://en.wikipedia.org/wiki/Eric_Garc%C3%ADa_(footballer,_born_2001) ; https://www.espn.com/soccer/player/_/id/128714/eric--garcia"
733,29,ESP,Spain,H,UEFA,5,DF,Marcos Llorente,1995-01-30,31,23,0,False,Atlético Madrid,Spain,La Liga,184,,,49,,,4,,,,,,"La Liga, Copa del Rey, UEFA Champions League, Supercopa de España",,,,328,27,high,All 4 goals came in the Champions League.,https://en.wikipedia.org/wiki/Marcos_Llorente
734,29,ESP,Spain,H,UEFA,6,MF,Mikel Merino,1996-06-22,29,42,10,False,Arsenal,England,Premier League,189,,,34,,,6,,,,,,"Premier League, FA Cup, EFL Cup, UEFA Champions League",,,,426,51,high,Sidelined late season with a foot injury sustained in February 2026.,https://en.wikipedia.org/wiki/Mikel_Merino
735,29,ESP,Spain,H,UEFA,7,FW,Ferran Torres,2000-02-29,26,56,24,False,Barcelona,Spain,La Liga,182,,,49,,,21,,,,,,"La Liga, Copa del Rey, UEFA Champions League, Supercopa de España",,,,359,91,high,Career-best 21 goals (16 La Liga) as a frequent starter through the title-winning season.,https://en.wikipedia.org/wiki/Ferran_Torres ; https://www.sportbusy.com/players/soccer/265869/
736,29,ESP,Spain,H,UEFA,8,MF,Fabián Ruiz,1996-04-03,30,41,6,False,Paris Saint-Germain,France,Ligue 1,189,left,,34,,,2,,,,,,"Ligue 1, Coupe de France, UEFA Champions League, UEFA Super Cup, Trophée des Champions, FIFA Intercontinental Cup",,,,434,45,high,,https://en.wikipedia.org/wiki/Fabi%C3%A1n_Ruiz
737,29,ESP,Spain,H,UEFA,9,MF,Gavi,2004-08-05,21,29,5,False,Barcelona,Spain,La Liga,174,right,,13,,,0,,,,,,"La Liga, UEFA Champions League",,,,122,6,high,Limited to 13 appearances after a right-knee medial meniscus injury and surgery in September 2025; returned mid-March 2026.,https://en.wikipedia.org/wiki/Gavi_(footballer)
738,29,ESP,Spain,H,UEFA,10,FW,Dani Olmo,1998-05-07,28,49,12,False,Barcelona,Spain,La Liga,182,,,49,,,8,,,,,,"La Liga, Copa del Rey, UEFA Champions League, Supercopa de España",,,,384,85,high,,https://en.wikipedia.org/wiki/Dani_Olmo
739,29,ESP,Spain,H,UEFA,11,FW,Yéremy Pino,2002-10-20,23,22,4,False,Crystal Palace,England,Premier League,172,,,51,,,5,,,,,,"Premier League, FA Cup, EFL Cup, UEFA Conference League",,,,250,30,high,First season at Crystal Palace; featured heavily including a deep UEFA Conference League run.,https://en.wikipedia.org/wiki/Y%C3%A9remy_Pino
740,29,ESP,Spain,H,UEFA,12,DF,Pedro Porro,1999-09-13,26,17,0,False,Tottenham Hotspur,England,Premier League,173,,,47,,,2,,,,,,"Premier League, FA Cup, EFL Cup, UEFA Champions League, UEFA Super Cup",,,,234,21,high,,https://en.wikipedia.org/wiki/Pedro_Porro
741,29,ESP,Spain,H,UEFA,13,GK,Joan García,2001-05-04,25,2,0,False,Barcelona,Spain,La Liga,193,,,45,,,0,,,,15,,"La Liga, Copa del Rey, UEFA Champions League, Supercopa de España",,,,129,0,high,Joined from Espanyol; La Liga clean-sheet leader (15) and Zamora Trophy contender despite a knee surgery layoff. Clean sheet count is La Liga only.,https://en.wikipedia.org/wiki/Joan_Garc%C3%ADa ; https://footystats.org/players/spain/joan-garcia
742,29,ESP,Spain,H,UEFA,14,DF,Aymeric Laporte,1994-05-27,32,45,2,False,Athletic Bilbao,Spain,La Liga,191,left,,30,,,0,,,,,,"La Liga, Copa del Rey, UEFA Champions League",,,,542,33,high,Returned to Athletic Bilbao.,https://en.wikipedia.org/wiki/Aymeric_Laporte
743,29,ESP,Spain,H,UEFA,15,MF,Álex Baena,2001-07-20,24,16,2,False,Atlético Madrid,Spain,La Liga,174,,,46,,,2,,,,,,"La Liga, Copa del Rey, UEFA Champions League, Supercopa de España",,,,263,33,high,First season at Atlético Madrid after joining from Villarreal.,https://en.wikipedia.org/wiki/%C3%81lex_Baena
744,29,ESP,Spain,H,UEFA,16,MF,Rodri,1996-06-22,29,61,4,True,Manchester City,England,Premier League,190,,,33,,,2,,,,,,"Premier League, FA Cup, EFL Cup, UEFA Champions League",,,,470,35,high,Returned from the long-term ACL injury suffered in 2024/25.,"https://en.wikipedia.org/wiki/Rodri_(footballer,_born_1996)"
745,29,ESP,Spain,H,UEFA,17,FW,Nico Williams,2002-07-12,23,30,6,False,Athletic Bilbao,Spain,La Liga,181,left,,32,,,6,,,,,,"La Liga, Copa del Rey, UEFA Champions League",,,,184,31,high,,https://en.wikipedia.org/wiki/Nico_Williams
746,29,ESP,Spain,H,UEFA,18,MF,Martín Zubimendi,1999-02-02,27,25,3,False,Arsenal,England,Premier League,181,,,57,,,6,,,,,,"Premier League, FA Cup, EFL Cup, UEFA Champions League",,,,268,18,high,First season at Arsenal after joining from Real Sociedad; near ever-present (57 apps) in the title-winning side.,https://en.wikipedia.org/wiki/Martin_Zubimendi
747,29,ESP,Spain,H,UEFA,19,FW,Lamine Yamal,2007-07-13,18,25,6,False,Barcelona,Spain,La Liga,180,left,200000000,45,,,24,,,,,,"La Liga, Copa del Rey, UEFA Champions League, Supercopa de España",,,,154,49,high,"24 goals across all competitions (16 La Liga + 11 assists, La Liga top assist provider; 6 goals/4 assists UCL). Market value €200m.",https://en.wikipedia.org/wiki/Lamine_Yamal ; https://www.transfermarkt.us/lamine-yamal/leistungsdaten/spieler/937958
748,29,ESP,Spain,H,UEFA,20,MF,Pedri,2002-11-25,23,40,5,False,Barcelona,Spain,La Liga,174,,,43,,,2,,,,,,"La Liga, Copa del Rey, UEFA Champions League, Supercopa de España",,,,282,32,high,,https://en.wikipedia.org/wiki/Pedri
749,29,ESP,Spain,H,UEFA,21,FW,Mikel Oyarzabal,1997-04-21,29,52,24,False,Real Sociedad,Spain,La Liga,181,,,40,,,18,,,,,,"La Liga, Copa del Rey",,,,450,136,high,"18 goals (15 La Liga, 4 La Liga assists); club captain and all-time leading scorer for Real Sociedad.",https://en.wikipedia.org/wiki/Mikel_Oyarzabal ; https://www.sportbusy.com/players/soccer/229018/
750,29,ESP,Spain,H,UEFA,22,DF,Pau Cubarsí,2007-01-22,19,11,0,False,Barcelona,Spain,La Liga,183,right,,48,,,1,,,,,,"La Liga, Copa del Rey, UEFA Champions League, Supercopa de España",,,,137,2,high,,https://en.wikipedia.org/wiki/Pau_Cubars%C3%AD
751,29,ESP,Spain,H,UEFA,23,GK,Unai Simón,1997-06-11,29,57,0,False,Athletic Bilbao,Spain,La Liga,190,,,46,,,0,,,,7,54,"La Liga, UEFA Champions League, Supercopa de España",,,,360,0,high,Clean sheets (7) and goals conceded (54) are La Liga figures across 34 league appearances.,https://en.wikipedia.org/wiki/Unai_Sim%C3%B3n ; https://footystats.org/players/spain/unai-simon
752,29,ESP,Spain,H,UEFA,24,DF,Marc Cucurella,1998-07-22,27,23,1,False,Chelsea,England,Premier League,174,left,,50,,,1,,,,,,"Premier League, FA Cup, EFL Cup, UEFA Champions League",,,,374,17,high,,https://en.wikipedia.org/wiki/Marc_Cucurella
753,29,ESP,Spain,H,UEFA,25,FW,Víctor Muñoz,2003-07-13,22,2,1,False,Osasuna,Spain,La Liga,173,,,31,,2668,6,2,3,,,,La Liga,,,,,,medium,"La Liga figures: 6 goals, 2 assists, 2668 minutes, 3 yellow cards in 31 appearances for Osasuna.",https://www.sportbusy.com/players/soccer/397545/ ; https://www.fotmob.com/players/1553105/victor-munoz
754,29,ESP,Spain,H,UEFA,26,FW,Borja Iglesias,1993-01-17,33,7,0,False,Celta Vigo,Spain,La Liga,187,,,50,,,18,,,,,,"La Liga, UEFA Europa League",,,,471,187,high,18 goals across all competitions (14 La Liga) in a strong season for Celta Vigo.,https://en.wikipedia.org/wiki/Borja_Iglesias
755,30,CPV,Cabo Verde,H,CAF,1,GK,Vozinha (Josimar Dias),1986-06-03,40,86,0,False,Chaves,Portugal,Liga Portugal 2,192,Right,,15,15,1350,0,0,0,0,6,13,Liga Portugal 2,,,,,,high,"Veteran first-choice keeper, vice-captain",https://www.playmakerstats.com/player/vozinha/291276 ; https://fbref.com/en/players/dc04ac24/Vozinha
756,30,CPV,Cabo Verde,H,CAF,2,DF,Stopira (Ianique Tavares),1988-05-20,38,61,4,False,Torreense,Portugal,Liga Portugal 2,178,Left,,31,,2715,2,,,,,,Liga Portugal 2 (league only; also won 2025-26 Taca de Portugal with 2 goals in 8 cup games),,,,,,high,Veteran left-back; won 2025-26 Taca de Portugal with Torreense,https://footystats.org/players/cape-verde/ianique-dos-santos-tavares ; https://en.wikipedia.org/wiki/Stopira
757,30,CPV,Cabo Verde,H,CAF,3,DF,Diney (Edilson Borges),1995-01-17,31,30,2,False,Al Bataeh,United Arab Emirates,UAE Pro League,185,Right,,,,,,,,,,,UAE Pro League,,,,,,low,,https://www.transfermarkt.us/diney-borges/leistungsdaten/spieler/349570 ; https://www.sofascore.com/football/player/diney-borges/784677
758,30,CPV,Cabo Verde,H,CAF,4,DF,Roberto Lopes (Pico),1992-06-17,33,45,0,False,Shamrock Rovers,Republic of Ireland,League of Ireland Premier Division,186,Right,,14,,1124,3,0,2,1,,,"League of Ireland Premier Division (2026 season, all comps)",,,,409,24,high,"Experienced centre-back, regular starter and Rovers captain","https://en.wikipedia.org/wiki/Roberto_Lopes_(footballer,_born_1992) ; https://www.fotmob.com/players/230134/roberto-lopes"
759,30,CPV,Cabo Verde,H,CAF,5,DF,Logan Costa,2001-04-01,25,27,0,False,Villarreal,Spain,La Liga,190,Right,15000000,0,0,0,0,0,0,0,,,La Liga (did not feature; out with ACL injury suffered July 2025),,,,,,high,"Key centre-back, only player in Europe's top five leagues; missed 2025-26 with ACL tear",https://www.football-espana.net/2025/07/21/villarreal-logan-costa-acl-injury ; https://www.transfermarkt.us/logan-costa/leistungsdaten/spieler/484988
760,30,CPV,Cabo Verde,H,CAF,6,MF,Kevin Pina,1997-01-27,29,31,3,False,Krasnodar,Russia,Russian Premier League,,Left,,21,5,,0,0,,,,,Russian Premier League,,,,,,medium,Creative midfielder with dead-ball quality; mostly rotation at Krasnodar this season,https://fbref.com/en/players/296026ae/Kevin-Pina ; https://www.fctables.com/players/kevin-pina-357722/
761,30,CPV,Cabo Verde,H,CAF,7,FW,Jovane Cabral,1998-06-14,27,26,2,False,Estrela Amadora,Portugal,Primeira Liga,176,Right,,17,13,1678,7,1,5,,,,Primeira Liga,,,,,,high,In-form forward; 7 league goals in 2025-26,https://www.fotmob.com/players/785716/jovane-cabral ; https://www.transfermarkt.us/jovane-cabral/leistungsdaten/spieler/448466
762,30,CPV,Cabo Verde,H,CAF,8,DF,Joao Paulo Fernandes,1998-05-26,28,41,1,False,FCSB,Romania,Liga I,,Right,,34,,2600,2,3,,,,,Liga I (2025-26 season total; joined FCSB Feb 2026),,,,,,medium,Liga I appearances reflect full 2025-26 season; transferred to FCSB in February 2026,https://fbref.com/en/players/afcac9da/Joao-Paulo-Fernandes ; https://en.wikipedia.org/wiki/Jo%C3%A3o_Paulo_Fernandes_(footballer)
763,30,CPV,Cabo Verde,H,CAF,9,FW,Gilson Benchimol,2001-12-29,24,22,6,False,Akron Tolyatti,Russia,Russian Premier League,,,,20,,1068,6,0,3,,,,Russian Premier League,,,,,,high,6 RPL goals in 2025-26,https://fbref.com/en/players/eae26fce/Gilson-Benchimol ; https://www.fotmob.com/players/1241302/gilson-tavares
764,30,CPV,Cabo Verde,H,CAF,10,MF,Jamiro Monteiro,1993-11-23,32,54,5,False,PEC Zwolle,Netherlands,Eredivisie,173,Right,,25,,1276,2,3,,1,,,Eredivisie,,,,,,medium,Experienced central midfielder,https://www.sofascore.com/football/player/monteiro-jamiro/815080 ; https://en.wikipedia.org/wiki/Jamiro_Monteiro
765,30,CPV,Cabo Verde,H,CAF,11,FW,Garry Rodrigues,1990-11-27,35,59,9,False,Apollon Limassol,Cyprus,Cypriot First Division,180,Right,,26,,1773,5,5,,,,,Cypriot First Division,,,,,,high,"Experienced winger, third captain",https://www.transfermarkt.us/garry-mendes-rodrigues/leistungsdaten/spieler/170895 ; https://www.sofascore.com/football/player/garry-rodrigues/787429
766,30,CPV,Cabo Verde,H,CAF,12,GK,Marcio Rosa,1997-02-23,29,10,0,False,Montana,Bulgaria,First Professional Football League,,,,11,,,0,0,,,1,,First Professional Football League (efbet League),,,,,,medium,Backup goalkeeper,https://www.playmakerstats.com/player/marcio-rosa/475315 ; https://fbref.com/en/players/87e907ff/Marcio-Rosa
767,30,CPV,Cabo Verde,H,CAF,13,DF,Sidny Lopes Cabral,2002-09-18,23,9,3,False,Benfica,Portugal,Primeira Liga,,Right,,12,,,1,1,,,,,"Primeira Liga, UEFA Champions League (joined Benfica Dec 2025)",,,,,,medium,Right-back; scored and assisted early at Benfica; moved to Trabzonspor in the June 2026 window,https://en.wikipedia.org/wiki/Sidny_Lopes_Cabral ; https://www.transfermarkt.us/sidny-cabral/leistungsdaten/spieler/611855/saison/2025
768,30,CPV,Cabo Verde,H,CAF,14,MF,Deroy Duarte,1999-07-04,26,30,0,False,Ludogorets Razgrad,Bulgaria,First Professional Football League,178,Right,,10,7,665,1,0,,,,,"First Professional Football League, UEFA Europa League",,,,,,medium,Main creator linking defence to attack,https://fbref.com/en/players/6af8fc5b/Deroy-Duarte ; https://www.espn.com/soccer/player/_/id/246442/deroy-duarte
769,30,CPV,Cabo Verde,H,CAF,15,MF,Laros Duarte,1997-02-28,29,13,1,False,Puskas Akademia,Hungary,Nemzeti Bajnoksag I,,Right,,9,,,0,2,,,,,"Nemzeti Bajnoksag I (7 apps), UEFA Conference League (2 apps)",,,,,,medium,,https://www.flashscore.com/player/duarte-laros/8ty2w50k/ ; https://www.uefa.com/uefaconferenceleague/clubs/players/250084710--laros-duarte/
770,30,CPV,Cabo Verde,H,CAF,16,MF,Yannick Semedo,1995-12-29,30,10,1,False,Farense,Portugal,Liga Portugal 2,,,,29,,1845,0,3,4,1,,,Liga Portugal 2,,,,,,high,,https://www.sofascore.com/football/player/yannick-semedo/818064 ; https://www.flashscore.com/player/semedo-yannick/vw9Xgz4g/
771,30,CPV,Cabo Verde,H,CAF,17,FW,Willy Semedo,1994-04-27,32,37,2,False,Omonia,Cyprus,Cypriot First Division,,,,24,,2161,17,0,5,,,,Cypriot First Division,,,,,,high,Leading scorer; 17 league goals in 2025-26,https://www.livescore.com/en/season-stats/willy-semedo/3406/ ; https://www.fotmob.com/players/873832/willy-semedo
772,30,CPV,Cabo Verde,H,CAF,18,MF,Telmo Arcanjo,2001-06-21,24,15,1,False,Vitoria de Guimaraes,Portugal,Primeira Liga,,Right,2900000,19,,1122,1,0,1,1,,,"Primeira Liga (16 apps), Taca da Liga (3 apps)",,,,,,high,,https://www.fotmob.com/players/1165477/telmo-arcanjo ; https://www.flashscore.com/player/arcanjo-telmo/6Xwk64Dj/
773,30,CPV,Cabo Verde,H,CAF,19,FW,Dailon Livramento,2001-05-04,25,21,7,False,Casa Pia,Portugal,Primeira Liga,,Right,,14,,940,0,1,,,,,"Primeira Liga (12 apps), Taca de Portugal (2 apps)",,,,,,high,Main striker / attacking reference; on loan from Hellas Verona,https://www.livescore.com/en/season-stats/dailon-rocha-livramento/73743/ ; https://www.fotmob.com/players/1309634/dailon-rocha-livramento
774,30,CPV,Cabo Verde,H,CAF,20,FW,Ryan Mendes,1990-01-08,36,94,22,True,Igdir FK,Turkey,TFF First League,180,Left,,,,1871,5,2,3,1,,,TFF First League (1. Lig),,,,,,medium,Captain; all-time record holder for caps (94) and goals (22),https://www.fotmob.com/players/172615/ryan-mendes ; https://en.wikipedia.org/wiki/Ryan_Mendes
775,30,CPV,Cabo Verde,H,CAF,21,FW,Nuno da Costa,1991-02-10,35,8,1,False,Istanbul Basaksehir,Turkey,Super Lig,185,Right,,,,,4,,,,,,Super Lig,,,,,,low,4 goals for Basaksehir in 2025-26,https://www.espn.com/soccer/player/_/id/224798/nuno-da-costa ; https://www.transfermarkt.co.uk/nuno-da-costa/leistungsdatenverein/spieler/306166
776,30,CPV,Cabo Verde,H,CAF,22,DF,Steven Moreira,1994-08-13,31,19,0,False,Columbus Crew,United States,Major League Soccer,180,Right,,30,29,2462,1,3,,,,,Major League Soccer (2025 regular season),,,,,,high,Regular starting full-back in MLS; won Crew Kirk Urso Heart Award 2025,https://www.mlssoccer.com/players/steven-moreira/ ; https://www.espn.com/soccer/player/stats/_/id/180113/steven-moreira
777,30,CPV,Cabo Verde,H,CAF,23,GK,Carlos Joel dos Santos,2000-08-24,25,1,0,False,San Diego FC,United States,Major League Soccer,,,,26,16,,0,0,,,6,,Major League Soccer (incl. playoffs and cup),,,,,,medium,"Third-choice keeper; first-ever SDFC goalkeeper, 16 MLS starts in inaugural season",https://www.mlssoccer.com/news/cj-dos-santos-world-cup-profile-san-diego-fc-cape-verde-goalkeeper ; https://www.sandiegofc.com/news/san-diego-fc-re-signs-goalkeeper-cj-dos-santos
778,30,CPV,Cabo Verde,H,CAF,24,DF,Wagner Pina,2002-11-03,23,13,0,False,Trabzonspor,Turkey,Super Lig,,Right,,28,,2444,0,7,4,1,,,Super Lig (league; also won 2025-26 Turkish Cup),,,,,,high,Regular right-back; won 2025-26 Turkish Cup with Trabzonspor,https://en.wikipedia.org/wiki/Wagner_Pina ; https://www.fotmob.com/players/1460591/wagner-pina
779,30,CPV,Cabo Verde,H,CAF,25,DF,Kelvin Pires,2000-06-05,26,5,1,False,SJK Seinajoki,Finland,Veikkausliiga,,,,7,,630,1,0,4,,,,Veikkausliiga (2026 season),,,,,,medium,Veikkausliiga season runs spring-autumn 2026; first Veikkausliiga player at a World Cup since 2018,https://www.fotmob.com/players/1175733/kelvin-pires ; https://www.flashscore.co.za/news/soccer-veikkausliiga-from-seinajoki-to-the-world-pires-of-finland-s-sjk-makes-cape-verde-squad/WQFrY6Pp/
780,30,CPV,Cabo Verde,H,CAF,26,FW,Helio Varela,2002-05-03,24,20,0,False,Maccabi Tel Aviv,Israel,Israeli Premier League,,,,16,4,1978,3,2,2,,,,Israeli Premier League (Ligat ha'Al); club also in UEFA Europa League,,,,,,medium,,https://www.fotmob.com/players/1524518/helio-varela ; https://www.besoccer.com/player/helio-varela-901692
781,31,KSA,Saudi Arabia,H,AFC,1,GK,Nawaf Al-Aqidi,1999-05-10,27,22,0,False,Al-Nassr,Saudi Arabia,Saudi Pro League,,,,11,11,,0,0,,,3,12,"Saudi Pro League, AFC Champions League Elite (combined)",,,,,0,medium,,https://www.sofascore.com/football/player/nawaf-al-aqidi/1014518 ; https://www.transfermarkt.co.in/nawaf-al-aqidi/profil/spieler/886183
782,31,KSA,Saudi Arabia,H,AFC,2,DF,Ali Majrashi,1999-10-02,26,21,0,False,Al-Ahli,Saudi Arabia,Saudi Pro League,,,,21,20,,1,1,5,2,,,"Saudi Pro League (and cups, combined)",,,,,,medium,,https://www.espn.com/soccer/player/_/id/331920/ali-majrashi ; https://footystats.org/players/saudi-arabia/ali-majrashi
783,31,KSA,Saudi Arabia,H,AFC,3,DF,Ali Lajami,1996-04-24,30,21,1,False,Al-Hilal,Saudi Arabia,Saudi Pro League,,,,3,3,,0,0,0,0,,,Saudi Pro League,,,,,,medium,,https://www.espn.com/soccer/player/_/id/296972/ali-lajami ; https://www.transfermarkt.us/ali-lajami/profil/spieler/264909
784,31,KSA,Saudi Arabia,H,AFC,4,DF,Abdulelah Al-Amri,1997-01-15,29,42,1,False,Al-Nassr,Saudi Arabia,Saudi Pro League,,,,,,464,2,1,,,,,"Saudi Pro League, AFC Champions League Elite (combined)",,,,,,medium,,https://www.fotmob.com/players/848600/abdulelah-al-amri ; https://www.livescore.com/en/season-stats/abdulelah-al-amri/33995/
785,31,KSA,Saudi Arabia,H,AFC,5,DF,Hassan Al-Tambakti,1999-02-09,27,51,1,False,Al-Hilal,Saudi Arabia,Saudi Pro League,,,,,21,2349,1,0,5,,,,"Saudi Pro League, AFC Champions League Elite (combined)",,,,,,medium,,https://www.fotmob.com/players/848607/hassan-altambakti ; https://www.playmakerstats.com/player/hassan-tambakti/617738
786,31,KSA,Saudi Arabia,H,AFC,6,MF,Nasser Al-Dawsari,1998-12-19,27,43,0,False,Al-Hilal,Saudi Arabia,Saudi Pro League,,,,27,17,1235,0,1,2,1,,,"Saudi Pro League, AFC Champions League Elite (combined)",,,,,,medium,,https://www.fotmob.com/players/848612/nasser-al-dawsari ; https://www.playmakerstats.com/player/nasser-al-dawsari/566384
787,31,KSA,Saudi Arabia,H,AFC,7,MF,Musab Al-Juwayr,2003-06-20,22,34,6,False,Al-Qadsiah,Saudi Arabia,Saudi Pro League,,,,31,,2537,6,11,,,,,Saudi Pro League,,,,,,high,,https://statz.ai/player/musab-al-juwayr/37562153 ; https://www.livescore.com/en/season-stats/musab-al-juwayr/7713/
788,31,KSA,Saudi Arabia,H,AFC,8,FW,Ayman Yahya,2001-05-14,25,26,0,False,Al-Nassr,Saudi Arabia,Saudi Pro League,,,,,,1248,2,2,7,,,,"Saudi Pro League, AFC Champions League Elite (combined)",,,,,,medium,,https://www.fotmob.com/players/1095207/ayman-yahya ; https://www.livescore.com/en/season-stats/ayman-yahya/34514/
789,31,KSA,Saudi Arabia,H,AFC,9,FW,Firas Al-Buraikan,2000-05-14,26,69,15,False,Al-Ahli,Saudi Arabia,Saudi Pro League,181,,4000000,28,,1730,5,1,,,,,"Saudi Pro League, AFC Champions League Elite (combined)",,,,,,medium,"Lead striker, key scorer in qualifying",https://en.wikipedia.org/wiki/Firas_Al-Buraikan ; https://www.transfermarkt.us/firas-al-buraikan/profil/spieler/631922 ; https://www.fotmob.com/players/844226/firas-al-buraikan
790,31,KSA,Saudi Arabia,H,AFC,10,FW,Salem Al-Dawsari,1991-08-19,34,109,27,True,Al-Hilal,Saudi Arabia,Saudi Pro League,172,Right,1000000,26,,,8,8,,,,,"Saudi Pro League, AFC Champions League Elite (combined)",,,,303,88,high,Captain and most-capped player,https://en.wikipedia.org/wiki/Salem_Al-Dawsari ; https://www.transfermarkt.us/salem-al-dawsari/leistungsdaten/spieler/195332 ; https://footystats.org/players/saudi-arabia/salem-mohammed-al-dawsari
791,31,KSA,Saudi Arabia,H,AFC,11,FW,Saleh Al-Shehri,1993-11-01,32,55,18,False,Al-Ittihad,Saudi Arabia,Saudi Pro League,184,,,14,10,,3,1,1,0,,,"Saudi Pro League, AFC Champions League Elite (combined)",,,,,,medium,,https://en.wikipedia.org/wiki/Saleh_Al-Shehri ; https://www.livescore.com/en/season-stats/saleh-al-shehri/7689/ ; https://www.fotmob.com/players/384407/saleh-al-shehri
792,31,KSA,Saudi Arabia,H,AFC,12,DF,Saud Abdulhamid,1999-07-18,26,54,1,False,Lens,France,Ligue 1,,,,22,,1181,2,3,3,,,,Ligue 1,,,,,,medium,On loan at Lens from Roma; only squad member playing abroad,https://www.fotmob.com/players/1002617/saud-abdulhamid ; https://tribuna.com/en/persons/saud-abdulhamid/stat/2025-2026/ligue-1/ ; https://en.wikipedia.org/wiki/Saud_Abdulhamid
793,31,KSA,Saudi Arabia,H,AFC,13,DF,Nawaf Boushal,1999-09-16,26,24,0,False,Al-Nassr,Saudi Arabia,Saudi Pro League,,,,32,20,,0,,3,1,,,"Saudi Pro League, AFC Champions League Elite (combined)",,,,,,medium,,https://www.espn.com/soccer/player/_/id/331918/nawaf-boushal ; https://www.playmakerstats.com/player/nawaf-boushal/762654
794,31,KSA,Saudi Arabia,H,AFC,14,DF,Hassan Kadesh,1992-09-26,33,20,2,False,Al-Ittihad,Saudi Arabia,Saudi Pro League,,Left,,14,14,,0,,0,0,,,"Saudi Pro League, AFC Champions League Elite (combined)",,,,,,medium,,https://www.espn.com/soccer/player/_/id/185636/hassan-kadesh ; https://www.livescore.com/en/season-stats/hassan-kadesh/81124/
795,31,KSA,Saudi Arabia,H,AFC,15,MF,Abdullah Al-Khaibari,1996-08-16,29,39,0,False,Al-Nassr,Saudi Arabia,Saudi Pro League,,,,42,,,1,,,,,,"Saudi Pro League, AFC Champions League Elite (combined)",,,,,,medium,,https://www.espn.com/soccer/player/_/id/271461/abdullah-al-khaibari ; https://www.livescore.com/en/season-stats/abdullah-al-khaibari/34498/
796,31,KSA,Saudi Arabia,H,AFC,16,MF,Ziyad Al-Johani,2001-11-11,24,12,0,False,Al-Ahli,Saudi Arabia,Saudi Pro League,,,,21,15,1247,0,1,2,2,,,"Saudi Pro League, AFC Champions League Elite (combined)",,,,,,medium,,https://www.livescore.com/en/season-stats/ziyad-al-johani/46842/ ; https://www.espn.com/soccer/player/_/id/306692/ziyad-aljohani
797,31,KSA,Saudi Arabia,H,AFC,17,FW,Khalid Al-Ghannam,2000-11-08,25,6,0,False,Al-Ettifaq,Saudi Arabia,Saudi Pro League,,,,24,,1726,10,4,,,,,"Saudi Pro League (and cups, combined)",,,,,,high,Breakout season at Al-Ettifaq,https://tribuna.com/en/persons/khalid-al-ghannam/stat/2025-2026/ ; https://www.fotmob.com/players/1024928/khalid-al-ghannam
798,31,KSA,Saudi Arabia,H,AFC,18,MF,Alaa Al-Hejji,1995-12-03,30,2,0,False,Neom,Saudi Arabia,Saudi Pro League,,,,15,9,712,0,1,1,,,,Saudi Pro League,,,,,,medium,,https://www.fotmob.com/players/697618/alaa-al-haji ; https://www.espn.com/soccer/player/_/id/357660/ala-al-hajji
799,31,KSA,Saudi Arabia,H,AFC,19,FW,Abdullah Al-Hamdan,1999-09-13,26,49,12,False,Al-Nassr,Saudi Arabia,Saudi Pro League,,,,35,,935,6,2,,,,,"Saudi Pro League, AFC Champions League Elite (combined)",,,,,,medium,,https://www.fotmob.com/players/909198/abdullah-al-hamddan ; https://www.espn.com/soccer/player/_/id/294239/abdullah-al-hamdan
800,31,KSA,Saudi Arabia,H,AFC,20,FW,Sultan Mandash,1994-10-17,31,6,2,False,Al-Hilal,Saudi Arabia,Saudi Pro League,,,,19,,569,3,,,,,,Saudi Pro League (joined Al-Hilal Jan 2026),,,,,,medium,Joined Al-Hilal mid-season (Jan 2026); season totals may include former club,https://www.transfermarkt.us/sultan-mandash/profil/spieler/210349 ; https://www.soccer24.com/player/madash-sultan/j1bysR6F/
801,31,KSA,Saudi Arabia,H,AFC,21,GK,Mohammed Al-Owais,1991-10-10,34,63,0,False,Al-Ula,Saudi Arabia,Saudi First Division League,,,,21,21,1890,0,0,2,0,8,15,Saudi First Division League,,,,,0,medium,,https://footystats.org/players/saudi-arabia/mohammed-khalil-al-owais ; https://www.transfermarkt.us/mohammed-al-owais/profil/spieler/262845
802,31,KSA,Saudi Arabia,H,AFC,22,GK,Ahmed Al-Kassar,1991-05-08,35,9,0,False,Al-Qadsiah,Saudi Arabia,Saudi Pro League,179,,,0,0,0,0,0,0,0,0,0,Saudi Pro League (no appearances),,,,,0,medium,Backup goalkeeper; no league appearances in 2025/26,https://www.espn.com/soccer/player/_/id/171878/ahmed-al-kassar ; https://www.transfermarkt.us/ahmed-al-kassar/profil/spieler/177956
803,31,KSA,Saudi Arabia,H,AFC,23,MF,Mohamed Kanno,1994-09-22,31,76,8,False,Al-Hilal,Saudi Arabia,Saudi Pro League,,,,30,23,,5,3,2,0,,,"Saudi Pro League, AFC Champions League Elite (combined)",,,,,,medium,,https://www.livescore.com/en/season-stats/mohamed-kanno/7697/ ; https://www.transfermarkt.us/mohamed-kanno/leistungsdaten/spieler/308120
804,31,KSA,Saudi Arabia,H,AFC,24,DF,Moteb Al-Harbi,2000-02-20,26,12,0,False,Al-Hilal,Saudi Arabia,Saudi Pro League,,,,30,20,1735,2,,0,0,,,"Saudi Pro League, AFC Champions League Elite (combined)",,,,,,medium,,https://www.livescore.com/en/season-stats/moteb%20al-harbi/27510/ ; https://www.espn.com/soccer/player/_/id/330543/moteb-al-harbi
805,31,KSA,Saudi Arabia,H,AFC,25,DF,Jehad Thakri,2001-07-21,24,7,0,False,Al-Qadsiah,Saudi Arabia,Saudi Pro League,,,,21,,,0,,,,,,"Saudi Pro League, King Cup, Super Cup (combined)",,,,,,medium,,https://www.transfermarkt.us/jehad-thakri/leistungsdaten/spieler/901334/saison/ ; https://fbref.com/en/players/cf4eaaa7/Jehad-Thakri
806,31,KSA,Saudi Arabia,H,AFC,26,DF,Mohammed Abu Al-Shamat,2002-08-11,23,6,0,False,Al-Qadsiah,Saudi Arabia,Saudi Pro League,,,,31,29,2494,2,8,3,1,,,Saudi Pro League,,,,,,high,Highest-scoring/assisting RB in the league this season,https://www.fotmob.com/players/1543647/mohammed-abu-al-shamat ; https://tribuna.com/en/persons/mohammed-waheeb-saleh-abu-al-shamat/stat/2025-2026/saudi-prof-league/
807,32,URU,Uruguay,H,CONMEBOL,1,GK,Sergio Rochet,1993-03-23,33,35,0,False,Internacional,Brazil,Campeonato Brasileiro Serie A,188,,,19,,,0,,,,,,"Campeonato Brasileiro Serie A, Copa do Brasil, Copa Sudamericana",,,,299,0,medium,First-choice goalkeeper,https://en.wikipedia.org/wiki/Sergio_Rochet
808,32,URU,Uruguay,H,CONMEBOL,2,DF,Jose Maria Gimenez,1995-01-20,31,99,8,True,Atletico Madrid,Spain,La Liga,185,Right,12000000,25,,,1,,,,,,"La Liga, Copa del Rey, UEFA Champions League",,,,398,14,high,"Captain, central defence leader",https://en.wikipedia.org/wiki/Jos%C3%A9_Mar%C3%ADa_Gim%C3%A9nez ; https://www.transfermarkt.us/jose-maria-gimenez/profil/spieler/250845
809,32,URU,Uruguay,H,CONMEBOL,3,DF,Sebastian Caceres,1999-08-18,26,24,0,False,Club America,Mexico,Liga MX,180,,,28,,,0,0,2,,,,Liga MX,,,,,,medium,,https://www.sofascore.com/football/player/sebastian-caceres/924889 ; https://www.besoccer.com/player/sebastian-caceres-428324
810,32,URU,Uruguay,H,CONMEBOL,4,DF,Ronald Araujo,1999-03-07,27,27,1,False,Barcelona,Spain,La Liga,191,Right,25000000,38,,,4,0,2,,,,"La Liga, Copa del Rey, UEFA Champions League, Supercopa de Espana",,,,229,24,high,,https://en.wikipedia.org/wiki/Ronald_Ara%C3%BAjo ; https://www.transfermarkt.us/ronald-araujo/leistungsdaten/spieler/480267
811,32,URU,Uruguay,H,CONMEBOL,5,MF,Manuel Ugarte,2001-04-11,25,36,1,False,Manchester United,England,Premier League,183,Right,42000000,24,,,0,,,,,,"Premier League, FA Cup, EFL Cup",,,,269,6,high,,https://en.wikipedia.org/wiki/Manuel_Ugarte_(footballer)
812,32,URU,Uruguay,H,CONMEBOL,6,MF,Rodrigo Bentancur,1997-06-25,28,74,3,False,Tottenham Hotspur,England,Premier League,188,Right,22000000,34,,,1,,,,,,"Premier League, EFL Cup, UEFA Champions League, UEFA Super Cup",,,,394,14,high,,https://en.wikipedia.org/wiki/Rodrigo_Bentancur
813,32,URU,Uruguay,H,CONMEBOL,7,MF,Nicolas de la Cruz,1997-06-01,29,34,5,False,Flamengo,Brazil,Campeonato Brasileiro Serie A,168,Right,,34,,,1,,,,,,"Campeonato Brasileiro Serie A, Copa Libertadores, Copa do Brasil, Campeonato Carioca",,,,216,33,high,,https://en.wikipedia.org/wiki/Nicol%C3%A1s_de_la_Cruz
814,32,URU,Uruguay,H,CONMEBOL,8,MF,Federico Valverde,1998-07-22,27,73,9,False,Real Madrid,Spain,La Liga,183,Right,113000000,49,,,9,12,3,1,,,"La Liga, Copa del Rey, UEFA Champions League, UEFA Super Cup",,,,310,28,high,Key midfield starter and creative hub,https://en.wikipedia.org/wiki/Federico_Valverde ; https://www.livescore.com/en/season-stats/federico-valverde/18774/
815,32,URU,Uruguay,H,CONMEBOL,9,FW,Darwin Nunez,1999-06-24,26,38,13,False,Al Hilal,Saudi Arabia,Saudi Pro League,188,Right,20000000,24,,,9,5,,,,,"Saudi Pro League, Kings Cup, AFC Champions League Elite",,,,305,117,high,"Lead striker, 9 goals in 24 games across all competitions",https://en.wikipedia.org/wiki/Darwin_N%C3%BA%C3%B1ez ; https://www.transfermarkt.us/darwin-nunez/profil/spieler/546543
816,32,URU,Uruguay,H,CONMEBOL,10,MF,Giorgian de Arrascaeta,1994-06-01,32,60,13,False,Flamengo,Brazil,Campeonato Brasileiro Serie A,173,Right,,64,,,25,,,,,,"Campeonato Brasileiro Serie A, Copa Libertadores, Copa do Brasil, Campeonato Carioca",,,,625,172,high,"Playmaker, 25 goals across all competitions in 2025",https://en.wikipedia.org/wiki/Giorgian_de_Arrascaeta
817,32,URU,Uruguay,H,CONMEBOL,11,MF,Facundo Pellistri,2001-12-20,24,39,2,False,Panathinaikos,Greece,Super League Greece,175,Right,,18,,,0,,,,,,"Super League Greece, Greek Cup, UEFA Europa League",,,,168,9,high,,https://en.wikipedia.org/wiki/Facundo_Pellistri
818,32,URU,Uruguay,H,CONMEBOL,12,GK,Santiago Mele,1997-09-06,28,8,0,False,Monterrey,Mexico,Liga MX,183,,,15,,,0,,,,4,,Liga MX,,,,,0,medium,,https://www.sofascore.com/football/player/santiago-mele/846421 ; https://www.transfermarkt.us/santiago-mele/profil/spieler/320739
819,32,URU,Uruguay,H,CONMEBOL,13,DF,Guillermo Varela,1993-03-24,33,28,0,False,Flamengo,Brazil,Campeonato Brasileiro Serie A,173,Right,,44,,,2,,,,,,"Campeonato Brasileiro Serie A, Copa Libertadores, Copa do Brasil, Campeonato Carioca",,,,304,5,high,,https://en.wikipedia.org/wiki/Guillermo_Varela
820,32,URU,Uruguay,H,CONMEBOL,14,FW,Agustin Canobbio,1998-10-01,27,15,1,False,Fluminense,Brazil,Campeonato Brasileiro Serie A,175,,,39,,,10,5,,,,,"Campeonato Brasileiro Serie A, Copa do Brasil, Campeonato Carioca",,,,301,35,medium,"Most prolific season yet: 10 goals, 5 assists in 39 games",https://onefootball.com/en/news/canobbio-enjoying-most-prolific-season-yet-now-a-key-figure-for-fluminense-41648337 ; https://en.wikipedia.org/wiki/Agust%C3%ADn_Canobbio
821,32,URU,Uruguay,H,CONMEBOL,15,MF,Emiliano Martinez,1999-08-17,26,10,0,False,Palmeiras,Brazil,Campeonato Brasileiro Serie A,185,,,42,,,1,,,,,,"Campeonato Brasileiro Serie A, Copa Libertadores, Copa do Brasil, Campeonato Paulista",,,,142,2,medium,,"https://en.wikipedia.org/wiki/Emiliano_Mart%C3%ADnez_(footballer,_born_1999)"
822,32,URU,Uruguay,H,CONMEBOL,16,DF,Mathias Olivera,1997-10-31,28,35,2,False,Napoli,Italy,Serie A,185,Left,15000000,33,,,0,,,,,,"Serie A, Coppa Italia, UEFA Champions League",,,,248,6,high,,https://en.wikipedia.org/wiki/Math%C3%ADas_Olivera
823,32,URU,Uruguay,H,CONMEBOL,17,DF,Matias Vina,1997-11-09,28,43,1,False,River Plate,Argentina,Liga Profesional de Futbol,175,Left,,,,221,0,0,1,1,,,Liga Profesional de Futbol (Apertura),,,,,,low,On loan from Flamengo since Jan 2026; limited minutes after returning from serious injury,https://www.fotmob.com/players/840184/matias-vina ; https://en.wikipedia.org/wiki/Mat%C3%ADas_Vi%C3%B1a
824,32,URU,Uruguay,H,CONMEBOL,18,FW,Brian Rodriguez,2000-05-20,26,32,4,False,Club America,Mexico,Liga MX,175,Left,,37,,,13,7,,,,,Liga MX,,,,,,medium,"Strong season: 13 goals, 7 assists",https://www.sofascore.com/player/brian-rodriguez/932233 ; https://www.transfermarkt.us/brian-rodriguez/leistungsdaten/spieler/465818/saison/2025
825,32,URU,Uruguay,H,CONMEBOL,19,FW,Rodrigo Aguirre,1994-10-01,31,10,3,False,Tigres UANL,Mexico,Liga MX,183,,2300000,9,,,1,,,,,,"Liga MX (Clausura, since Feb 2026)",,,,304,73,medium,Joined Tigres UANL from Club America in Feb 2026; apps shown for Tigres spell only,https://en.wikipedia.org/wiki/Rodrigo_Aguirre ; https://www.transfermarkt.us/rodrigo-aguirre/profil/spieler/189410
826,32,URU,Uruguay,H,CONMEBOL,20,MF,Maximiliano Araujo,2000-02-15,26,28,3,False,Sporting CP,Portugal,Primeira Liga,178,Left,,47,,,7,,,,,,"Primeira Liga, Taca de Portugal, Taca da Liga, UEFA Champions League",,,,273,30,high,,https://en.wikipedia.org/wiki/Maximiliano_Ara%C3%BAjo
827,32,URU,Uruguay,H,CONMEBOL,21,FW,Federico Vinas,1998-06-30,27,11,2,False,Real Oviedo,Spain,La Liga,180,Right,,33,28,2451,9,1,4,3,,,La Liga,,,,,,medium,Real Oviedo top league scorer with 9 goals,https://www.livescore.com/en/season-stats/federico-vinas/5053/ ; https://fbref.com/en/players/d30c7094/Federico-Vinas
828,32,URU,Uruguay,H,CONMEBOL,22,DF,Joaquin Piquerez,1998-08-24,27,19,0,False,Palmeiras,Brazil,Campeonato Brasileiro Serie A,183,Left,,46,,,4,,,,,,"Campeonato Brasileiro Serie A, Copa Libertadores, Copa do Brasil, Campeonato Paulista",,,,211,17,high,,https://en.wikipedia.org/wiki/Joaqu%C3%ADn_Piquerez
829,32,URU,Uruguay,H,CONMEBOL,23,GK,Fernando Muslera,1986-06-16,39,134,0,False,Estudiantes de La Plata,Argentina,Liga Profesional de Futbol,191,Right,700000,23,,,0,,,,,,"Liga Profesional de Futbol, Copa Argentina, Copa Libertadores",,,,,0,medium,Veteran returning for a fifth World Cup,https://www.sofascore.com/football/player/fernando-muslera/28381 ; https://www.transfermarkt.us/fernando-muslera/profil/spieler/58088
830,32,URU,Uruguay,H,CONMEBOL,24,DF,Santiago Bueno,1998-11-09,27,8,0,False,Wolverhampton Wanderers,England,Premier League,191,Right,,34,,,4,,,,,,"Premier League, FA Cup, EFL Cup",,,,246,11,high,,https://en.wikipedia.org/wiki/Santiago_Bueno
831,32,URU,Uruguay,H,CONMEBOL,25,MF,Juan Manuel Sanabria,2000-03-29,26,5,1,False,Real Salt Lake,United States,Major League Soccer,173,Left,,11,,907,0,6,,,,,Major League Soccer,,,,,,medium,Joined RSL Feb 2026; leads team with 6 assists,https://www.mlssoccer.com/news/juan-manuel-sanabria-world-cup-profile-real-salt-lake-uruguay-defender ; https://www.rsl.com/players/juan-manuel-sanabria/stats/
832,32,URU,Uruguay,H,CONMEBOL,26,MF,Rodrigo Zalazar,1999-08-12,26,8,2,False,Braga,Portugal,Primeira Liga,178,Left,,47,,,23,,,,,,"Primeira Liga, Taca de Portugal, Taca da Liga, UEFA Europa League",,,,235,57,high,"Standout season: 16 league goals, 23 across all competitions",https://en.wikipedia.org/wiki/Rodrigo_Zalazar
833,33,FRA,France,I,UEFA,1,GK,Brice Samba,1994-04-25,32,4,0,False,Rennes,France,Ligue 1,186,Right,7000000,32,32,2880,0,0,5,0,10,44,Ligue 1,,,,,0,medium,Third-choice keeper,https://footystats.org/players/france/brice-samba ; https://www.fotmob.com/players/279714/brice-samba
834,33,FRA,France,I,UEFA,2,DF,Malo Gusto,2003-05-19,23,10,0,False,Chelsea,England,Premier League,179,Right,45000000,34,,,2,3,,,,,Premier League,,,,,,medium,Regular right-back option,https://www.premierleague.com/en/players/482609/malo-gusto/stats ; https://footystats.org/players/france/malo-gusto
835,33,FRA,France,I,UEFA,3,DF,Lucas Digne,1993-07-20,32,57,0,False,Aston Villa,England,Premier League,178,Left,8000000,29,,1747,0,6,3,0,,,Premier League,,,,,,medium,Experienced left-back,https://www.premierleague.com/en/players/101188/lucas-digne/stats ; https://footystats.org/players/france/lucas-digne
836,33,FRA,France,I,UEFA,4,DF,Dayot Upamecano,1998-10-27,27,37,2,False,Bayern Munich,Germany,Bundesliga,186,Right,70000000,24,22,,1,1,4,0,,,"Bundesliga, UEFA Champions League, DFB-Pokal",,,,,,medium,Regular starter at centre-back,https://www.sportbusy.com/players/soccer/222793/ ; https://www.transfermarkt.us/dayot-upamecano/leistungsdaten/spieler/344695
837,33,FRA,France,I,UEFA,5,DF,Jules Koundé,1998-11-12,27,47,0,False,Barcelona,Spain,La Liga,180,Right,60000000,47,,,3,4,,,,,"La Liga, UEFA Champions League, Copa del Rey",,,,,,medium,Regular starter at right-back,https://www.livescore.com/en/season-stats/jules-kounde/18884/ ; https://footystats.org/players/france/jules-kounde
838,33,FRA,France,I,UEFA,6,MF,Manu Koné,2001-05-17,25,13,0,False,Roma,Italy,Serie A,185,Right,55000000,33,,,2,3,2,0,,,"Serie A, UEFA Europa League",,,,,,medium,Regular starter in midfield,https://www.sportbusy.com/players/soccer/285226/ ; https://www.transfermarkt.us/manu-kone/leistungsdaten/spieler/624690/saison/2025
839,33,FRA,France,I,UEFA,7,FW,Ousmane Dembélé,1997-05-15,29,58,7,False,Paris Saint-Germain,France,Ligue 1,178,Both,100000000,22,11,1062,10,7,,,,,Ligue 1,,,,,,medium,"Star attacker, Champions League winner",https://www.fotmob.com/players/692984/ousmane-dembele ; https://www.transfermarkt.us/ousmane-dembele/leistungsdaten/spieler/288230/saison/2025/plus/1
840,33,FRA,France,I,UEFA,8,MF,Aurélien Tchouaméni,2000-01-27,26,45,3,False,Real Madrid,Spain,La Liga,187,Right,70000000,49,,3940,2,1,,,,,"La Liga, UEFA Champions League, Copa del Rey",,,,,,medium,"Regular starter, defensive midfield",https://www.fotmob.com/players/914458/aurelien-tchouameni ; https://www.sofascore.com/football/player/aurelien-tchouameni/859025
841,33,FRA,France,I,UEFA,9,FW,Marcus Thuram,1997-08-06,28,34,3,False,Inter Milan,Italy,Serie A,192,Right,70000000,38,,,18,9,,,,,"Serie A, UEFA Champions League, Coppa Italia",,,,,,medium,Regular starting forward,https://www.livescore.com/en/season-stats/marcus-thuram/13831/ ; https://www.inter.it/en/news/thuram-season-inter-2025-26
842,33,FRA,France,I,UEFA,10,FW,Kylian Mbappé,1998-12-20,27,97,56,True,Real Madrid,Spain,La Liga,178,Right,180000000,39,,,29,9,4,0,,,"La Liga, UEFA Champions League, Copa del Rey",,,,,,medium,"Captain and talisman, prolific scorer",https://www.fotmob.com/players/701154/kylian-mbappe ; https://tribuna.com/en/persons/mbappe/stat/2025-2026/
843,33,FRA,France,I,UEFA,11,FW,Michael Olise,2001-12-12,24,16,4,False,Bayern Munich,Germany,Bundesliga,184,Left,150000000,48,,,21,28,8,0,,,"Bundesliga, UEFA Champions League, DFB-Pokal",,,,,,medium,"Key winger, Bundesliga Player of the Season 2025/26",https://www.bundesliga.com/en/player/michael-olise ; https://www.fotmob.com/players/1029063/michael-olise
844,33,FRA,France,I,UEFA,12,FW,Bradley Barcola,2002-09-02,23,19,3,False,Paris Saint-Germain,France,Ligue 1,184,Right,80000000,29,,1750,11,1,2,0,,,Ligue 1,,,,,,medium,Rotation/starting winger,https://www.statmuse.com/fc/ask/bradley-barcola-stats-with-psg?l=ligue1 ; https://www.fotmob.com/players/1297165/bradley-barcola
845,33,FRA,France,I,UEFA,13,MF,N'Golo Kanté,1991-03-29,35,68,2,False,Fenerbahçe,Turkey,Süper Lig,168,Right,12000000,18,,1144,2,1,3,0,,,"Süper Lig, UEFA Europa League",,,,,,medium,Experienced midfielder,https://www.fotmob.com/players/319300/ngolo-kante ; https://www.transfermarkt.us/ngolo-kante/leistungsdaten/spieler/225083/saison/2025/wettbewerb/SA1
846,33,FRA,France,I,UEFA,14,MF,Adrien Rabiot,1995-04-03,31,58,7,False,Milan,Italy,Serie A,188,Right,30000000,29,,,6,4,4,1,,,"Serie A, Coppa Italia",,,,,,medium,Regular starter in midfield,https://www.sportbusy.com/players/soccer/176203/ ; https://www.livescore.com/en/season-stats/adrien-rabiot/15698/
847,33,FRA,France,I,UEFA,15,DF,Ibrahima Konaté,1999-05-25,27,28,0,False,Liverpool,England,Premier League,194,Right,65000000,51,,,2,,,,,,"Premier League, UEFA Champions League, FA Cup, FA Community Shield",,,,300,13,high,"Regular starter at centre-back; out of contract, set to leave Liverpool",https://en.wikipedia.org/wiki/Ibrahima_Konat%C3%A9 ; https://www.premierleague.com/en/players/204716/ibrahima-konat%C3%A9/stats
848,33,FRA,France,I,UEFA,16,GK,Mike Maignan,1995-07-03,30,39,0,False,Milan,Italy,Serie A,191,Right,20000000,37,37,3296,0,,,,13,35,"Serie A, Coppa Italia",,,,,0,medium,First-choice goalkeeper,https://www.statmuse.com/fc/ask/mike-maignan-stats-with-milan?l=seriea ; https://footystats.org/players/france/mike-maignan
849,33,FRA,France,I,UEFA,17,DF,William Saliba,2001-03-24,25,31,0,False,Arsenal,England,Premier League,192,Right,100000000,50,,,1,0,,,,,"Premier League, UEFA Champions League, FA Cup, EFL Cup",,,,299,9,high,Regular starter at centre-back,https://en.wikipedia.org/wiki/William_Saliba ; https://www.premierleague.com/en/players/462424/william-saliba/stats
850,33,FRA,France,I,UEFA,18,MF,Warren Zaïre-Emery,2006-03-08,20,11,1,False,Paris Saint-Germain,France,Ligue 1,178,Right,80000000,32,,2453,3,4,,,,,Ligue 1,,,,,,medium,Young midfielder,https://tribuna.com/en/persons/warren-zaire-emery/stat/2025-2026/ligue-1/ ; https://www.fotmob.com/players/1367615/warren-zaire-emery
851,33,FRA,France,I,UEFA,19,DF,Théo Hernández,1997-10-06,28,43,2,False,Al-Hilal,Saudi Arabia,Saudi Pro League,184,Left,25000000,25,25,,5,0,,,,,"Saudi Pro League, AFC Champions League Elite",,,,,,medium,Starting left-back,https://www.livescore.com/en/season-stats/theo-hernandez/15879/ ; https://www.playmakerstats.com/player/theo-hernandez/331396
852,33,FRA,France,I,UEFA,20,FW,Désiré Doué,2005-06-03,21,6,2,False,Paris Saint-Germain,France,Ligue 1,181,Right,120000000,34,,,12,8,,,,,"Ligue 1, UEFA Champions League",,,,,,low,Emerging attacker,https://www.transfermarkt.us/desire-doue/leistungsdaten/spieler/914562 ; https://www.fotmob.com/players/1339208/desire-doue
853,33,FRA,France,I,UEFA,21,DF,Lucas Hernández,1996-02-14,30,42,0,False,Paris Saint-Germain,France,Ligue 1,184,Left,15000000,31,,,0,2,,,,,"Ligue 1, UEFA Champions League",,,,,,medium,Versatile defender,https://www.livescore.com/en/season-stats/lucas-hernandez/15383/ ; https://footystats.org/players/france/lucas-hernandez
854,33,FRA,France,I,UEFA,22,FW,Jean-Philippe Mateta,1997-06-28,28,4,2,False,Crystal Palace,England,Premier League,192,Right,40000000,35,25,2220,15,0,2,0,,,"Premier League, UEFA Conference League, FA Cup, EFL Cup",,,,,,medium,Regular starting striker for club,https://www.premierleague.com/en/players/231747/jean-philippe-mateta/stats ; https://footystats.org/players/france/jean-philippe-mateta
855,33,FRA,France,I,UEFA,23,GK,Robin Risser,2004-12-02,21,0,0,False,Lens,France,Ligue 1,193,Right,30000000,33,33,2970,0,0,,,11,35,Ligue 1,,,,,0,medium,"Lens first-choice keeper, Ligue 1 Goalkeeper of the Year; uncapped at senior level",https://www.playmakerstats.com/player/robin-risser/956442 ; https://fbref.com/en/players/56a66faa/Robin-Risser
856,33,FRA,France,I,UEFA,24,MF,Rayan Cherki,2003-08-17,22,6,2,False,Manchester City,England,Premier League,176,Left,90000000,41,23,,9,11,,,,,"Premier League, UEFA Champions League, FA Cup, EFL Cup",,,,,,medium,Creative attacking midfielder,https://www.sofascore.com/news/only-one-rated-higher-rayan-cherkis-standout-2025-26-for-man-city ; https://www.fotmob.com/players/1104053/rayan-cherki
857,33,FRA,France,I,UEFA,25,MF,Maghnes Akliouche,2002-02-25,24,8,1,False,Monaco,France,Ligue 1,179,Right,50000000,31,29,,6,6,2,0,,,"Ligue 1, UEFA Champions League",,,,,,medium,Attacking midfielder,https://www.sportbusy.com/players/soccer/329690/ ; https://fbref.com/en/players/b625b241/Maghnes-Akliouche
858,33,FRA,France,I,UEFA,26,DF,Maxence Lacroix,2000-04-06,26,3,0,False,Crystal Palace,England,Premier League,190,Right,35000000,43,,,2,2,,,,,"Premier League, UEFA Conference League, EFL Cup",,,,,,medium,Regular starter at centre-back,https://www.premierleague.com/en/players/437499/maxence-lacroix/stats ; https://en.wikipedia.org/wiki/Maxence_Lacroix
859,34,SEN,Senegal,I,CAF,1,GK,Yehvann Diouf,1999-11-16,26,2,0,False,OGC Nice,France,Ligue 1,,,9000000,26,26,2340,0,,1,0,5,26,Ligue 1 (league only),,,,,0,medium,Third-choice national keeper,https://www.livescore.com/en/season-stats/yehvann-diouf/3049/ ; https://www.transfermarkt.us/yehvann-diouf/profil/spieler/448632
860,34,SEN,Senegal,I,CAF,2,DF,Mamadou Sarr,2005-08-29,20,7,0,False,Chelsea,England,Premier League,,,22000000,18,,,0,,,,,,"Ligue 1, UEFA Conference League (at Strasbourg on loan)",,,,,,medium,Loaned to Strasbourg first half of 2025/26,https://www.chelseafc.com/en/teams/profile/mamadou-sarr ; https://en.wikipedia.org/wiki/Mamadou_Sarr
861,34,SEN,Senegal,I,CAF,3,DF,Kalidou Koulibaly,1991-06-20,34,103,2,True,Al-Hilal,Saudi Arabia,Saudi Pro League,187,Right,4500000,26,,,2,3,,,,,"Saudi Pro League, AFC Champions League Elite, King's Cup",,,,644,29,high,"Captain, experienced central defender",https://en.wikipedia.org/wiki/Kalidou_Koulibaly ; https://www.transfermarkt.us/kalidou-koulibaly/leistungsdaten/spieler/93128/saison/2025
862,34,SEN,Senegal,I,CAF,4,DF,Abdoulaye Seck,1992-06-04,34,20,3,False,Maccabi Haifa,Israel,Israeli Premier League,,,400000,14,,1241,2,,2,0,,,Israeli Premier League (league only),,,,,,medium,,https://footystats.org/players/senegal/abdoulaye-seck ; https://www.livescore.com/en/season-stats/abdoulaye-seck/19370/
863,34,SEN,Senegal,I,CAF,5,MF,Idrissa Gana Gueye,1989-09-26,36,131,7,False,Everton,England,Premier League,174,Right,500000,25,,2102,2,3,,,,,Premier League (league only),,,,,,high,All-time most-capped Senegal player; defensive midfielder,https://www.livescore.com/en/season-stats/idrissa-gana-gueye/2127/ ; https://en.wikipedia.org/wiki/Idrissa_Gueye
864,34,SEN,Senegal,I,CAF,6,MF,Pathe Ciss,1994-03-16,32,28,0,False,Rayo Vallecano,Spain,La Liga,,,1800000,27,19,,2,0,4,2,,,"La Liga, UEFA Conference League",,,,,,medium,,https://www.fotmob.com/players/872396/pathe-ciss ; https://www.espn.com/soccer/player/_/id/294228/pathe-ciss
865,34,SEN,Senegal,I,CAF,7,FW,Assane Diao,2005-09-07,20,2,0,False,Como,Italy,Serie A,,Right,30000000,17,,1084,2,1,2,,,,Serie A (league only),,,,,,medium,Winger,https://www.fotmob.com/players/1434889/assane-diao ; https://www.espn.com/soccer/player/stats/_/id/364742/assane-diao
866,34,SEN,Senegal,I,CAF,8,MF,Lamine Camara,2004-01-01,22,32,5,False,AS Monaco,France,Ligue 1,,Right,40000000,30,,2368,3,4,6,,,,"Ligue 1, UEFA Champions League",,,,,,high,Central midfielder,https://www.livescore.com/en/season-stats/lamine-camara/65950/ ; https://www.uefa.com/uefachampionsleague/clubs/players/250198240--lamine-camara/
867,34,SEN,Senegal,I,CAF,9,FW,Bamba Dieng,2000-03-23,26,21,2,False,Lorient,France,Ligue 1,,,15000000,22,15,1220,10,1,,,,,Ligue 1 (league only),,,,,,high,Centre-forward,https://www.statmuse.com/fc/ask/bamba-dieng-stats-with-lorient ; https://en.wikipedia.org/wiki/Bamba_Dieng
868,34,SEN,Senegal,I,CAF,10,FW,Sadio Mane,1992-04-10,34,127,55,False,Al-Nassr,Saudi Arabia,Saudi Pro League,175,Right,6000000,25,25,2136,10,6,6,0,,,Saudi Pro League (league stats; also AFC Champions League),,,,474,190,high,All-time top scorer for Senegal; attacking talisman,https://www.livescore.com/en/season-stats/sadio-mane/31486/ ; https://en.wikipedia.org/wiki/Sadio_Mane
869,34,SEN,Senegal,I,CAF,11,FW,Nicolas Jackson,2001-06-20,24,31,8,False,Bayern Munich,Germany,Bundesliga,186,Right,40000000,34,,,11,,,,,,"Bundesliga, DFB-Pokal, UEFA Champions League",,,,207,62,high,"Centre-forward, on loan at Bayern from Chelsea",https://en.wikipedia.org/wiki/Nicolas_Jackson ; https://fcbayern.com/en/news/2025/09/fc-bayern-sign-nicolas-jackson-on-loan-from-chelsea
870,34,SEN,Senegal,I,CAF,12,FW,Cherif Ndiaye,1996-01-23,30,17,4,False,Samsunspor,Turkey,Super Lig,,,5000000,17,12,1421,7,1,2,1,,,Super Lig (league only),,,,,,high,Centre-forward,https://www.livescore.com/en/season-stats/cherif-ndiaye/30885/ ; https://www.sofascore.com/football/player/ndiaye-cherif/868268
871,34,SEN,Senegal,I,CAF,13,FW,Iliman Ndiaye,2000-03-06,26,39,4,False,Everton,England,Premier League,175,Right,55000000,34,,2789,6,3,2,0,,,"Premier League, EFL Cup, FA Cup",,,,214,44,high,"Forward/winger, key attacker",https://en.wikipedia.org/wiki/Iliman_Ndiaye ; https://www.livescore.com/en/season-stats/iliman-ndiaye/1707/
872,34,SEN,Senegal,I,CAF,14,DF,Ismail Jakobs,1999-08-17,26,29,0,False,Galatasaray,Turkey,Super Lig,,Left,8000000,32,,2171,0,1,1,,,,"Super Lig, UEFA Champions League",,,,,,medium,Left-back,https://www.livescore.com/en/season-stats/ismail-jakobs/2412/ ; https://www.uefa.com/uefachampionsleague/clubs/players/250117015--ismail-jakobs/
873,34,SEN,Senegal,I,CAF,15,MF,Krepin Diatta,1999-02-25,27,59,2,False,AS Monaco,France,Ligue 1,,Right,6000000,18,10,1009,0,1,2,,,,Ligue 1 (league apps; also UCL squad),,,,,,medium,Versatile right-sided player,https://www.livescore.com/en/season-stats/krepin-diatta/2415/ ; https://www.transfermarkt.us/krepin-diatta/leistungsdaten/spieler/490426
874,34,SEN,Senegal,I,CAF,16,GK,Edouard Mendy,1992-03-01,34,56,0,False,Al-Ahli,Saudi Arabia,Saudi Pro League,196,Right,4000000,41,,,0,,,,,,"Saudi Pro League, AFC Champions League Elite, other",,,,374,0,high,First-choice goalkeeper,https://en.wikipedia.org/wiki/%C3%89douard_Mendy ; https://www.transfermarkt.us/edouard-mendy/leistungsdaten/spieler/442531
875,34,SEN,Senegal,I,CAF,17,MF,Pape Matar Sarr,2002-09-14,23,38,4,False,Tottenham Hotspur,England,Premier League,184,Right,30000000,35,,,2,4,,,,,"Premier League, UEFA Champions League",,,,,,high,Central midfielder,https://www.premierleague.com/en/players/482442/pape-matar-sarr/stats ; https://en.wikipedia.org/wiki/Pape_Matar_Sarr
876,34,SEN,Senegal,I,CAF,18,FW,Ismaila Sarr,1998-02-25,28,82,19,False,Crystal Palace,England,Premier League,185,Right,40000000,45,,,21,,,,,,"Premier League, UEFA Conference League, FA Cup, EFL Cup, Community Shield",,,,368,94,high,"Winger; strong 2025/26 season, Conference League winner",https://en.wikipedia.org/wiki/Isma%C3%AFla_Sarr ; https://www.premierleague.com/en/players/232185/isma%C3%AFla-sarr/stats
877,34,SEN,Senegal,I,CAF,19,DF,Moussa Niakhate,1996-03-08,30,29,0,False,Olympique Lyonnais,France,Ligue 1,190,Left,15000000,41,,,1,2,,,,,"Ligue 1, UEFA Europa League",,,,,,high,Centre-back,https://www.livescore.com/en/season-stats/moussa-niakhate/14505/ ; https://en.wikipedia.org/wiki/Moussa_Niakhat%C3%A9
878,34,SEN,Senegal,I,CAF,20,FW,Ibrahim Mbaye,2008-01-24,18,10,3,False,Paris Saint-Germain,France,Ligue 1,,,30000000,27,,,3,2,,,,,"Ligue 1, UEFA Champions League",,,,,,medium,Teenage winger,https://www.livescore.com/en/season-stats/ibrahim-mbaye/93341/ ; https://en.wikipedia.org/wiki/Ibrahim_Mbaye
879,34,SEN,Senegal,I,CAF,21,MF,Habib Diarra,2004-01-03,22,19,4,False,Sunderland,England,Premier League,,,35000000,20,15,1407,2,2,6,0,,,Premier League (league only),,,,,,high,Central midfielder,https://www.premierleague.com/en/players/547027/habib-diarra/stats ; https://en.wikipedia.org/wiki/Habib_Diarra
880,34,SEN,Senegal,I,CAF,22,MF,Bara Sapoko Ndiaye,2007-12-31,18,1,0,False,Bayern Munich,Germany,Bundesliga,,,4000000,4,2,143,0,0,,,,,Bundesliga (joined Jan 2026),,,,4,0,medium,Teen breakthrough; maiden cap shortly before World Cup,https://en.wikipedia.org/wiki/Bara_Sapoko_Ndiaye ; https://www.bundesliga.com/en/bundesliga/player/bara-sapoko-ndiaye
881,34,SEN,Senegal,I,CAF,23,GK,Mory Diaw,1993-06-22,32,3,0,False,Le Havre,France,Ligue 1,,,900000,16,16,1440,0,,,,5,20,Ligue 1 (league only),,,,,0,medium,Backup goalkeeper,https://www.livescore.com/en/season-stats/mory-diaw/12454/ ; https://footystats.org/players/france/mory-diaw
882,34,SEN,Senegal,I,CAF,24,DF,Antoine Mendy,2004-05-27,22,6,0,False,OGC Nice,France,Ligue 1,188,,10000000,25,24,2099,1,0,5,,,,"Ligue 1, UEFA Champions League/Europa League",,,,,,medium,,https://www.sportbusy.com/players/soccer/319161/ ; https://fbref.com/en/players/3322e296/Antoine-Mendy
883,34,SEN,Senegal,I,CAF,25,DF,El Hadji Malick Diouf,2004-12-28,21,18,1,False,West Ham United,England,Premier League,183,Left,28000000,32,30,2711,0,5,6,0,,,Premier League (league only),,,,105,12,high,"Left-back, first full Premier League season",https://en.wikipedia.org/wiki/El_Hadji_Malick_Diouf ; https://www.premierleague.com/en/players/613804/el-hadji-malick-diouf/stats
884,34,SEN,Senegal,I,CAF,26,MF,Pape Gueye,1999-01-24,27,39,6,False,Villarreal,Spain,La Liga,189,Right,40000000,37,,2670,5,2,8,,,,"La Liga, UEFA Champions League",,,,,,high,Central midfielder,https://www.livescore.com/en/season-stats/pape-gueye/2030/ ; https://www.uefa.com/uefachampionsleague/clubs/players/250144229--pape-gueye/statistics/
885,35,IRQ,Iraq,I,AFC,1,GK,Fahad Talib,1994-10-21,31,21,0,False,Al-Talaba,Iraq,Iraq Stars League,,,,26,26,2285,0,,,,10,21,Iraq Stars League,,,,,,medium,,https://footystats.org/players/iraq/fahad-talib-raheem ; https://en.wikipedia.org/wiki/Fahad_Talib
886,35,IRQ,Iraq,I,AFC,2,DF,Rebin Sulaka,1992-04-12,34,55,1,False,Port F.C.,Thailand,Thai League 1,192,,,,,1894,0,0,4,,,,Thai League 1,,,,346,12,low,,https://www.sofascore.com/football/player/rebin-sulaka/362504 ; https://en.wikipedia.org/wiki/Rebin_Sulaka
887,35,IRQ,Iraq,I,AFC,3,DF,Hussein Ali,2002-03-01,24,26,1,False,Pogoń Szczecin,Poland,Ekstraklasa,182,,,16,,,2,0,4,1,,,Ekstraklasa,,,,110,2,high,,"https://en.wikipedia.org/wiki/Hussein_Ali_(footballer,_born_2002) ; https://www.transfermarkt.us/hussein-ali/profil/spieler/585325"
888,35,IRQ,Iraq,I,AFC,4,DF,Zaid Tahseen,2001-01-29,25,27,1,False,Pakhtakor,Uzbekistan,Uzbekistan Super League,,,,6,,443,0,0,2,,,,Uzbekistan Super League,,,,,,low,,https://www.flashscore.com/player/tahseen-zaid/W2aahfYG/ ; https://www.sofascore.com/football/player/zaid-tahseen/1150051
889,35,IRQ,Iraq,I,AFC,5,DF,Akam Hashim,1998-08-16,27,13,1,False,Al-Zawraa,Iraq,Iraq Stars League,184,left,620000,,,,,,,,,,"Iraq Stars League, AFC Champions League Two",,,,,,low,,https://www.sofascore.com/football/player/akam-hashem/1631451 ; https://www.flashscore.com/player/hashem-akam/QPpFZeuK/
890,35,IRQ,Iraq,I,AFC,6,DF,Manaf Younis,1996-11-16,29,33,1,False,Al-Shorta,Iraq,Iraq Stars League,190,right,,,,,,,,,,,"Iraq Stars League, AFC Champions League Two",,,,105,4,low,,https://en.wikipedia.org/wiki/Manaf_Younis ; https://www.sofascore.com/football/player/manaf-younis/1176558
891,35,IRQ,Iraq,I,AFC,7,MF,Youssef Amyn,2003-08-21,22,26,2,False,AEK Larnaca,Cyprus,Cypriot First Division,172,,,12,,,1,,,,,,"Cypriot First Division, UEFA Europa League",,,,93,12,high,,https://en.wikipedia.org/wiki/Youssef_Amyn ; https://www.transfermarkt.us/youssef-amyn/leistungsdaten/spieler/684307
892,35,IRQ,Iraq,I,AFC,8,MF,Ibrahim Bayesh,2000-05-01,26,75,8,False,Al Dhafra,United Arab Emirates,UAE Pro League,177,,800000,12,,1026,1,0,3,1,,,"UAE Pro League (Al-Dhafra spell from Feb 2026; first half of 2025-26 at Al-Riyadh, Saudi Pro League)",,,,,,low,,https://www.transfermarkt.us/ibrahim-bayesh/profil/spieler/560957 ; https://www.fotmob.com/players/942834/ibrahim-bayesh
893,35,IRQ,Iraq,I,AFC,9,FW,Ali Al-Hamadi,2002-03-01,24,19,5,False,Luton Town,England,EFL Championship,184,,1500000,14,,413,1,1,1,0,,,"League One, FA Cup",,,,130,39,high,Scored opener against Bolivia in qualifying play-off; Luton relegated to League One for 2025-26,https://en.wikipedia.org/wiki/Ali_Al-Hamadi ; https://www.transfermarkt.us/ali-al-hamadi/leistungsdaten/spieler/610581
894,35,IRQ,Iraq,I,AFC,10,FW,Mohanad Ali,2000-06-20,25,71,27,False,Dibba,United Arab Emirates,UAE Pro League,183,,,8,8,,5,,,,,,"UAE Pro League, UAE President's Cup",,,,239,108,medium,,https://en.wikipedia.org/wiki/Mohanad_Ali ; https://www.playmakerstats.com/player/mohanad-ali/618655
895,35,IRQ,Iraq,I,AFC,11,FW,Ahmed Qasem,2003-07-12,22,2,0,False,Nashville SC,United States,Major League Soccer,183,,,29,12,,5,3,,,,,"Major League Soccer, U.S. Open Cup",,,,,,medium,,https://www.mlssoccer.com/players/ahmed-qasem/ ; https://en.wikipedia.org/wiki/Ahmed_Qasem
896,35,IRQ,Iraq,I,AFC,12,GK,Jalal Hassan,1991-05-18,35,101,0,True,Al-Zawraa,Iraq,Iraq Stars League,,,,13,,,0,0,,,,,"Iraq Stars League, AFC Champions League Two",,,,,,low,"Captain, most-capped player in squad; made 100th cap Nov 18 2025 vs UAE",https://en.wikipedia.org/wiki/Jalal_Hassan ; https://www.livescore.com/en/season-stats/jalal-hassan/33192/
897,35,IRQ,Iraq,I,AFC,13,FW,Ali Yousif,1996-01-19,30,6,1,False,Al-Talaba,Iraq,Iraq Stars League,192,right,120000,,,,,,,,,,Iraq Stars League,,,,,,low,Joined Al-Talaba Sep 2025 from Al-Zawraa,https://www.sofascore.com/football/player/ali-yousif/834492 ; https://en.wikipedia.org/wiki/Ali_Yousif
898,35,IRQ,Iraq,I,AFC,14,MF,Zidane Iqbal,2003-04-27,23,24,2,False,FC Utrecht,Netherlands,Eredivisie,181,,,0,0,0,0,0,0,0,,,Eredivisie (no appearances recorded in 2025-26 per Wikipedia),,,,48,2,medium,Wikipedia club stats table shows 0 apps for 2025-26; verify against injury/loan status,https://en.wikipedia.org/wiki/Zidane_Iqbal ; https://www.transfermarkt.us/zidane-iqbal/profil/spieler/686845
899,35,IRQ,Iraq,I,AFC,15,DF,Ahmed Yahya,1995-07-01,30,20,0,False,Al-Shorta,Iraq,Iraq Stars League,187,left,450000,,,,,,,,,,"Iraq Stars League, AFC Champions League Two",,,,,,low,,https://www.transfermarkt.us/ahmed-yahya/leistungsdaten/spieler/949320 ; https://www.espn.com/soccer/team/squad/_/id/9655/al-shorta
900,35,IRQ,Iraq,I,AFC,16,MF,Amir Al-Ammari,1997-07-27,28,50,3,False,KS Cracovia,Poland,Ekstraklasa,184,,,34,,2506,1,4,4,1,,,"Ekstraklasa, Polish Cup",,,,301,36,high,,https://en.wikipedia.org/wiki/Amir_Al-Ammari ; https://www.transfermarkt.us/amir-al-ammari/leistungsdaten/spieler/303766
901,35,IRQ,Iraq,I,AFC,17,FW,Ali Jasim,2004-01-20,22,36,2,False,Al-Najma,Saudi Arabia,Saudi Pro League,178,,,24,,1612,4,1,1,,,,Saudi Pro League,,,,,,medium,On loan at Al-Najma (Saudi Pro League) from Como; JSON club_country/league corrected from Iraq to Saudi Arabia,https://en.wikipedia.org/wiki/Ali_Jasim ; https://www.fotmob.com/players/1478238/ali-jasim
902,35,IRQ,Iraq,I,AFC,18,FW,Aymen Hussein,1996-03-22,30,94,33,False,Al-Karma,Iraq,Iraq Stars League,189,,,12,,675,4,,2,1,,,Iraq Stars League,,,,237,167,high,Squad top scorer; scored winner against Bolivia in qualifying play-off; Iraq's 5th all-time top scorer,https://en.wikipedia.org/wiki/Aymen_Hussein ; https://footystats.org/players/iraq/aymen-hussein
903,35,IRQ,Iraq,I,AFC,19,MF,Kevin Yakob,2000-10-10,25,8,0,False,AGF,Denmark,Danish Superliga,184,,,27,,,3,2,,,,,"Danish Superliga, Danish Cup",,,,95,16,high,Won 2025-26 Danish Superliga title with AGF (first in 40 years); Superliga Goal of the Year,https://en.wikipedia.org/wiki/Kevin_Yakob ; https://www.sofascore.com/football/team/agf/1291
904,35,IRQ,Iraq,I,AFC,20,MF,Aimar Sher,2002-12-20,23,6,0,False,Sarpsborg 08,Norway,Eliteserien,184,,,12,,1611,0,1,,,,,"Eliteserien, Norwegian Cup (2025 season; Eliteserien runs spring-autumn)",,,,96,1,medium,,https://en.wikipedia.org/wiki/Aimar_Sher ; https://www.espn.com/soccer/player/stats/_/id/287723/aimar-sher
905,35,IRQ,Iraq,I,AFC,21,FW,Marko Farji,2004-03-16,22,11,0,False,Venezia,Italy,Serie B,184,,,2,,23,0,0,,,,,"Serie B (joined Venezia Jan 2026; first half of 2025-26 was at Strømsgodset, 32 apps in Eliteserien)",,,,140,33,high,,https://en.wikipedia.org/wiki/Marko_Farji ; https://fbref.com/en/players/e046cff6/Marko-Farji
906,35,IRQ,Iraq,I,AFC,22,GK,Ahmed Basil,1996-08-19,29,15,0,False,Al-Shorta,Iraq,Iraq Stars League,,,,5,5,,0,0,,,0,13,"Iraq Stars League, AFC Champions League Two",,,,,,low,Backup goalkeeper at Al-Shorta,https://www.espn.com/soccer/player/matches/_/id/285998/ahmed-basil-al-fadhli ; https://en.wikipedia.org/wiki/Ahmed_Basil
907,35,IRQ,Iraq,I,AFC,23,DF,Merchas Doski,1999-12-07,26,31,1,False,Viktoria Plzeň,Czech Republic,Czech First League,173,,,,,1509,1,0,5,,,,"Czech First League, UEFA Europa League",,,,109,5,medium,,https://en.wikipedia.org/wiki/Merchas_Doski ; https://www.livescore.com/en/season-stats/merchas-doski/46576/
908,35,IRQ,Iraq,I,AFC,24,MF,Zaid Ismail,2002-01-03,24,6,0,False,Al-Talaba,Iraq,Iraq Stars League,,,,5,,,1,,,,,,Iraq Stars League,,,,,,low,,https://www.flashscore.com/player/ismaeel-zaid/zm8Vm9iH/
909,35,IRQ,Iraq,I,AFC,25,DF,Mustafa Saadoon,2001-05-25,25,16,0,False,Al-Shorta,Iraq,Iraq Stars League,182,right,270000,,,,,,,,,,"Iraq Stars League, AFC Champions League Elite",,,,,,low,Joined Al-Shorta Aug 2025,https://www.sofascore.com/player/mustafa-saadon/1500435 ; https://www.transfermarkt.us/mustafa-saadoon/profil/spieler/952341
910,35,IRQ,Iraq,I,AFC,26,DF,Frans Putros,1993-07-14,32,27,0,False,Persib Bandung,Indonesia,Liga 1,181,,,27,,,2,,,,,,"Liga 1 (Super League), AFC Champions League Two",,,,321,26,high,First active Liga Indonesia player to be called up to a World Cup; won 2025-26 Super League title,https://en.wikipedia.org/wiki/Frans_Putros ; https://www.transfermarkt.us/frans-dhia-putros/profil/spieler/166460
911,36,NOR,Norway,I,UEFA,1,GK,Ørjan Nyland,1990-09-10,35,70,0,False,Sevilla,Spain,La Liga,192,Right,500000,5,5,450,0,0,,,1,8,La Liga,,,,,0,medium,First-choice keeper at Sevilla,https://www.livescore.com/en/season-stats/orjan-nyland/18180/ ; https://footystats.org/players/norway/orjan-nyland
912,36,NOR,Norway,I,UEFA,2,DF,Julian Ryerson,1997-11-17,28,42,1,False,Borussia Dortmund,Germany,Bundesliga,183,Right,,31,26,2272,0,15,8,,,,Bundesliga,,,,,,high,"Regular starter at full-back; 15 Bundesliga assists, including four in one match v Mainz",https://www.sportbusy.com/players/soccer/222991/ ; https://www.bundesliga.com/en/player/julian-ryerson
913,36,NOR,Norway,I,UEFA,3,DF,Marcus Holmgren Pedersen,2000-07-16,25,32,0,False,Torino,Italy,Serie A,182,Right,,28,,2066,1,2,3,,,,Serie A,,,,,,high,,https://www.livescore.com/en/season-stats/marcus%20holmgren%20pedersen/9333/ ; https://www.fotmob.com/players/935622/marcus-holmgren-pedersen
914,36,NOR,Norway,I,UEFA,4,DF,Kristoffer Ajer,1998-04-17,28,51,2,False,Brentford,England,Premier League,198,Right,16000000,31,,,0,1,,,,,"Premier League, FA Cup, EFL Cup",,,,,,high,Regular centre-back; surpassed 100 Premier League appearances this season,https://www.livescore.com/en/season-stats/kristoffer-ajer/31697/ ; https://www.brentfordfc.com/en/teams/profile/kristoffer-ajer
915,36,NOR,Norway,I,UEFA,5,DF,Leo Østigård,1999-11-28,26,37,1,False,Genoa,Italy,Serie A,186,Right,,30,,2624,5,1,7,0,,,Serie A,,,,,,high,Genoa's third-top scorer with 5 Serie A goals as a centre-back,https://www.livescore.com/en/season-stats/leo-ostigard/16550/ ; https://tribuna.com/en/persons/leo-ostigard/stat/2025-2026/serie-a/
916,36,NOR,Norway,I,UEFA,6,DF,Fredrik André Bjørkan,1998-08-21,27,20,1,False,Bodø/Glimt,Norway,Eliteserien,184,Left,,39,,3376,3,4,,,,,"Eliteserien, UEFA Champions League",,,,,,high,"Left-back; combined Eliteserien (29 apps, 3g, 2a) and Champions League (10 apps, 2a)",https://footystats.org/players/norway/fredrik-bjorkan ; https://www.uefa.com/uefachampionsleague/clubs/players/250104207--fredrik-andre-bjorkan/
917,36,NOR,Norway,I,UEFA,7,MF,Antonio Nusa,2005-04-17,21,23,8,False,RB Leipzig,Germany,Bundesliga,184,Right,32000000,31,,2035,4,3,,,,,Bundesliga,,,,,,high,"Young winger, attacking threat; regular starter for Leipzig",https://www.livescore.com/en/season-stats/antonio-nusa/19349/ ; https://www.transfermarkt.us/antonio-nusa/profil/spieler/894914
918,36,NOR,Norway,I,UEFA,8,MF,Sander Berge,1998-02-14,28,65,1,False,Fulham,England,Premier League,195,Right,,39,,,,,,,,,"Premier League, FA Cup, EFL Cup",,,,,,medium,Regular central midfielder; 39 appearances across all competitions,https://en.wikipedia.org/wiki/Sander_Berge ; https://www.fotmob.com/players/439148/morten-thorsby
919,36,NOR,Norway,I,UEFA,9,FW,Erling Haaland,2000-07-21,25,49,55,False,Manchester City,England,Premier League,195,Left,200000000,52,,,38,,,,,,"Premier League, FA Cup, EFL Cup, UEFA Champions League",,,,402,317,high,"Norway's all-time top scorer; 38 goals in all competitions for Man City. International tally of 55 goals exceeds 49 caps - verified anomaly: he scored 16 in WC qualifying alone (multiple hat-tricks), confirmed by Wikipedia and FIFA",https://en.wikipedia.org/wiki/Erling_Haaland ; https://www.transfermarkt.us/erling-haaland/leistungsdaten/spieler/418560/saison/2025/plus/1
920,36,NOR,Norway,I,UEFA,10,MF,Martin Ødegaard,1998-12-17,27,67,4,True,Arsenal,England,Premier League,178,Left,,36,,,1,7,,,,,"Premier League, FA Cup, EFL Cup, UEFA Champions League",,,,381,64,high,"Captain; key playmaker. 6 PL assists, primarily a creator this season",https://en.wikipedia.org/wiki/Martin_%C3%98degaard ; https://www.premierleague.com/en/players/184029/martin-degaard/stats
921,36,NOR,Norway,I,UEFA,11,MF,Andreas Schjelderup,2004-06-01,22,11,1,False,Benfica,Portugal,Primeira Liga,174,Right,,26,,,7,5,2,0,,,"Primeira Liga, Taça de Portugal, Taça da Liga",,,,,,high,"7 goals, 5 assists in the Primeira Liga; strong attacking output",https://www.livescore.com/en/season-stats/andreas-schjelderup/1253/ ; https://www.transfermarkt.us/andreas-schjelderup/leistungsdaten/spieler/670103/saison/2025
922,36,NOR,Norway,I,UEFA,12,GK,Egil Selvik,1997-07-30,28,6,0,False,Watford,England,EFL Championship,189,Right,,17,,2835,0,0,,,,20,EFL Championship,,,,,0,medium,,https://fbref.com/en/players/05d89c1c/scout/12751/Egil-Selvik-Scouting-Report ; https://www.espn.com/soccer/player/stats/_/id/286433/egil-selvik
923,36,NOR,Norway,I,UEFA,13,MF,Kristian Thorstvedt,1999-03-13,27,36,4,False,Sassuolo,Italy,Serie A,189,Right,,30,,2278,4,4,6,0,,,"Serie A, Coppa Italia",,,,,,high,,https://www.livescore.com/en/season-stats/kristian-thorstvedt/19426/ ; https://www.fotmob.com/players/921921/kristian-thorstvedt
924,36,NOR,Norway,I,UEFA,14,MF,Fredrik Aursnes,1995-12-10,30,21,1,False,Benfica,Portugal,Primeira Liga,180,Right,,45,,,3,6,1,0,,,"Primeira Liga, Taça de Portugal, Taça da Liga, UEFA Champions League",,,,,,high,Regular starter at Benfica; 3 goals and 6 assists in 45 official matches,https://www.slbenfica.pt/en-us/futebol/plantel-principal/aursnes ; https://www.livescore.com/en/season-stats/fredrik-aursnes/20261/
925,36,NOR,Norway,I,UEFA,15,DF,Torbjørn Heggem,1999-01-12,27,14,0,False,Bologna,Italy,Serie A,188,Right,,22,,1893,0,0,1,1,,,Serie A,,,,,,high,,https://footystats.org/players/norway/torbjorn-heggem ; https://fbref.com/en/players/834fea76/Torbjorn-Heggem
926,36,NOR,Norway,I,UEFA,16,MF,Patrick Berg,1997-11-24,28,42,0,False,Bodø/Glimt,Norway,Eliteserien,180,Right,,41,,,1,3,,,,,"Eliteserien, UEFA Champions League",,,,,,high,"Bodø/Glimt captain; combined Eliteserien (29 apps, 1g, 3a) and Champions League run to knockout stage",https://www.sofascore.com/football/player/patrick-berg/355174 ; https://www.uefa.com/uefachampionsleague/clubs/players/250065292--patrick-berg/statistics/
927,36,NOR,Norway,I,UEFA,17,MF,Oscar Bobb,2003-07-12,22,19,2,False,Fulham,England,Premier League,175,Left,,12,,,0,1,,,,,Premier League (12 apps for Fulham; also 9 PL apps for Man City before Jan 2026 transfer),,,,,,medium,Joined Fulham from Manchester City January 2026 for £27m,https://www.livescore.com/en/season-stats/oscar-bobb/3259/ ; https://www.transfermarkt.us/oscar-bobb/leistungsdaten/spieler/661207
928,36,NOR,Norway,I,UEFA,18,DF,David Møller Wolfe,2002-04-23,24,21,1,False,Wolverhampton Wanderers,England,Premier League,180,Left,,22,11,1047,0,2,1,,,,Premier League,,,,,,high,Left-back; tied for most Wolves Premier League assists,https://www.premierleague.com/en/players/497949/david-m-ller-wolfe/stats ; https://www.transfermarkt.us/david-moller-wolfe/leistungsdaten/spieler/661427
929,36,NOR,Norway,I,UEFA,19,DF,Sondre Langås,2001-02-02,25,3,0,False,Derby County,England,EFL Championship,190,Right,,25,,,3,,,,,,EFL Championship,,,,,,medium,Scored 3 goals in first full season in England,https://en.wikipedia.org/wiki/Sondre_Lang%C3%A5s ; https://www.livescore.com/en/season-stats/sondre-langas/41155/
930,36,NOR,Norway,I,UEFA,20,MF,Morten Thorsby,1996-05-05,30,31,0,False,Cremonese,Italy,Serie A,187,Right,,24,,1374,3,1,4,,,,"Serie A (combined: 13 apps for Genoa, 11 for Cremonese after Feb 2026 transfer)",,,,,,medium,Joined Cremonese from Genoa Feb 2026; 24 Serie A apps total across both clubs,https://www.fotmob.com/players/439148/morten-thorsby ; https://fbref.com/en/players/d1b49282/Morten-Thorsby
931,36,NOR,Norway,I,UEFA,21,MF,Thelo Aasgaard,2002-05-02,24,7,5,False,Rangers,Scotland,Scottish Premiership,185,Left,,42,,,7,5,4,0,,,"Scottish Premiership, Scottish Cup, Scottish League Cup, European competition",,,,,,high,"Joined Rangers July 2025; 7 league goals, 4 of his 5 Norway goals came in an 11-1 win over Moldova",https://www.livescore.com/en/season-stats/thelo-aasgaard/34239/ ; https://www.transfermarkt.us/thelo-aasgaard/leistungsdaten/spieler/647384
932,36,NOR,Norway,I,UEFA,22,DF,Henrik Falchener,2003-05-08,23,1,0,False,Viking,Norway,Eliteserien,194,Right,,39,,,6,,,,,,"Eliteserien, Norwegian Cup, UEFA Conference League",,,,,,high,Most goals of any centre-back in the 2025 Eliteserien (6); 39 apps across competitions,https://en.wikipedia.org/wiki/Henrik_Falchener ; https://fbref.com/en/players/57fe6b9b/Henrik-Falchener
933,36,NOR,Norway,I,UEFA,23,GK,Sander Tangvik,2002-11-29,23,0,0,False,Hamburger SV,Germany,Bundesliga,193,Right,,1,1,90,0,0,,,0,1,Bundesliga,,,,,0,medium,"Third-choice keeper, uncapped; made Bundesliga debut and saved a penalty on the final matchday",https://en.wikipedia.org/wiki/Sander_Tangvik ; https://www.bundesliga.com/en/player/sander-tangvik
934,36,NOR,Norway,I,UEFA,24,MF,Jens Petter Hauge,1999-10-12,26,15,1,False,Bodø/Glimt,Norway,Eliteserien,183,Right,,39,,,13,6,,,,,"Eliteserien, UEFA Champions League",,,,,,high,"Combined Eliteserien (27 apps, 7g, 4a) and Champions League (12 apps, 6g, 2a); scored v Tottenham and Inter",https://www.uefa.com/uefachampionsleague/clubs/players/250193522--jens-petter-hauge/statistics/ ; https://www.sofascore.com/football/player/jens-petter-hauge/838805
935,36,NOR,Norway,I,UEFA,25,FW,Alexander Sørloth,1995-12-05,30,71,26,False,Atlético Madrid,Spain,La Liga,195,Right,18000000,54,,,20,1,4,1,,,"La Liga, Copa del Rey, UEFA Champions League",,,,,,high,"Experienced forward at Atlético Madrid; 20 goals all competitions (13 La Liga, 6 Champions League)",https://www.sportbusy.com/players/soccer/188230/ ; https://www.transfermarkt.us/alexander-sorloth/profil/spieler/238407
936,36,NOR,Norway,I,UEFA,26,FW,Jørgen Strand Larsen,2000-02-06,26,27,6,False,Crystal Palace,England,Premier League,193,Right,,36,,,5,1,,,,,"Premier League (combined: 22 apps for Wolves, 14 for Crystal Palace after Feb 2026 transfer)",,,,,,medium,Joined Crystal Palace from Wolves Feb 2026 for club-record fee up to £48m; won the Conference League with Palace,https://en.wikipedia.org/wiki/J%C3%B8rgen_Strand_Larsen ; https://www.premierleague.com/en/players/247412/j-rgen-strand-larsen/overview
937,37,ARG,Argentina,J,CONMEBOL,1,GK,Juan Musso,1994-05-06,32,3,0,False,Atlético Madrid,Spain,La Liga,193,Right,5000000,12,12,,0,0,2,0,4,18,"La Liga, UEFA Champions League",,,,,0,medium,Third-choice goalkeeper,https://www.livescore.com/en/season-stats/juan-musso/15666/ ; https://www.uefa.com/uefachampionsleague/clubs/players/250137521--juan-musso/statistics/
938,37,ARG,Argentina,J,CONMEBOL,2,DF,Leonardo Balerdi,1999-01-26,27,7,0,False,Marseille,France,Ligue 1,188,Right,35000000,26,,1998,1,1,5,0,,,Ligue 1,,,,,,medium,Marseille captain; suffered calf injury and withdrew from squad on 6 June 2026,https://tribuna.com/en/persons/leonardo-balerdi/stat/2025-2026/ligue-1/ ; https://www.transfermarkt.us/leonardo-balerdi/leistungsdaten/spieler/575998/saison/2025
939,37,ARG,Argentina,J,CONMEBOL,3,DF,Nicolás Tagliafico,1992-08-31,33,75,1,False,Lyon,France,Ligue 1,170,Left,6000000,27,,,0,3,3,2,,,"Ligue 1, UEFA Europa League, Coupe de France",,,,,,medium,Regular starting left-back,https://www.livescore.com/en/season-stats/nicolas-tagliafico/20081/ ; https://www.transfermarkt.us/nicolas-tagliafico/leistungsdaten/spieler/131225
940,37,ARG,Argentina,J,CONMEBOL,4,DF,Gonzalo Montiel,1997-01-01,29,38,2,False,River Plate,Argentina,Primera División,175,Right,8000000,14,,,4,1,,,,,"Liga Profesional, Copa Argentina",,,,,,low,Returned to River Plate in 2025,https://www.transfermarkt.us/gonzalo-montiel/leistungsdaten/spieler/402733 ; https://www.livescore.com/en/season-stats/gonzalo-montiel/18881/
941,37,ARG,Argentina,J,CONMEBOL,5,MF,Leandro Paredes,1994-06-29,31,77,5,False,Boca Juniors,Argentina,Primera División,182,Right,6000000,18,,1334,3,3,7,,,,Liga Profesional,,,,,,medium,Midfield anchor; rejoined Boca Juniors in 2025,https://www.flashscore.com/player/paredes-leandro/lbNnSBiA/ ; https://www.livescore.com/en/season-stats/leandro-paredes/2135/
942,37,ARG,Argentina,J,CONMEBOL,6,DF,Lisandro Martínez,1998-01-18,28,26,1,False,Manchester United,England,Premier League,175,Left,35000000,17,,1140,1,0,,1,,,Premier League,,,,,,medium,Left-footed ball-playing centre-back; ACL injury Feb 2026 ended his season,https://footystats.org/players/argentina/lisandro-martinez ; https://www.transfermarkt.us/lisandro-martinez/leistungsdaten/spieler/480762
943,37,ARG,Argentina,J,CONMEBOL,7,MF,Rodrigo De Paul,1994-05-24,32,85,2,False,Inter Miami CF,United States,Major League Soccer,180,Right,18000000,17,,,1,4,,,,,"Major League Soccer, Leagues Cup (2025 season after July arrival)",,,,,,medium,Box-to-box midfielder; reunited with Messi at Inter Miami; scored MLS Cup 2025 title-clinching goal,https://en.wikipedia.org/wiki/Rodrigo_De_Paul ; https://www.intermiamicf.com/players/rodrigo-de-paul-x0081/stats/
944,37,ARG,Argentina,J,CONMEBOL,8,MF,Valentín Barco,2004-07-23,21,2,1,False,Strasbourg,France,Ligue 1,170,Left,25000000,38,,,2,9,5,1,,,"Ligue 1, UEFA Conference League, Coupe de France",,,,,,medium,Young left-sided player at Strasbourg; led squad with 9 assists across all competitions,https://www.sofascore.com/news/valentin-barcos-2025-26-season-at-strasbourg-numbers-that-travel-well ; https://www.transfermarkt.us/valentin-barco/leistungsdaten/spieler/849410
945,37,ARG,Argentina,J,CONMEBOL,9,FW,Julián Álvarez,2000-01-31,26,51,14,False,Atlético Madrid,Spain,La Liga,173,Right,100000000,49,,,20,9,2,0,,,"La Liga, UEFA Champions League, Copa del Rey",,,,,,high,Key Atlético Madrid forward,https://tribuna.com/en/persons/julian-alvarez/stat/2025-2026/ ; https://www.transfermarkt.co.uk/julian-alvarez/marktwertverlauf/spieler/576024
946,37,ARG,Argentina,J,CONMEBOL,10,FW,Lionel Messi,1987-06-24,38,198,116,True,Inter Miami CF,United States,Major League Soccer,170,Left,20000000,48,,,43,,,,,,"Major League Soccer, Leagues Cup, Concacaf Champions Cup, FIFA Club World Cup (2025 calendar year)",,,,,,medium,Captain and all-time leader; sixth World Cup; 2025 MLS MVP and Golden Boot (29 league goals),https://www.espn.com/soccer/story/_/id/43935337/lionel-messi-2025-tracker-inter-miami-games-goals-assists-stats ; https://en.wikipedia.org/wiki/Lionel_Messi
947,37,ARG,Argentina,J,CONMEBOL,11,MF,Giovani Lo Celso,1996-04-09,30,65,4,False,Real Betis,Spain,La Liga,177,Left,18000000,32,20,,3,3,4,,,,"La Liga, UEFA Conference League, Copa del Rey",,,,,,medium,Creative midfielder at Real Betis,https://www.transfermarkt.us/giovani-lo-celso/leistungsdaten/spieler/348795 ; https://www.livescore.com/en/season-stats/giovani-lo-celso/18515/
948,37,ARG,Argentina,J,CONMEBOL,12,GK,Gerónimo Rulli,1992-05-20,34,7,0,False,Marseille,France,Ligue 1,189,Right,8000000,36,36,,0,0,3,0,8,50,"Ligue 1, UEFA Champions League, Coupe de France",,,,,0,medium,Backup goalkeeper; Marseille starter,https://www.livescore.com/en/season-stats/geronimo-rulli/18508/ ; https://footystats.org/players/argentina/geronimo-rulli
949,37,ARG,Argentina,J,CONMEBOL,13,DF,Cristian Romero,1998-04-27,28,49,3,False,Tottenham Hotspur,England,Premier League,185,Right,45000000,32,,,6,3,12,2,,,"Premier League, UEFA Champions League",,,,,,medium,Tottenham captain; first-choice centre-back,https://www.premierleague.com/en/players/221632/cristian-romero/stats ; https://www.transfermarkt.us/cristian-romero/profil/spieler/355915
950,37,ARG,Argentina,J,CONMEBOL,14,MF,Exequiel Palacios,1998-10-05,27,38,0,False,Bayer Leverkusen,Germany,Bundesliga,177,Right,22000000,18,,,0,1,,,,,"Bundesliga, UEFA Champions League",,,,,,medium,Central midfielder at Leverkusen,https://www.bundesliga.com/en/bundesliga/player/exequiel-palacios ; https://fbref.com/en/players/e82adcab/Exequiel-Palacios
951,37,ARG,Argentina,J,CONMEBOL,15,FW,Nicolás González,1998-04-06,28,50,6,False,Atlético Madrid,Spain,La Liga,180,Right,22000000,24,,1455,5,0,5,1,,,La Liga,,,,,,low,On loan at Atlético Madrid from Juventus,https://footystats.org/players/argentina/nicolas-gonzalez ; https://en.atleticodemadrid.com/jugadores/nicolas-ivan-gonzalez-2025-2026-2
952,37,ARG,Argentina,J,CONMEBOL,16,FW,Thiago Almada,2001-04-26,25,14,4,False,Atlético Madrid,Spain,La Liga,171,Right,40000000,27,,1313,3,1,2,1,,,La Liga,,,,,,low,Attacking midfielder; joined Atlético in 2025,https://tribuna.com/en/persons/thiago-almada/stat/2025-2026/ ; https://www.transfermarkt.us/thiago-almada/leistungsdaten/spieler/576028/saison/2025
953,37,ARG,Argentina,J,CONMEBOL,17,FW,Giuliano Simeone,2002-12-18,23,11,1,False,Atlético Madrid,Spain,La Liga,173,Right,35000000,31,,2109,4,6,3,0,,,La Liga,,,,,,medium,Energetic wide forward at Atlético Madrid,https://tribuna.com/en/persons/giuliano-simeone/stat/2025-2026/copa-del-rey/ ; https://www.livescore.com/en/season-stats/giuliano-simeone/18932/
954,37,ARG,Argentina,J,CONMEBOL,18,FW,Nico Paz,2004-09-08,21,8,1,False,Como 1907,Italy,Serie A,185,Right,65000000,35,,2887,12,6,5,0,,,Serie A,,,,,,high,Como playmaker wearing number 10; named best midfielder of Serie A 2025-26,https://tribuna.com/en/persons/nicolas-paz-martinez/stat/2025-2026/serie-a/ ; https://www.transfermarkt.us/nico-paz/profil/spieler/948294
955,37,ARG,Argentina,J,CONMEBOL,19,DF,Nicolás Otamendi,1988-02-12,38,130,8,False,Benfica,Portugal,Primeira Liga,183,Right,3000000,40,,3714,7,1,7,1,,,"Primeira Liga, UEFA Champions League, Taça de Portugal, Taça da Liga",,,,,,medium,Veteran centre-back; Benfica captain,https://footystats.org/players/argentina/nicolas-otamendi ; https://www.livescore.com/en/season-stats/nicolas-otamendi/21366/
956,37,ARG,Argentina,J,CONMEBOL,20,MF,Alexis Mac Allister,1998-12-24,27,44,6,False,Liverpool,England,Premier League,176,Right,70000000,49,,,5,5,7,0,,,"Premier League, UEFA Champions League",,,,,,medium,Liverpool midfield regular,https://www.premierleague.com/en/players/243016/alexis-mac-allister/stats ; https://www.uefa.com/uefachampionsleague/clubs/players/250172672--alexis-mac-allister/statistics/
957,37,ARG,Argentina,J,CONMEBOL,21,FW,José Manuel López,2000-12-06,25,3,0,False,Palmeiras,Brazil,Série A,190,Right,30000000,,,,7,4,2,,,,"Brasileirão Série A, Campeonato Paulista, Copa do Brasil",,,,,,low,Palmeiras striker; 2025 South American Team of the Year; 2025 Copa Libertadores top scorer (7 goals across 12 apps),https://www.transfermarkt.us/jose-manuel-lopez/leistungsdaten/spieler/844797 ; https://fbref.com/en/players/e1426a52/Jose-Manuel-Lopez
958,37,ARG,Argentina,J,CONMEBOL,22,FW,Lautaro Martínez,1997-08-22,28,75,36,False,Inter Milan,Italy,Serie A,174,Right,72000000,37,,,20,5,,,,,"Serie A, UEFA Champions League, Coppa Italia",,,,,,high,Inter Milan captain and main centre-forward; 2025-26 Serie A top scorer (17 goals),https://tribuna.com/en/persons/lautaro-martinez/stat/2025-2026/ ; https://en.wikipedia.org/wiki/Lautaro_Mart%C3%ADnez
959,37,ARG,Argentina,J,CONMEBOL,23,GK,Emiliano Martínez,1992-09-02,33,59,0,False,Aston Villa,England,Premier League,195,Right,22000000,32,32,2836,0,1,2,0,8,37,Premier League,,,,,0,medium,First-choice goalkeeper,https://www.premierleague.com/en/players/98980/emiliano-martinez/stats ; https://footystats.org/players/argentina/emiliano-martinez
960,37,ARG,Argentina,J,CONMEBOL,24,MF,Enzo Fernández,2001-01-17,25,40,6,False,Chelsea,England,Premier League,178,Right,90000000,39,,,11,4,10,,,,"Premier League, UEFA Champions League",,,,,,medium,Central midfielder; key Chelsea starter,https://tribuna.com/en/persons/enzo-fernandez/stat/2025-2026/epl/ ; https://www.transfermarkt.us/enzo-fernandez/marktwertverlauf/spieler/648195
961,37,ARG,Argentina,J,CONMEBOL,25,DF,Facundo Medina,1999-05-28,27,7,0,False,Marseille,France,Ligue 1,184,Left,25000000,17,,1367,0,1,7,0,,,Ligue 1,,,,,,medium,Versatile defender at Marseille,https://www.livescore.com/en/season-stats/facundo-medina/2271/ ; https://www.transfermarkt.us/facundo-medina/profil/spieler/474800
962,37,ARG,Argentina,J,CONMEBOL,26,DF,Nahuel Molina,1998-04-06,28,58,1,False,Atlético Madrid,Spain,La Liga,175,Right,25000000,26,13,1320,2,2,4,0,,,La Liga,,,,,,low,Starting right-back at Atlético Madrid,https://www.livescore.com/en/season-stats/nahuel-molina/15949/ ; https://www.transfermarkt.us/nahuel-molina/leistungsdaten/spieler/424042
963,38,ALG,Algeria,J,CAF,1,GK,Melvin Mastil,2000-02-19,26,1,0,False,Stade Nyonnais,Switzerland,Swiss Challenge League,194,Right,250000,29,29,2880,0,0,0,0,6,50,"Swiss Challenge League, Swiss Cup",,,,,0,medium,,https://www.fotmob.com/players/1285492/melvin-mastil ; https://www.transfermarkt.us/melvin-mastil/leistungsdatendetails/spieler/534398/saison/2025/wettbewerb/C2/verein/5507
964,38,ALG,Algeria,J,CAF,2,DF,Aissa Mandi,1991-10-22,34,117,7,False,Lille OSC,France,Ligue 1,184,,1000000,40,,,1,,,,,,"Ligue 1, UEFA Europa League",,,,420,24,high,Algeria's most-capped player,https://en.wikipedia.org/wiki/A%C3%AFssa_Mandi
965,38,ALG,Algeria,J,CAF,3,DF,Achref Abada,1999-06-15,26,7,1,False,USM Alger,Algeria,Algerian Ligue 1,185,,1000000,13,,,,,,,,,Algerian Ligue 1,,,,,,low,,https://en.wikipedia.org/wiki/Achref_Abada ; https://www.transfermarkt.us/achref-abada/leistungsdatendetails/spieler/949929/saison/2025/wettbewerb/ALG1/verein/13364
966,38,ALG,Algeria,J,CAF,4,DF,Mohamed Amine Tougai,2000-01-22,26,29,2,False,Esperance de Tunis,Tunisia,Tunisian Ligue Professionnelle 1,186,,1300000,21,,,4,,,,,,"Tunisian Ligue Professionnelle 1, CAF Champions League",,,,202,15,high,,https://en.wikipedia.org/wiki/Mohamed_Amine_Tougai
967,38,ALG,Algeria,J,CAF,5,DF,Zineddine Belaid,1999-03-20,27,10,1,False,JS Kabylie,Algeria,Algerian Ligue 1,186,,1800000,21,,,1,0,2,,,,Algerian Ligue 1,,,,,,low,,https://www.transfermarkt.us/zineddine-belaid/leistungsdatendetails/spieler/625142/wettbewerb/ALG1/saison/2025 ; https://www.sofascore.com/football/player/zineddine-belaid/1018822
968,38,ALG,Algeria,J,CAF,6,MF,Ramiz Zerrouki,1998-05-26,28,52,3,False,FC Twente,Netherlands,Eredivisie,183,,6500000,35,,,3,,,,,,"Eredivisie, KNVB Beker",,,,176,7,high,,https://en.wikipedia.org/wiki/Ramiz_Zerrouki
969,38,ALG,Algeria,J,CAF,7,FW,Riyad Mahrez,1991-02-21,35,114,38,True,Al-Ahli,Saudi Arabia,Saudi Pro League,179,Left,5000000,44,,,8,8,1,0,,,"Saudi Pro League, King's Cup, AFC Champions League Elite, Saudi Super Cup",,,,540,139,high,"Captain and talisman, right winger",https://en.wikipedia.org/wiki/Riyad_Mahrez ; https://www.livescore.com/en/season-stats/riyad-mahrez/3246/
970,38,ALG,Algeria,J,CAF,8,MF,Houssem Aouar,1998-06-30,27,20,6,False,Al-Ittihad,Saudi Arabia,Saudi Pro League,175,,8000000,35,,,15,,,,,,"Saudi Pro League, King's Cup, AFC Champions League Elite, Saudi Super Cup",,,,270,58,high,,https://en.wikipedia.org/wiki/Houssem_Aouar
971,38,ALG,Algeria,J,CAF,9,FW,Amine Gouiri,2000-02-16,26,22,8,False,Olympique Marseille,France,Ligue 1,180,,28000000,28,,,11,,,,,,"Ligue 1, Coupe de France, UEFA Champions League",,,,,65,high,,https://en.wikipedia.org/wiki/Amine_Gouiri
972,38,ALG,Algeria,J,CAF,10,MF,Fares Chaibi,2002-11-28,23,29,3,False,Eintracht Frankfurt,Germany,Bundesliga,183,,15000000,38,,,3,,,,,,"Bundesliga, DFB-Pokal, UEFA Champions League",,,,140,12,high,,https://en.wikipedia.org/wiki/Far%C3%A8s_Cha%C3%AFbi
973,38,ALG,Algeria,J,CAF,11,FW,Anis Hadj Moussa,2002-02-11,24,14,1,False,Feyenoord,Netherlands,Eredivisie,176,,23000000,40,,,14,,,,,,"Eredivisie, UEFA Champions League/European",,,,145,30,high,,https://en.wikipedia.org/wiki/Anis_Hadj_Moussa
974,38,ALG,Algeria,J,CAF,12,FW,Nadhir Benbouali,2000-04-17,26,3,1,False,Gyori ETO,Hungary,Nemzeti Bajnoksag I,190,,1200000,32,,2549,15,5,4,,,,"Nemzeti Bajnoksag I, UEFA Conference League",,,,150,54,high,Won 2025-26 Hungarian NB I title with Gyori ETO,https://en.wikipedia.org/wiki/Nadhir_Benbouali ; https://www.sofascore.com/football/player/ahmed-nadhir-benbouali/1177807
975,38,ALG,Algeria,J,CAF,13,DF,Jaouen Hadjam,2003-03-26,23,17,3,False,Young Boys,Switzerland,Swiss Super League,185,,7000000,30,,,2,,,,,,"Swiss Super League, Swiss Cup, UEFA Europa League",,,,166,6,high,,https://en.wikipedia.org/wiki/Jaouen_Hadjam
976,38,ALG,Algeria,J,CAF,14,MF,Hicham Boudaoui,1999-09-23,26,32,0,False,OGC Nice,France,Ligue 1,175,,12000000,32,,,1,,,,,,"Ligue 1, Coupe de France, UEFA Champions League, UEFA Europa League",,,,212,14,high,,https://en.wikipedia.org/wiki/Hicham_Boudaoui
977,38,ALG,Algeria,J,CAF,15,DF,Rayan Ait-Nouri,2001-06-06,25,28,0,False,Manchester City,England,Premier League,180,Left,40000000,28,,,0,,,,,,"Premier League, FA Cup, EFL Cup, UEFA Champions League",,,,221,12,high,,https://en.wikipedia.org/wiki/Rayan_A%C3%AFt-Nouri
978,38,ALG,Algeria,J,CAF,16,GK,Oussama Benbot,1994-10-11,31,2,0,False,USM Alger,Algeria,Algerian Ligue 1,188,,850000,11,11,,0,0,,,4,,"Algerian Ligue 1, CAF Confederation Cup",,,,,0,low,,https://www.espn.co.uk/football/player/_/id/299346/oussama-benbot ; https://footystats.org/players/algeria/oussama-benbot
979,38,ALG,Algeria,J,CAF,17,DF,Rafik Belghali,2002-06-07,24,12,1,False,Hellas Verona,Italy,Serie A,180,,7000000,19,,,2,,,,,,Serie A,,,,117,12,high,,https://en.wikipedia.org/wiki/Rafik_Belghali
980,38,ALG,Algeria,J,CAF,18,FW,Mohamed Amoura,2000-05-09,26,45,19,False,VfL Wolfsburg,Germany,Bundesliga,170,,20000000,33,,1927,8,3,2,0,,,"Bundesliga, DFB-Pokal, Bundesliga relegation play-offs",,,,186,65,high,Top scorer in qualifying with 10 goals,https://en.wikipedia.org/wiki/Mohamed_Amoura ; https://www.transfermarkt.us/mohamed-amoura/leistungsdaten/spieler/746910
981,38,ALG,Algeria,J,CAF,19,MF,Nabil Bentaleb,1994-11-24,31,59,6,False,Lille OSC,France,Ligue 1,189,,4500000,37,,,2,,,,,,"Ligue 1, Coupe de France, UEFA Europa League",,,,320,28,high,,https://en.wikipedia.org/wiki/Nabil_Bentaleb
982,38,ALG,Algeria,J,CAF,20,FW,Adil Boulbina,2003-05-02,23,11,6,False,Al-Duhail,Qatar,Qatar Stars League,183,,3100000,31,12,,11,5,4,0,,,"Qatar Stars League, AFC Champions League Elite, Amir of Qatar Cup",,,,,,medium,,https://en.wikipedia.org/wiki/Adil_Boulbina ; https://www.panafricafootball.com/post/afc-champions-league-boulbina/ ; https://www.fotmob.com/players/1298669/adil-boulbina
983,38,ALG,Algeria,J,CAF,21,DF,Ramy Bensebaini,1995-04-16,31,81,7,False,Borussia Dortmund,Germany,Bundesliga,187,Left,7000000,32,,,7,,,,,,"Bundesliga, DFB-Pokal, UEFA Champions League",,,,,,high,,https://en.wikipedia.org/wiki/Ramy_Bensebaini
984,38,ALG,Algeria,J,CAF,22,MF,Ibrahim Maza,2005-11-24,20,16,2,False,Bayer Leverkusen,Germany,Bundesliga,180,,45000000,43,,,5,,,,,,"Bundesliga, DFB-Pokal, UEFA Champions League",,,,103,16,high,,https://en.wikipedia.org/wiki/Ibrahim_Maza
985,38,ALG,Algeria,J,CAF,23,GK,Luca Zidane,1998-05-13,28,7,0,False,Granada CF,Spain,Segunda Division,183,,1000000,27,,,0,0,,,,,"Segunda Division, Copa del Rey",,,,207,0,high,Recovered from jaw fracture before tournament,https://en.wikipedia.org/wiki/Luca_Zidane
986,38,ALG,Algeria,J,CAF,24,MF,Yacine Titraoui,2003-08-26,22,5,0,False,Charleroi,Belgium,Belgian Pro League,180,,7000000,35,33,2904,5,1,7,0,,,"Belgian Pro League, UEFA Conference League",,,,151,20,high,,https://www.fotmob.com/players/1288907/yacine-titraoui ; https://en.wikipedia.org/wiki/Yacine_Titraoui
987,38,ALG,Algeria,J,CAF,25,FW,Fares Ghedjemis,2002-09-06,23,1,1,False,Frosinone,Italy,Serie B,183,,7500000,37,36,3023,15,3,4,0,,,"Serie B, Coppa Italia",,,,,,high,Frosinone top scorer in Serie B 2025-26,https://www.fotmob.com/players/1523327/fares-ghedjemis
988,38,ALG,Algeria,J,CAF,26,DF,Samir Chergui,1999-02-06,27,4,0,False,Paris FC,France,Ligue 1,185,Right,3000000,15,13,1155,1,0,1,0,,,"Ligue 1, Coupe de France",,,,,,medium,,https://www.fotmob.com/players/1039219/samir-chergui ; https://www.premierleague.com/en/players/482380/samir-chergui/stats
989,39,AUT,Austria,J,UEFA,1,GK,Alexander Schlager,1996-02-01,30,26,0,False,Red Bull Salzburg,Austria,Austrian Bundesliga,189,Right,,21,21,,0,0,,,5,23,Austrian Bundesliga,,,,,0,medium,Austria's first-choice goalkeeper,https://en.wikipedia.org/wiki/Alexander_Schlager ; https://footystats.org/players/austria/alexander-schlager
990,39,AUT,Austria,J,UEFA,2,DF,David Affengruber,2001-03-19,25,1,0,False,Elche,Spain,La Liga,191,Right,,34,31,2772,1,1,6,1,,,La Liga,,,,,,high,,https://en.wikipedia.org/wiki/David_Affengruber ; https://footystats.org/players/austria/david-affengruber ; https://www.livescore.com/en/season-stats/david-affengruber/6573/
991,39,AUT,Austria,J,UEFA,3,DF,Kevin Danso,1998-09-19,27,32,0,False,Tottenham Hotspur,England,Premier League,190,Right,,,,,,,,,,,"Premier League, UEFA Champions League",,,,,,low,,https://en.wikipedia.org/wiki/Kevin_Danso
992,39,AUT,Austria,J,UEFA,4,MF,Xaver Schlager,1997-09-28,28,51,4,False,RB Leipzig,Germany,Bundesliga,176,Right,,26,,,3,,,,,,Bundesliga,,,,,,medium,,https://en.wikipedia.org/wiki/Xaver_Schlager
993,39,AUT,Austria,J,UEFA,5,DF,Stefan Posch,1997-05-14,29,52,5,False,Mainz 05,Germany,Bundesliga,188,Right,,19,,,1,,,,,,"Bundesliga, UEFA Conference League",,,,,,medium,,https://en.wikipedia.org/wiki/Stefan_Posch
994,39,AUT,Austria,J,UEFA,6,MF,Nicolas Seiwald,2001-05-04,25,47,1,False,RB Leipzig,Germany,Bundesliga,178,Right,,,,,0,,,,,,Bundesliga,,,,,,low,,https://en.wikipedia.org/wiki/Nicolas_Seiwald
995,39,AUT,Austria,J,UEFA,7,FW,Marko Arnautović,1989-04-19,37,133,47,False,Red Star Belgrade,Serbia,Serbian SuperLiga,192,Right,,32,,,10,,,,,,"Serbian SuperLiga, UEFA Champions League/Europa League",,,,,,medium,Austria's all-time record scorer and cap holder; vice-captain,https://en.wikipedia.org/wiki/Marko_Arnautovi%C4%87
996,39,AUT,Austria,J,UEFA,8,DF,David Alaba,1992-06-24,33,113,15,True,Real Madrid,Spain,La Liga,180,Left,,16,,,0,,1,,,,"La Liga, Copa del Rey, UEFA Champions League, Supercopa de España",,,,614,41,high,Captain; returned from long-term knee injury; announced May 2026 he would leave Real Madrid at season's end,https://en.wikipedia.org/wiki/David_Alaba ; https://www.livescore.com/en/season-stats/david-alaba/18759/
997,39,AUT,Austria,J,UEFA,9,MF,Marcel Sabitzer,1994-03-17,32,98,26,False,Borussia Dortmund,Germany,Bundesliga,177,Right,,24,,,1,,,,,,"Bundesliga, DFB-Pokal, UEFA Champions League",,,,428,88,high,Austria's second-highest scorer; midfield driver,https://en.wikipedia.org/wiki/Marcel_Sabitzer
998,39,AUT,Austria,J,UEFA,10,MF,Florian Grillitsch,1995-08-07,30,58,1,False,Braga,Portugal,Primeira Liga,188,Right,,37,,,3,,,,,,"Primeira Liga, Taça de Portugal, UEFA Europa League",,,,,,medium,Signed two-season contract with Braga on 29 August 2025,https://en.wikipedia.org/wiki/Florian_Grillitsch
999,39,AUT,Austria,J,UEFA,11,FW,Michael Gregoritsch,1994-04-18,32,75,24,False,FC Augsburg,Germany,Bundesliga,193,Right,,17,,,6,,,,,,Bundesliga,,,,,,medium,On loan at Augsburg from Brøndby,https://en.wikipedia.org/wiki/Michael_Gregoritsch
1000,39,AUT,Austria,J,UEFA,12,GK,Florian Wiegele,2001-03-21,25,1,0,False,Viktoria Plzeň,Czech Republic,Czech First League,,,,,,,0,0,,,3,,"UEFA Europa League (6 apps), UEFA Champions League qualifying (2 apps)",,,,,0,low,Backup goalkeeper; competing for No.1 spot at Viktoria Plzeň,https://en.wikipedia.org/wiki/Florian_Wiegele ; https://www.uefa.com/uefaeuropaleague/clubs/players/250198278--florian-wiegele/
1001,39,AUT,Austria,J,UEFA,13,GK,Patrick Pentz,1997-01-02,29,18,0,False,Brøndby,Denmark,Danish Superliga,189,Right,,31,31,2775,0,0,1,1,11,30,Danish Superliga,,,,,0,high,2024 Danish Goalkeeper of the Year,https://en.wikipedia.org/wiki/Patrick_Pentz ; https://footystats.org/players/austria/patrick-pentz
1002,39,AUT,Austria,J,UEFA,14,FW,Saša Kalajdžić,1997-07-07,28,22,4,False,LASK,Austria,Austrian Bundesliga,200,Right,,,,1103,6,2,1,,,,Austrian Bundesliga,,,,,,medium,On loan at LASK from Wolverhampton Wanderers since 5 September 2025,https://www.fotmob.com/players/858198/sasa-kalajdzic ; https://www.transfermarkt.us/sasa-kalajdzic/leistungsdaten/spieler/369567
1003,39,AUT,Austria,J,UEFA,15,DF,Philipp Lienhart,1996-07-11,29,41,3,False,SC Freiburg,Germany,Bundesliga,188,Right,,,,,,,,,,,"Bundesliga, DFB-Pokal, UEFA Europa League",,,,,,low,SC Freiburg reached the 2025-26 UEFA Europa League final (runners-up),https://en.wikipedia.org/wiki/Philipp_Lienhart
1004,39,AUT,Austria,J,UEFA,16,DF,Phillipp Mwene,1994-01-29,32,30,0,False,Mainz 05,Germany,Bundesliga,180,Right,,36,,,1,,,,,,"Bundesliga, UEFA Conference League",,,,,,medium,,https://en.wikipedia.org/wiki/Phillipp_Mwene
1005,39,AUT,Austria,J,UEFA,17,MF,Carney Chukwuemeka,2003-10-20,22,3,1,False,Borussia Dortmund,Germany,Bundesliga,185,Right,,36,,,3,,,,,,"Bundesliga, DFB-Pokal, UEFA Champions League",,,,,,high,"Vienna-born, switched allegiance from England youth in March 2026; scored on Austria debut vs Ghana",https://en.wikipedia.org/wiki/Carney_Chukwuemeka
1006,39,AUT,Austria,J,UEFA,18,MF,Romano Schmid,2000-01-27,26,34,3,False,Werder Bremen,Germany,Bundesliga,173,Right,,35,,,5,,,,,,"Bundesliga, DFB-Pokal",,,,,,medium,,https://en.wikipedia.org/wiki/Romano_Schmid
1007,39,AUT,Austria,J,UEFA,20,MF,Konrad Laimer,1997-05-27,29,57,7,False,Bayern Munich,Germany,Bundesliga,180,Right,,47,,,3,9,9,,,,"Bundesliga, DFB-Pokal, UEFA Champions League, DFL-Supercup",,,,293,30,high,Regular for Bayern Munich; joint-4th for Bundesliga assists in 2025-26,https://en.wikipedia.org/wiki/Konrad_Laimer ; https://www.fotmob.com/players/526827/konrad-laimer
1008,39,AUT,Austria,J,UEFA,21,FW,Patrick Wimmer,2001-05-30,25,30,1,False,VfL Wolfsburg,Germany,Bundesliga,176,Right,,27,,,4,,,,,,Bundesliga,,,,187,23,medium,,https://en.wikipedia.org/wiki/Patrick_Wimmer
1009,39,AUT,Austria,J,UEFA,22,MF,Alexander Prass,2001-05-26,25,19,0,False,TSG Hoffenheim,Germany,Bundesliga,184,Left,,32,,,3,,,,,,Bundesliga,,,,,,medium,,https://en.wikipedia.org/wiki/Alexander_Prass
1010,39,AUT,Austria,J,UEFA,23,DF,Marco Friedl,1998-03-16,28,11,0,False,Werder Bremen,Germany,Bundesliga,187,Left,,,,,,,,,,,"Bundesliga, DFB-Pokal",,,,,,low,Werder Bremen captain,https://en.wikipedia.org/wiki/Marco_Friedl
1011,39,AUT,Austria,J,UEFA,24,MF,Paul Wanner,2005-12-23,20,3,0,False,PSV Eindhoven,Netherlands,Eredivisie,183,Left,,31,,,,,,,,,"Eredivisie, KNVB Cup, UEFA Champions League",,,,,,medium,Switched from Germany youth to Austria in March 2026; helped PSV win 2025-26 Eredivisie title,https://en.wikipedia.org/wiki/Paul_Wanner
1012,39,AUT,Austria,J,UEFA,25,DF,Michael Svoboda,1998-10-15,27,4,0,False,Venezia,Italy,Serie B,190,Left,,23,,1987,3,1,6,0,,,Serie B,,,,,,high,,https://footystats.org/players/austria/michael-svoboda ; https://www.sofascore.com/player/michael-svoboda/888340
1013,39,AUT,Austria,J,UEFA,26,MF,Alessandro Schöpf,1994-02-07,32,35,6,False,Wolfsberger AC,Austria,Austrian Bundesliga,180,Right,,35,28,2505,5,5,3,,,,Austrian Bundesliga,,,,,,medium,,https://www.fotmob.com/players/461357/alessandro-schopf ; https://www.transfermarkt.co.uk/alessandro-schopf/leistungsdaten/spieler/118397
1014,40,JOR,Jordan,J,AFC,1,GK,Yazeed Abulaila,1993-01-08,33,75,0,False,Al-Hussein,Jordan,Jordanian Pro League,188,,,,,,,,,,,,"Jordanian Pro League, AFC Champions League Two",,,,86,0,medium,First-choice national team goalkeeper,https://en.wikipedia.org/wiki/Yazeed_Abulaila ; https://www.transfermarkt.us/yazeed-abulaila/profil/spieler/261850
1015,40,JOR,Jordan,J,AFC,2,MF,Mohammad Abu Hashish,1995-05-09,31,55,1,False,Al-Karma,Iraq,Iraq Stars League,177,,,7,,,0,,,,,,Iraq Stars League,,,,,,medium,Left-back,https://en.wikipedia.org/wiki/Mohammad_Abu_Hashish ; https://www.soccerway.com/player/abu-hash-mohammad/Y5MDcskJ/
1016,40,JOR,Jordan,J,AFC,3,DF,Abdallah Nasib,1994-02-25,32,64,3,False,Al-Zawraa,Iraq,Iraq Stars League,184,,,12,,,0,,,,,,"Iraq Stars League, AFC Champions League Two",,,,,,medium,,https://en.wikipedia.org/wiki/Abdallah_Nasib ; https://www.sofascore.com/football/team/al-zawraa/35888
1017,40,JOR,Jordan,J,AFC,4,DF,Husam Abu Dahab,2000-05-13,26,17,0,False,Al-Faisaly,Jordan,Jordanian Pro League,,,,,,,,,,,,,Jordanian Pro League,,,,,,low,,https://www.olympics.com/en/news/fifa-world-cup-2026-jordan-all-players-full-squad-list-key-stats-schedule
1018,40,JOR,Jordan,J,AFC,5,DF,Yazan Al-Arab,1996-01-31,30,79,3,False,FC Seoul,South Korea,K League 1,188,,,36,,,1,,,,,,"K League 1, Korean FA Cup",,,,155,6,high,"Experienced centre-back, plays abroad in K League 1",https://en.wikipedia.org/wiki/Yazan_Al-Arab ; https://fbref.com/en/players/32878a09/Yazan-Al-Arab
1019,40,JOR,Jordan,J,AFC,6,MF,Amer Jamous,2002-07-03,23,18,1,False,Al-Zawraa,Iraq,Iraq Stars League,177,,,1,,,0,,,,,,"Iraq Stars League, AFC Champions League Two",,,,,,medium,On loan at Al-Zawraa from Al-Wehdat; scored in AFC Champions League Two,https://en.wikipedia.org/wiki/Amer_Jamous ; https://www.sofascore.com/football/team/al-zawraa/35888
1020,40,JOR,Jordan,J,AFC,7,FW,Mohammad Abu Zrayq,1997-12-30,28,40,5,False,Raja Casablanca,Morocco,Botola Pro,168,,,12,,,4,1,,,,,Botola Pro (combined with Al-Ramtha before January 2026 move),,,,104,31,medium,Joined Raja Casablanca in January 2026 from Al-Ramtha; 10 apps & 4 goals for Al-Ramtha earlier in 2025-26,https://en.wikipedia.org/wiki/Mohammad_Abu_Zrayq ; https://www.sofascore.com/football/player/mohammed-abu-zrayq/986341
1021,40,JOR,Jordan,J,AFC,8,MF,Noor Al-Rawabdeh,1997-02-24,29,67,3,False,Selangor,Malaysia,Malaysia Super League,179,,,20,,1354,2,3,2,0,,,Malaysia Super League,,,,,,medium,,https://footystats.org/players/jordan/noor-al-deen-mahmoud-ali-al-rawabdeh ; https://en.wikipedia.org/wiki/Noor_Al-Rawabdeh
1022,40,JOR,Jordan,J,AFC,9,FW,Ali Olwan,2000-03-26,26,65,29,False,Al-Sailiya,Qatar,Qatar Stars League,184,,,2,,126,0,0,,,,,Qatar Stars League,,,,84,29,medium,Prolific national team scorer; third-highest scorer in AFC qualifying with nine goals,https://en.wikipedia.org/wiki/Ali_Olwan ; https://www.fotmob.com/players/1028896/ali-iyad-olwan
1023,40,JOR,Jordan,J,AFC,10,FW,Musa Al-Taamari,1997-06-10,29,91,24,True,Rennes,France,Ligue 1,178,Left,,35,,2212,7,6,,,,,"Ligue 1, Coupe de France",,,,320,63,high,Captain and key winger for Rennes; 7 goals and 6 assists across competitions,https://en.wikipedia.org/wiki/Musa_Al-Taamari ; https://fbref.com/en/players/f15f8b2b/Musa-Al-Taamari ; https://www.transfermarkt.us/mousa-tamari/leistungsdaten/spieler/551505
1024,40,JOR,Jordan,J,AFC,11,FW,Odeh Al-Fakhouri,2005-11-22,20,6,0,False,Pyramids,Egypt,Egyptian Premier League,180,,,10,,298,1,2,,,,,"Egyptian Premier League, CAF Champions League",,,,77,15,high,Young forward who joined Pyramids in February 2026; scored on debut in CAF Champions League,https://en.wikipedia.org/wiki/Odeh_Al-Fakhouri ; https://www.fotmob.com/players/1823348/odeh-al-fakhouri
1025,40,JOR,Jordan,J,AFC,12,GK,Noor Bani Attiah,1993-01-25,33,4,0,False,Al-Faisaly,Jordan,Jordanian Pro League,,,,,,,,,,,,,Jordanian Pro League,,,,,0,low,Backup goalkeeper,https://www.sofascore.com/team/football/al-faisaly-sc/47482
1026,40,JOR,Jordan,J,AFC,13,MF,Mahmoud Al-Mardi,1993-10-06,32,68,7,False,Al-Hussein,Jordan,Jordanian Pro League,,,,,,,,,,,,,UAE Pro League (on loan at Dibba Al-Fujairah from Al-Hussein for 2025-26),,,,,,low,Winger/midfielder; on loan at Dibba Al-Fujairah (UAE) for 2025-26,https://en.wikipedia.org/wiki/Mahmoud_Al-Mardi ; https://www.transfermarkt.us/mahmoud-al-mardi/leistungsdaten/spieler/401086
1027,40,JOR,Jordan,J,AFC,14,MF,Rajaei Ayed,1993-07-25,32,72,0,False,Al-Hussein,Jordan,Jordanian Pro League,,,,,,,,,,,,,"Jordanian Pro League, AFC Champions League Two",,,,,,low,7 appearances and 1 assist in AFC competition in 2025-26,https://en.wikipedia.org/wiki/Rajaei_Ayed ; https://footystats.org/players/jordan/rajaei-ayed-fadel-hasan
1028,40,JOR,Jordan,J,AFC,15,MF,Ibrahim Sa'deh,2000-04-27,26,56,3,False,Al-Karma,Iraq,Iraq Stars League,175,,,17,,,0,,,,,,Iraq Stars League,,,,,,medium,,https://en.wikipedia.org/wiki/Ibrahim_Sadeh ; https://footystats.org/players/jordan/ibrahim-mohammad-sami
1029,40,JOR,Jordan,J,AFC,16,DF,Mohammad Abualnadi,2001-02-08,25,17,0,False,Selangor,Malaysia,Malaysia Super League,186,,,,,,0,,,,,,"Malaysia Super League, ASEAN Club Championship",,,,,0,low,,https://en.wikipedia.org/wiki/Mo_Abualnadi ; https://www.transfermarkt.us/mohammad-abualnadi/profil/spieler/658052
1030,40,JOR,Jordan,J,AFC,17,DF,Salim Obaid,1992-01-17,34,10,0,False,Al-Hussein,Jordan,Jordanian Pro League,,,,,,,,,,,,,"Jordanian Pro League, AFC Champions League Two",,,,,,low,,https://www.sofascore.com/team/football/al-hussein-irbid/117204
1031,40,JOR,Jordan,J,AFC,18,FW,Ibrahim Sabra,2006-02-01,20,4,1,False,Lokomotiva Zagreb,Croatia,Croatian Football League,183,,,4,,,2,,,,,,Croatian Football League,,,,34,12,high,Young striker on loan at Lokomotiva Zagreb from Goztepe; impressed at 2025 Arab Cup (ankle injury reported June 2026),https://en.wikipedia.org/wiki/Ibrahim_Sabra ; https://fbref.com/en/players/eb63719c/Ibrahim-Sabra
1032,40,JOR,Jordan,J,AFC,19,DF,Saed Al-Rosan,1997-02-01,29,20,2,False,Al-Hussein,Jordan,Jordanian Pro League,188,,,,,,,,,,,,"Jordanian Pro League, AFC Champions League Two",,,,,,low,,https://en.wikipedia.org/wiki/Saed_Al-Rosan ; https://www.playmakerstats.com/player/saed-al-rosan/620807
1033,40,JOR,Jordan,J,AFC,20,MF,Mohannad Abu Taha,2003-02-02,23,28,1,False,Al-Quwa Al-Jawiya,Iraq,Iraq Stars League,176,Left,450000,32,,,4,,,,,,Iraq Stars League,,,,65,6,high,Winger/left-back; 32 apps and 4 goals for Al-Quwa Al-Jawiya in 2025-26,https://en.wikipedia.org/wiki/Mohannad_Abu_Taha ; https://www.transfermarkt.us/mohannad-abu-taha/profil/spieler/883111
1034,40,JOR,Jordan,J,AFC,21,MF,Nizar Al-Rashdan,1999-03-23,27,46,4,False,Qatar SC,Qatar,Qatar Stars League,183,,,11,,965,0,2,3,0,,,Qatar Stars League,,,,,,medium,Defensive midfielder; joined Qatar SC in January 2026,https://en.wikipedia.org/wiki/Nizar_Al-Rashdan ; https://www.fotmob.com/players/1195369/nizar-al-rashdan
1035,40,JOR,Jordan,J,AFC,22,GK,Abdallah Al-Fakhouri,2000-01-22,26,11,0,False,Al-Wehdat,Jordan,Jordanian Pro League,,,,,,,0,0,,,,,"Jordanian Pro League, AFC Champions League Two",,,,,0,low,Backup goalkeeper,https://www.transfermarkt.us/abdallah-al-fakhouri/leistungsdaten/spieler/658805/saison/2025 ; https://www.flashscore.com/player/al-fakhouri-abdallah/CEXX5FK9/
1036,40,JOR,Jordan,J,AFC,23,DF,Ihsan Haddad,1994-02-05,32,91,2,False,Al-Hussein,Jordan,Jordanian Pro League,178,,,,,,,,,,,,"Jordanian Pro League, AFC Champions League Two",,,,,,low,Veteran defender and team captain returning from injury,https://en.wikipedia.org/wiki/Ihsan_Haddad ; https://fbref.com/en/players/85660a5d/Ihsan-Haddad
1037,40,JOR,Jordan,J,AFC,24,FW,Ali Azaizeh,2004-04-13,22,3,0,False,Al-Shabab,Saudi Arabia,Saudi Pro League,179,,,10,,,2,,,,,,Saudi Pro League,,,,112,8,medium,Top scorer at 2025 Arab Cup (four goals); on loan at Al-Shabab from Kazma; born in Germany,https://en.wikipedia.org/wiki/Ali_Azaizeh ; https://www.fotmob.com/players/1642793/ali-al-azaizeh
1038,40,JOR,Jordan,J,AFC,25,MF,Mohammad Al-Dawoud,1992-12-04,33,12,1,False,Al-Wehdat,Jordan,Jordanian Pro League,,,,,,,,,,,,,Jordanian Pro League,,,,,,low,,https://www.besoccer.com/player/mohammad-al-daoud-3607181
1039,40,JOR,Jordan,J,AFC,26,DF,Anas Badawi,1997-09-13,28,1,0,False,Al-Faisaly,Jordan,Jordanian Pro League,,,,,,,,,,,,,Jordanian Pro League,,,,,,low,,https://www.sofascore.com/team/football/al-faisaly-sc/47482
1040,41,POR,Portugal,K,UEFA,1,GK,Diogo Costa,1999-09-19,26,42,0,False,FC Porto,Portugal,Primeira Liga,188,Right,40000000,33,33,2908,0,0,,,21,13,Primeira Liga (league only; 27 clean sheets in all competitions),,,,240,0,high,First-choice goalkeeper for club and country,https://footystats.org/players/portugal/diogo-costa ; https://www.transfermarkt.us/diogo-costa/profil/spieler/357153 ; https://en.wikipedia.org/wiki/Diogo_Costa
1041,41,POR,Portugal,K,UEFA,2,DF,Nélson Semedo,1993-11-16,32,49,0,False,Fenerbahçe,Turkey,Süper Lig,178,Right,,26,,1944,1,3,8,,,,Süper Lig (league only),,,,,,high,Experienced right-back,https://footystats.org/players/portugal/nelson-semedo ; https://www.transfermarkt.us/nelson-semedo/leistungsdaten/spieler/231572 ; https://www.fctables.com/players/nelson_semedo-290935/
1042,41,POR,Portugal,K,UEFA,3,DF,Rúben Dias,1997-05-14,29,75,3,False,Manchester City,England,Premier League,187,Right,,33,30,,2,0,3,,,,"Premier League, UEFA Champions League",,,,,,high,"Defensive leader, regular starter",https://www.statmuse.com/fc/player/r%C3%BAben-dias-5509 ; https://www.premierleague.com/en/players/171314/ruben-dias/stats ; https://www.sportbusy.com/players/soccer/234878/
1043,41,POR,Portugal,K,UEFA,4,DF,Tomás Araújo,2002-05-16,24,4,0,False,Benfica,Portugal,Primeira Liga,188,Right,,38,,,1,2,3,0,,,"Primeira Liga, UEFA Champions League (all competitions combined)",,,,,,medium,Emerging centre-back,https://www.transfermarkt.us/tomas-araujo/leistungsdaten/spieler/504087 ; https://footystats.org/players/portugal/tomas-araujo ; https://www.fotmob.com/players/1187283/tomas-araujo
1044,41,POR,Portugal,K,UEFA,5,DF,Diogo Dalot,1999-03-18,27,34,3,False,Manchester United,England,Premier League,183,Right,,38,,,3,4,5,,,,"Premier League, FA Cup, EFL Cup (all competitions combined)",,,,,,medium,Versatile full-back,https://www.premierleague.com/en/players/216051/diogo-dalot/stats ; https://www.transfermarkt.us/diogo-dalot/leistungsdaten/spieler/357147 ; https://www.fotmob.com/players/751550/diogo-dalot
1045,41,POR,Portugal,K,UEFA,6,MF,Matheus Nunes,1998-08-27,27,19,2,False,Manchester City,England,Premier League,183,Right,,34,32,2864,1,5,5,,,,Premier League (league only),,,,,,high,"Box-to-box midfielder, used across midfield and full-back",https://www.premierleague.com/en/players/465351/matheus-nunes/overview ; https://www.transfermarkt.us/matheus-nunes/leistungsdaten/spieler/601883 ; https://www.livescore.com/en/season-stats/matheus-nunes/21219/
1046,41,POR,Portugal,K,UEFA,7,FW,Cristiano Ronaldo,1985-02-05,41,227,143,True,Al-Nassr,Saudi Arabia,Saudi Pro League,187,Right,10000000,30,,,28,2,,,,,Saudi Pro League (league only),,,,,830,high,"Captain and all-time leading scorer, won Saudi Pro League title 2025/26; nearing 1,000 career goals (973 club+country)",https://www.sofascore.com/news/cristiano-ronaldos-2025-26-al-nassr-season-in-numbers ; https://www.transfermarkt.us/cristiano-ronaldo/leistungsdaten/spieler/8198/saison/2025 ; https://en.wikipedia.org/wiki/List_of_career_achievements_by_Cristiano_Ronaldo
1047,41,POR,Portugal,K,UEFA,8,MF,Bruno Fernandes,1994-09-08,31,88,29,False,Manchester United,England,Premier League,179,Right,,35,,3069,9,21,5,,,,"Premier League (league only; PL Player of the Season, record 21 assists)",,,,,,high,"Creative hub, regular starter and goal threat; 2025/26 PL Player of the Season",https://www.premierleague.com/en/players/141746/bruno-fernandes/stats ; https://en.wikipedia.org/wiki/Bruno_Fernandes ; https://www.fotmob.com/players/422685/bruno-fernandes
1048,41,POR,Portugal,K,UEFA,9,FW,Gonçalo Ramos,2001-06-20,24,24,10,False,Paris Saint-Germain,France,Ligue 1,185,Right,35000000,30,,1309,6,,4,1,,,Ligue 1 (league only),,,,,,medium,Impact centre-forward,https://www.transfermarkt.us/goncalo-ramos/leistungsdaten/spieler/550550 ; https://www.livescore.com/en/season-stats/goncalo-ramos/9356/ ; https://footystats.org/players/portugal/goncalo-ramos
1049,41,POR,Portugal,K,UEFA,10,MF,Bernardo Silva,1994-08-10,31,108,14,False,Manchester City,England,Premier League,173,Left,22000000,38,,2886,2,4,10,0,,,Premier League (league only),,,,,,high,"Senior playmaker and 2025/26 club captain, regular starter",https://www.premierleague.com/en/players/165809/bernardo-silva/stats ; https://www.transfermarkt.us/bernardo-silva/leistungsdaten/spieler/241641 ; https://www.sportbusy.com/players/soccer/199833/
1050,41,POR,Portugal,K,UEFA,11,FW,João Félix,1999-11-10,26,53,12,False,Al-Nassr,Saudi Arabia,Saudi Pro League,181,Right,,33,,2908,20,13,7,,,,Saudi Pro League and cups (all competitions combined),,,,,,high,"Attacking forward, prolific debut season at Al-Nassr",https://www.fotmob.com/players/794427/joao-felix ; https://footystats.org/players/portugal/joao-felix ; https://www.transfermarkt.us/joao-felix/leistungsdaten/spieler/462250
1051,41,POR,Portugal,K,UEFA,12,GK,José Sá,1993-01-17,33,5,0,False,Wolverhampton Wanderers,England,Premier League,193,Right,,22,,,0,0,,,4,36,Premier League (league only),,,,,0,medium,Backup goalkeeper for Portugal; first-choice at Wolves,https://footystats.org/players/portugal/jose-sa ; https://www.premierleague.com/players/15715/Jos%C3%A9-S%C3%A1/stats ; https://www.transfermarkt.us/jose-sa/leistungsdaten/spieler/249994
1052,41,POR,Portugal,K,UEFA,13,DF,Renato Veiga,2003-07-29,22,12,1,False,Villarreal,Spain,La Liga,191,Left,,40,,3201,1,0,,,,,"La Liga, UEFA Champions League (all competitions combined: 32 LaLiga + 8 UCL)",,,,,,high,"Versatile defender/midfielder, joined Villarreal August 2025",https://www.transfermarkt.us/renato-veiga/leistungsdaten/spieler/805714 ; https://www.uefa.com/uefachampionsleague/clubs/players/250164935--renato-veiga/ ; https://www.livescore.com/en/season-stats/renato-veiga/56191/
1053,41,POR,Portugal,K,UEFA,14,DF,Gonçalo Inácio,2001-08-25,24,21,2,False,Sporting CP,Portugal,Primeira Liga,186,Left,,24,,2506,2,3,4,1,,,Primeira Liga (league only),,,,,,high,Ball-playing centre-back,https://www.fotmob.com/players/1165710/goncalo-inacio ; https://footystats.org/players/portugal/goncalo-inacio ; https://www.uefa.com/uefachampionsleague/clubs/players/250136464--goncalo-inacio/
1054,41,POR,Portugal,K,UEFA,15,MF,João Neves,2004-09-27,21,21,3,False,Paris Saint-Germain,France,Ligue 1,174,Right,,29,,,6,4,,,,,"Ligue 1, UEFA Champions League (all competitions combined: 18 L1 + 11 UCL)",,,,,,medium,"Young midfield starter, Champions League winner",https://www.sportbusy.com/players/soccer/355061/ ; https://www.uefa.com/uefachampionsleague/clubs/players/250164991--joao-neves/statistics/ ; https://www.fotmob.com/players/1342757/joao-neves
1055,41,POR,Portugal,K,UEFA,16,FW,Francisco Trincão,1999-12-29,26,17,3,False,Sporting CP,Portugal,Primeira Liga,183,Right,,34,,2851,7,11,1,,,,Primeira Liga and cups (all competitions combined),,,,,,high,Wide attacker,https://www.sportbusy.com/players/soccer/274159/ ; https://footystats.org/players/portugal/francisco-trincao ; https://www.uefa.com/uefachampionsleague/clubs/players/250112122--francisco-trincao/
1056,41,POR,Portugal,K,UEFA,17,FW,Rafael Leão,1999-06-10,27,44,5,False,AC Milan,Italy,Serie A,188,Right,,31,,,10,3,5,,,,Serie A and cups (all competitions combined: 29 Serie A + cups),,,,,,high,"Pacey left winger, Milan top scorer 2025/26",https://www.sportbusy.com/players/soccer/258917/ ; https://en.wikipedia.org/wiki/Rafael_Le%C3%A3o ; https://www.acmilan.com/en/teams/men-first-team/players/rafael-leao/statistics
1057,41,POR,Portugal,K,UEFA,18,FW,Pedro Neto,2000-03-09,26,24,2,False,Chelsea,England,Premier League,172,Right,,34,30,2641,5,6,1,1,,,Premier League (league only),,,,,,high,Winger,https://www.premierleague.com/en/players/247632/pedro-neto/stats ; https://www.livescore.com/en/season-stats/pedro-neto/21153/ ; https://www.transfermarkt.us/pedro-neto/leistungsdaten/spieler/487465
1058,41,POR,Portugal,K,UEFA,19,FW,Gonçalo Guedes,1996-11-29,29,34,8,False,Real Sociedad,Spain,La Liga,179,Right,,32,,1830,8,4,3,0,,,La Liga (league only),,,,,,high,Forward,https://footystats.org/players/portugal/goncalo-guedes ; https://www.transfermarkt.us/goncalo-guedes/leistungsdaten/spieler/225122 ; https://www.livescore.com/en/season-stats/goncalo-guedes/18724/
1059,41,POR,Portugal,K,UEFA,20,DF,João Cancelo,1994-05-27,32,67,12,False,Barcelona,Spain,La Liga,182,Right,,16,11,952,2,2,1,,,,"La Liga (Barcelona, league only; joined on loan Jan 2026)",,,,,,medium,Attacking full-back; joined Barcelona on loan from Al-Hilal January 2026,https://www.livescore.com/en/season-stats/joao-cancelo/3241/ ; https://www.transfermarkt.us/joao-cancelo/leistungsdaten/spieler/182712 ; https://www.fctables.com/players/joao_cancelo-257039/
1060,41,POR,Portugal,K,UEFA,21,MF,Rúben Neves,1997-03-13,29,66,1,False,Al-Hilal,Saudi Arabia,Saudi Pro League,180,Right,,27,,2390,11,6,4,0,,,Saudi Pro League (league only),,,,,,high,Deep-lying midfielder,https://www.livescore.com/en/season-stats/ruben-neves/21149/ ; https://footystats.org/players/portugal/ruben-neves ; https://www.transfermarkt.us/ruben-neves/leistungsdaten/spieler/225161
1061,41,POR,Portugal,K,UEFA,22,GK,Rui Silva,1994-02-07,32,3,0,False,Sporting CP,Portugal,Primeira Liga,191,Right,,32,,2880,0,0,,,14,,Primeira Liga (league only; 14 league + 3 UCL clean sheets),,,,,0,medium,Listed as third-choice for Portugal; first-choice keeper at Sporting CP in 2025/26,https://footystats.org/players/portugal/rui-silva ; https://www.livescore.com/en/season-stats/rui-silva/18411/ ; https://www.uefa.com/uefachampionsleague/clubs/players/250062141--rui-silva/statistics/
1062,41,POR,Portugal,K,UEFA,23,MF,Vitinha,2000-02-13,26,37,0,False,Paris Saint-Germain,France,Ligue 1,172,Right,,44,,,7,8,2,,,,"Ligue 1, UEFA Champions League (all competitions combined: 27 L1 + 17 UCL)",,,,,,medium,"Midfield metronome, Champions League winner",https://statz.ai/player/vitinha/4545430 ; https://www.uefa.com/uefachampionsleague/clubs/players/250101444--vitinha/statistics/ ; https://www.fotmob.com/players/1061249/vitinha
1063,41,POR,Portugal,K,UEFA,24,DF,Samú Costa,2000-11-27,25,5,0,False,Mallorca,Spain,La Liga,185,Right,,34,31,2707,7,2,11,,,,La Liga and Copa del Rey (all competitions combined),,,,,,high,Defensive midfielder,https://www.livescore.com/en/season-stats/samu-costa/19205/ ; https://www.transfermarkt.us/samu-costa/leistungsdaten/spieler/657430 ; https://www.sofascore.com/football/player/samuel-costa/988351
1064,41,POR,Portugal,K,UEFA,25,DF,Nuno Mendes,2002-06-19,23,43,1,False,Paris Saint-Germain,France,Ligue 1,180,Left,,39,,,6,7,1,,,,"Ligue 1, UEFA Champions League (all competitions combined: 19 L1 + 20 UCL)",,,,,,medium,"First-choice left-back, Champions League winner",https://www.sportbusy.com/players/soccer/290591/ ; https://www.transfermarkt.us/nuno-mendes/leistungsdaten/spieler/616341 ; https://www.fotmob.com/players/1158945/nuno-mendes
1065,41,POR,Portugal,K,UEFA,26,FW,Francisco Conceição,2002-12-14,23,16,3,False,Juventus,Italy,Serie A,168,Left,,31,27,2099,3,4,3,,,,Serie A (league only),,,,,,high,Winger,https://www.livescore.com/en/season-stats/francisco-conceicao/21255/ ; https://www.transfermarkt.us/francisco-conceicao/leistungsdaten/spieler/487474/saison/2025 ; https://www.sofascore.com/football/player/francisco-conceicao/979222
1066,42,COD,DR Congo,K,CAF,1,GK,Lionel Mpasi,1994-08-01,31,27,0,False,Le Havre,France,Ligue 1,182,,400000,4,,,0,,,,,,Ligue 1,,,,187,1,medium,First-choice DR Congo goalkeeper,https://en.wikipedia.org/wiki/Lionel_Mpasi
1067,42,COD,DR Congo,K,CAF,2,DF,Aaron Wan-Bissaka,1997-11-26,28,11,0,False,West Ham United,England,Premier League,183,Right,15000000,27,,,0,,,,,,"Premier League, FA Cup",,,,294,4,high,Premier League regular right-back,https://en.wikipedia.org/wiki/Aaron_Wan-Bissaka
1068,42,COD,DR Congo,K,CAF,3,DF,Steve Kapuadi,1998-04-30,28,4,0,False,Widzew Lodz,Poland,Ekstraklasa,196,,2500000,12,,,1,,,,,,"Ekstraklasa, Polish Cup",,,,129,5,high,,https://en.wikipedia.org/wiki/Steve_Kapuadi
1069,42,COD,DR Congo,K,CAF,4,DF,Axel Tuanzebe,1997-11-14,28,13,1,False,Burnley,England,Premier League,185,Right,5000000,16,,,1,,,,,,"Premier League, EFL Cup",,,,151,2,high,,https://en.wikipedia.org/wiki/Axel_Tuanzebe
1070,42,COD,DR Congo,K,CAF,5,DF,Dylan Batubinsika,1996-02-15,30,14,1,False,AEL Larissa,Greece,Super League Greece,185,,600000,8,,,0,,,,,,Super League Greece,,,,258,11,medium,,https://en.wikipedia.org/wiki/Dylan_Batubinsika
1071,42,COD,DR Congo,K,CAF,6,MF,Ngal'ayel Mukau,2004-11-03,21,13,0,False,Lille,France,Ligue 1,188,,15000000,42,,,2,,,,,,"Ligue 1, Coupe de France, UEFA Europa League",,,,87,1,high,Highly rated young midfielder,https://en.wikipedia.org/wiki/Ngal%27ayel_Mukau
1072,42,COD,DR Congo,K,CAF,7,MF,Nathanael Mbuku,2002-03-16,24,13,1,False,Montpellier,France,Ligue 2,170,Right,2000000,27,,,0,,,,,,"Ligue 2, Coupe de France",,,,156,13,medium,,https://en.wikipedia.org/wiki/Nathanael_Mbuku
1073,42,COD,DR Congo,K,CAF,8,MF,Samuel Moutoussamy,1996-08-12,29,53,0,False,Atromitos,Greece,Super League Greece,176,,1200000,24,,,3,,,,,,"Super League Greece, Greek Cup",,,,329,14,high,,https://en.wikipedia.org/wiki/Samuel_Moutoussamy
1074,42,COD,DR Congo,K,CAF,9,MF,Brian Cipenga,1998-03-11,28,7,0,False,Castellon,Spain,Segunda Division,,,2000000,28,22,,6,9,,,,,Segunda Division,,,,,,medium,Winger,https://www.livescore.com/en/season-stats/brian-kibambe-cipenga/67854/ ; https://fbref.com/en/players/e4787d6f/Brian-Cipenga
1075,42,COD,DR Congo,K,CAF,10,MF,Theo Bongonda,1995-11-20,30,32,6,False,Spartak Moscow,Russia,Russian Premier League,177,Right,3000000,6,,,0,,,,,,"Russian Premier League, Russian Cup",,,,314,71,high,Winger,https://en.wikipedia.org/wiki/Theo_Bongonda
1076,42,COD,DR Congo,K,CAF,11,MF,Gael Kakuta,1991-06-21,34,30,5,False,AEL Larissa,Greece,Super League Greece,173,Left,250000,1,,,0,,,,,,Super League Greece,,,,391,64,medium,Experienced playmaker,https://en.wikipedia.org/wiki/Gael_Kakuta
1077,42,COD,DR Congo,K,CAF,12,DF,Joris Kayembe,1994-08-08,31,25,0,False,Genk,Belgium,Belgian Pro League,180,Left,2000000,39,,,0,,,,,,"Belgian Pro League, UEFA Europa League",,,,324,19,high,,https://en.wikipedia.org/wiki/Joris_Kayembe
1078,42,COD,DR Congo,K,CAF,13,MF,Meschack Elia,1997-08-06,28,46,9,False,Alanyaspor,Turkey,Super Lig,173,Right,1500000,20,,722,2,0,1,,,,"Super Lig, Turkish Cup",,,,358,73,medium,Scored in CAF play-off final vs Nigeria,https://en.wikipedia.org/wiki/Meschak_Elia ; https://www.fotmob.com/players/694060/meschack-elia
1079,42,COD,DR Congo,K,CAF,14,MF,Noah Sadiki,2004-12-17,21,18,0,False,Sunderland,England,Premier League,173,Right,35000000,35,,,0,,,,,,"Premier League, FA Cup",,,,176,2,high,"Young midfielder, highest squad market value",https://en.wikipedia.org/wiki/Noah_Sadiki
1080,42,COD,DR Congo,K,CAF,15,MF,Aaron Tshibola,1995-01-02,31,16,1,False,Kilmarnock,Scotland,Scottish Premiership,190,Right,150000,14,,,0,,,,,,Scottish Premiership,,,,180,8,medium,,https://en.wikipedia.org/wiki/Aaron_Tshibola
1081,42,COD,DR Congo,K,CAF,16,GK,Timothy Fayulu,1999-07-24,26,3,0,False,FC Noah,Armenia,Armenian Premier League,192,,800000,4,,,0,,,,1,5,"Armenian Premier League, UEFA Conference League",,,,97,0,low,"Backup goalkeeper, on loan at FC Noah from Sion",https://en.wikipedia.org/wiki/Timothy_Fayulu ; https://www.fotmob.com/players/976996/timothy-fayulu
1082,42,COD,DR Congo,K,CAF,17,FW,Cedric Bakambu,1991-04-11,35,67,21,False,Real Betis,Spain,La Liga,182,Right,1200000,27,,,4,,,,,,"La Liga, Copa del Rey, UEFA Europa League",,,,399,154,high,"Veteran striker, 21 international goals",https://en.wikipedia.org/wiki/Cedric_Bakambu
1083,42,COD,DR Congo,K,CAF,18,MF,Charles Pickel,1997-05-15,29,24,1,False,Espanyol,Spain,La Liga,185,,2500000,19,,,1,,,,,,"La Liga, Copa del Rey",,,,399,13,high,,https://en.wikipedia.org/wiki/Charles_Pickel
1084,42,COD,DR Congo,K,CAF,19,FW,Fiston Mayele,1994-06-28,31,37,6,False,Pyramids,Egypt,Egyptian Premier League,180,Right,1800000,36,,,11,,,,,,"Egyptian Premier League, Egypt Cup, CAF Champions League, FIFA Club World Cup",,,,161,100,high,Prolific CAF Champions League scorer,https://en.wikipedia.org/wiki/Fiston_Mayele
1085,42,COD,DR Congo,K,CAF,20,FW,Yoane Wissa,1996-09-03,29,37,9,False,Newcastle United,England,Premier League,176,Right,25000000,28,,,3,,,,,,"Premier League, FA Cup, EFL Cup, UEFA Champions League",,,,294,121,high,"Key attacker, joined Newcastle from Brentford for ~GBP50m in September 2025",https://en.wikipedia.org/wiki/Yoane_Wissa
1086,42,COD,DR Congo,K,CAF,21,GK,Matthieu Epolo,2005-01-15,21,1,0,False,Standard Liege,Belgium,Belgian Pro League,183,,8000000,22,,2520,0,,,,6,30,Belgian Pro League,,,,100,0,medium,Young first-choice goalkeeper at Standard Liege,https://en.wikipedia.org/wiki/Matthieu_Epolo ; https://www.fotmob.com/players/1257080/matthieu-epolo
1087,42,COD,DR Congo,K,CAF,22,DF,Chancel Mbemba,1994-08-08,31,108,7,True,Lille,France,Ligue 1,182,Right,2000000,21,,,0,,,,,,"Ligue 1, UEFA Europa League",,,,380,31,high,Captain and most-capped player,https://en.wikipedia.org/wiki/Chancel_Mbemba
1088,42,COD,DR Congo,K,CAF,23,FW,Simon Banza,1996-08-13,29,14,2,False,Al Jazira,United Arab Emirates,UAE Pro League,189,Right,10000000,18,,,7,1,1,,,,UAE Pro League (all competitions),,,,288,102,medium,Joined Al Jazira from Braga in September 2025,https://en.wikipedia.org/wiki/Simon_Banza ; https://tribuna.com/en/persons/simon-banza/stat/ ; https://www.livescore.com/en/season-stats/simon-banza/34761/
1089,42,COD,DR Congo,K,CAF,24,DF,Gedeon Kalulu,1997-08-29,28,28,0,False,Aris Limassol,Cyprus,Cypriot First Division,179,Right,1000000,11,,,0,,,,,,"Cypriot First Division, Cypriot Cup",,,,241,5,high,,https://en.wikipedia.org/wiki/Gedeon_Kalulu
1090,42,COD,DR Congo,K,CAF,25,MF,Edo Kayembe,1998-06-03,28,40,0,False,Watford,England,EFL Championship,183,,4000000,33,,,4,,,,,,"EFL Championship, EFL Cup",,,,210,21,medium,Regular for Championship side Watford,https://en.wikipedia.org/wiki/Edo_Kayembe
1091,42,COD,DR Congo,K,CAF,26,DF,Arthur Masuaku,1993-11-07,32,45,4,False,Lens,France,Ligue 1,179,Left,2000000,6,,,0,,,,,,"Ligue 1, Coupe de France",,,,349,8,high,,https://en.wikipedia.org/wiki/Arthur_Masuaku
1092,43,UZB,Uzbekistan,K,AFC,,GK,Utkir Yusupov,1991-01-04,35,39,0,False,Navbahor Namangan,Uzbekistan,Uzbekistan Super League,185,,500000,9,9,810,0,0,,,4,,Uzbekistan Super League,,,,,0,medium,,https://en.wikipedia.org/wiki/Utkir_Yusupov ; https://www.transfermarkt.us/utkir-yusupov/leistungsdaten/spieler/311958 ; https://footystats.org/players/uzbekistan/utkir-yusupov
1093,43,UZB,Uzbekistan,K,AFC,,GK,Abduvohid Nematov,2001-03-20,25,13,0,False,Nasaf Qarshi,Uzbekistan,Uzbekistan Super League,183,,,9,,,0,0,,,1,,"Uzbekistan Super League, Uzbekistan Super Cup",,,,,0,low,,https://en.wikipedia.org/wiki/Abduvohid_Nematov ; https://footystats.org/players/uzbekistan/abduvohid-nematov
1094,43,UZB,Uzbekistan,K,AFC,,GK,Botirali Ergashev,1995-06-23,30,3,0,False,Neftchi Fergana,Uzbekistan,Uzbekistan Super League,187,,,9,,,0,0,,,1,,Uzbekistan Super League,,,,,0,low,,https://en.wikipedia.org/wiki/Botirali_Ergashev ; https://www.flashscore.com/player/ergashev-botirali/CAT3TEXE/
1095,43,UZB,Uzbekistan,K,AFC,,DF,Abdukodir Khusanov,2004-02-29,22,25,0,False,Manchester City,England,Premier League,186,,,37,,,0,0,2,,,,"Premier League, FA Cup, EFL Cup, UEFA Champions League",,,,116,5,high,"Premier League defender, squad's standout name",https://en.wikipedia.org/wiki/Abdukodir_Khusanov ; https://www.transfermarkt.us/abdukodir-khusanov/leistungsdaten/spieler/763079/saison/2025 ; https://www.premierleague.com/en/players/578153/abdukodir-khusanov/stats
1096,43,UZB,Uzbekistan,K,AFC,,DF,Khojiakbar Alijonov,1997-04-19,29,51,3,False,Pakhtakor Tashkent,Uzbekistan,Uzbekistan Super League,180,,,26,,,2,,,,,,Uzbekistan Super League,,,,235,11,medium,,https://en.wikipedia.org/wiki/Khojiakbar_Alijonov
1097,43,UZB,Uzbekistan,K,AFC,,DF,Farrukh Sayfiev,1991-01-17,35,64,1,False,Neftchi Fergana,Uzbekistan,Uzbekistan Super League,180,,,11,,,1,,,,,,Uzbekistan Super League,,,,339,26,medium,,https://en.wikipedia.org/wiki/Farrukh_Sayfiev
1098,43,UZB,Uzbekistan,K,AFC,,DF,Rustam Ashurmatov,1996-07-07,29,47,1,False,Esteghlal,Iran,Persian Gulf Pro League,188,,,22,,,1,,,,,,"Persian Gulf Pro League, Hazfi Cup, AFC Champions League Two",,,,276,14,high,,https://en.wikipedia.org/wiki/Rustam_Ashurmatov
1099,43,UZB,Uzbekistan,K,AFC,,DF,Umar Eshmurodov,1992-11-30,33,39,0,False,Nasaf Qarshi,Uzbekistan,Uzbekistan Super League,185,,,15,,,0,,,,,,Uzbekistan Super League,,,,210,6,medium,,https://en.wikipedia.org/wiki/Umar_Eshmurodov
1100,43,UZB,Uzbekistan,K,AFC,,DF,Sherzod Nasrullaev,1998-07-23,27,35,2,False,Pakhtakor Tashkent,Uzbekistan,Uzbekistan Super League,180,,,23,,,3,,,,,,Uzbekistan Super League (Nasaf Qarshi),,,,134,7,low,"2025 season largely played at Nasaf Qarshi (23 apps, 3 goals); joined Pakhtakor Jan 2026",https://en.wikipedia.org/wiki/Sherzod_Nasrullaev ; https://www.transfermarkt.us/sherzod-nasrullaev/leistungsdaten/spieler/608537
1101,43,UZB,Uzbekistan,K,AFC,,DF,Abdulla Abdullaev,1997-09-01,28,27,0,False,Dibba Al-Hisn,United Arab Emirates,UAE Pro League,183,right,650000,9,8,750,0,0,,,,,UAE Pro League,,,,,,medium,,https://www.fotmob.com/players/1294120/abdulla-abdullaev ; https://www.transfermarkt.us/abdulla-abdullaev/profil/spieler/570272
1102,43,UZB,Uzbekistan,K,AFC,,DF,Avazbek Ulmasaliev,2000-03-27,26,0,0,False,AGMK,Uzbekistan,Uzbekistan Super League,185,,,16,,,2,,,,,,Uzbekistan Super League,,,,128,10,low,Uncapped at selection,https://en.wikipedia.org/wiki/Avazbek_Ulmasaliev
1103,43,UZB,Uzbekistan,K,AFC,,DF,Jakhongir Urozov,2004-01-18,22,2,1,False,Dinamo Samarqand,Uzbekistan,Uzbekistan Super League,190,,,32,,,0,,,,,,Uzbekistan Super League,,,,62,0,medium,,https://en.wikipedia.org/wiki/Jakhongir_Urozov ; https://www.transfermarkt.us/jakhongir-urozov/leistungsdaten/spieler/989069
1104,43,UZB,Uzbekistan,K,AFC,,DF,Behruz Karimov,2007-08-07,18,2,0,False,Surkhon Termez,Uzbekistan,Uzbekistan Super League,,,,21,,,3,,,,,,Uzbekistan Super League,,,,21,3,low,Teenage right-back,https://www.flashscore.com/player/karimov-bekhruz/tYdoTuF8/ ; https://en.wikipedia.org/wiki/Bekhruz_Karimov
1105,43,UZB,Uzbekistan,K,AFC,,MF,Akmal Mozgovoy,1999-04-02,27,23,1,False,Pakhtakor Tashkent,Uzbekistan,Uzbekistan Super League,180,,,11,,,0,,,,,,UAE Pro League (Baniyas),,,,174,13,low,2025-26 apps recorded at Baniyas (UAE); joined Pakhtakor for 2026,https://en.wikipedia.org/wiki/Akmal_Mozgovoy
1106,43,UZB,Uzbekistan,K,AFC,,MF,Otabek Shukurov,1996-06-22,29,86,9,False,Baniyas,United Arab Emirates,UAE Pro League,182,,,,,,0,,,,,,UAE Pro League,,,,285,22,low,Joined Baniyas Oct 2025,https://en.wikipedia.org/wiki/Otabek_Shukurov
1107,43,UZB,Uzbekistan,K,AFC,,MF,Jamshid Iskanderov,1993-10-16,32,42,4,False,Neftchi Fergana,Uzbekistan,Uzbekistan Super League,168,,,17,,,3,,,,,,Uzbekistan Super League,,,,277,45,medium,,https://en.wikipedia.org/wiki/Jamshid_Iskanderov
1108,43,UZB,Uzbekistan,K,AFC,,MF,Odiljon Hamrobekov,1996-02-13,30,71,1,False,Tractor,Iran,Persian Gulf Pro League,178,,,19,,,0,,,,,,Persian Gulf Pro League (and continental),,,,232,4,medium,,https://en.wikipedia.org/wiki/Odiljon_Hamrobekov
1109,43,UZB,Uzbekistan,K,AFC,,MF,Jaloliddin Masharipov,1993-09-01,32,73,12,False,Esteghlal,Iran,Persian Gulf Pro League,173,,,2,,,0,0,,,,,"Persian Gulf Pro League, Hazfi Cup",,,,366,53,medium,Limited 2025-26 minutes; cruciate ligament injury reported,https://en.wikipedia.org/wiki/Jaloliddin_Masharipov ; https://www.livescore.com/en/season-stats/jaloliddin-masharipov/32445/
1110,43,UZB,Uzbekistan,K,AFC,,MF,Oston Urunov,2000-12-19,25,42,10,False,Persepolis,Iran,Persian Gulf Pro League,181,,,21,,,3,,,,,,"Persian Gulf Pro League, Hazfi Cup",,,,209,33,medium,,https://en.wikipedia.org/wiki/Oston_Urunov ; https://www.fotmob.com/players/1057486/oston-urunov
1111,43,UZB,Uzbekistan,K,AFC,,MF,Dostonbek Khamdamov,1996-07-24,29,35,5,False,Pakhtakor Tashkent,Uzbekistan,Uzbekistan Super League,178,,,26,,,5,,,,,,Uzbekistan Super League,,,,248,73,medium,,https://en.wikipedia.org/wiki/Dostonbek_Khamdamov ; https://www.soccerway.com/player/khamdanov-dostonbek/C6RMHH5l/
1112,43,UZB,Uzbekistan,K,AFC,,MF,Azizjon Ganiev,1998-02-22,28,22,0,False,Al Bataeh,United Arab Emirates,UAE Pro League,178,,,25,24,2150,2,3,2,0,,,UAE Pro League,,,,,,high,,https://www.fotmob.com/players/629823/azizjon-ganiev ; https://www.sofascore.com/football/player/azizjon-ganiev/793857
1113,43,UZB,Uzbekistan,K,AFC,,MF,Abbosbek Fayzullaev,2003-10-03,22,30,8,False,Istanbul Basaksehir,Turkey,Super Lig,167,,,,,,,,,,,,"Super Lig, Turkish Cup, UEFA Conference League",,,,113,18,low,"Attacking midfielder/winger, key creative player; joined Basaksehir July 2025",https://en.wikipedia.org/wiki/Abbosbek_Fayzullaev ; https://www.uzdaily.uz/en/shomurodov-and-fayzullaev-secure-win-for-istanbul-basaksehir/
1114,43,UZB,Uzbekistan,K,AFC,,MF,Sherzod Esanov,2003-02-01,23,0,0,False,Bukhara,Uzbekistan,Uzbekistan Super League,190,,,4,,,0,,,,,,Uzbekistan Super League,,,,52,4,low,Uncapped at selection,https://en.wikipedia.org/wiki/Sherzod_Esanov
1115,43,UZB,Uzbekistan,K,AFC,,FW,Eldor Shomurodov,1995-06-29,30,90,44,True,Istanbul Basaksehir,Turkey,Super Lig,190,,7000000,44,34,,23,5,,,,,"Super Lig, Turkish Cup, UEFA Conference League",,,,316,73,high,Captain and all-time top scorer (44 goals); joint Super Lig top scorer 2025-26 with 22 league goals (on loan from AS Roma),https://en.wikipedia.org/wiki/Eldor_Shomurodov ; https://www.transfermarkt.us/eldor-shomurodov/leistungsdaten/spieler/358166/saison/2025
1116,43,UZB,Uzbekistan,K,AFC,,FW,Igor Sergeev,1993-04-30,33,81,24,False,Persepolis,Iran,Persian Gulf Pro League,185,,,6,,,3,,,,,,Persian Gulf Pro League (Persepolis); Uzbekistan Super League (Pakhtakor),,,,317,153,medium,"Joined Persepolis Jan 2026; spent first half of 2025-26 at Pakhtakor (29 apps, 20 goals; 2025 league top scorer)",https://en.wikipedia.org/wiki/Igor_Sergeev ; https://www.tehrantimes.com/news/522487/Igor-Sergeev-officially-joins-Persepolis
1117,43,UZB,Uzbekistan,K,AFC,,FW,Azizbek Amonov,1997-10-30,28,11,2,False,Bukhara,Uzbekistan,Uzbekistan Super League,174,,,14,,,0,,,,,,"Uzbekistan Super League, Uzbekistan Cup",,,,159,27,low,,https://en.wikipedia.org/wiki/Azizbek_Amonov
1118,44,COL,Colombia,K,CONMEBOL,1,GK,David Ospina,1988-08-31,37,130,0,False,Atlético Nacional,Colombia,Categoría Primera A,183,Left,400000,10,10,900,0,0,,,6,5,Categoría Primera A,,,,,0,medium,"Veteran starter, most-capped Colombia player",https://www.livescore.com/en/season-stats/david-ospina/16563/ ; https://footystats.org/players/colombia/david-ospina-ramirez ; https://en.wikipedia.org/wiki/David_Ospina
1119,44,COL,Colombia,K,CONMEBOL,2,DF,Daniel Muñoz,1996-05-26,30,45,3,False,Crystal Palace,England,Premier League,178,Right,30000000,46,,,5,2,6,,,,"Premier League, UEFA Conference League, FA Cup, Community Shield",,,,312,34,high,Regular starter at right-back/wing-back,https://en.wikipedia.org/wiki/Daniel_Mu%C3%B1oz_(footballer) ; https://www.premierleague.com/en/players/247348/daniel-munoz/overview ; https://www.transfermarkt.us/daniel-munoz/leistungsdaten/spieler/493003
1120,44,COL,Colombia,K,CONMEBOL,3,DF,Jhon Lucumí,1998-06-26,27,36,1,False,Bologna,Italy,Serie A,185,Left,28000000,28,25,2197,1,0,5,,,,Serie A (league only),,,,,,high,Regular starter at centre-back,https://www.flashscoreusa.com/player/lucumi-jhon/O8NaVz3G/ ; https://en.wikipedia.org/wiki/Jhon_Lucum%C3%AD ; https://www.transfermarkt.us/jhon-lucumi/leistungsdaten/spieler/413565
1121,44,COL,Colombia,K,CONMEBOL,4,DF,Santiago Arias,1992-01-13,34,67,0,False,Independiente,Argentina,Primera División,178,Right,800000,12,,824,0,2,1,,,,Liga Profesional Argentina (2026 Apertura),,,,,,medium,Experienced right-back,https://www.fotmob.com/players/207642/santiago-arias ; https://en.wikipedia.org/wiki/Santiago_Arias ; https://www.flashscoreusa.com/player/arias-santiago/82iJTw7N/
1122,44,COL,Colombia,K,CONMEBOL,5,MF,Kevin Castaño,2000-09-29,25,25,0,False,River Plate,Argentina,Primera División,183,Right,9000000,,,843,0,1,,,,,Liga Profesional Argentina,,,,,,low,Defensive midfielder,https://www.livescore.com/en/season-stats/kevin-castano/33799/ ; https://scoutingstats.ai/player/kevin-castano-37546144/ ; https://www.transfermarkt.us/kevin-castano/profil/spieler/857948
1123,44,COL,Colombia,K,CONMEBOL,6,MF,Richard Ríos,2000-06-02,26,31,2,False,Benfica,Portugal,Primeira Liga,178,Right,35000000,,,,6,6,,,,,"Primeira Liga, UEFA Champions League, Taça de Portugal, Taça da Liga",,,,,,medium,Key central midfielder,https://www.livescore.com/en/season-stats/richard-rios/44865/ ; https://www.uefa.com/uefachampionsleague/clubs/players/250194566--richard-rios/statistics/ ; https://www.transfermarkt.us/richard-rios/leistungsdaten/spieler/735573
1124,44,COL,Colombia,K,CONMEBOL,7,FW,Luis Díaz,1997-01-13,29,73,22,False,Bayern Munich,Germany,Bundesliga,178,Left,70000000,32,,,15,14,,,,,"Bundesliga, UEFA Champions League, DFB-Pokal",,,,,,high,"Star winger, key creative and goal threat",https://www.bundesliga.com/en/player/luis-diaz ; https://www.transfermarkt.us/luis-diaz/leistungsdaten/spieler/480692 ; https://www.uefa.com/uefachampionsleague/clubs/players/250132811--luis-diaz/statistics/
1125,44,COL,Colombia,K,CONMEBOL,8,MF,Jorge Carrascal,1998-05-25,28,23,2,False,Flamengo,Brazil,Série A,178,Left,12000000,,,616,2,1,1,2,,,Série A (2026 season),,,,,,medium,Attacking midfielder,https://www.livescore.com/en/season-stats/jorge-carrascal/9990/ ; https://www.transfermarkt.us/jorge-carrascal/leistungsdaten/spieler/354145 ; https://www.sofascore.com/football/player/jorge-carrascal/590392
1126,44,COL,Colombia,K,CONMEBOL,9,FW,Jhon Córdoba,1993-05-11,33,21,6,False,Krasnodar,Russia,Russian Premier League,188,Right,12000000,,,2484,17,6,4,2,,,Russian Premier League (league only),,,,,,high,"Target-man striker, 2025-26 RPL top scorer",https://www.fotmob.com/players/291425/jhon-cordoba ; https://en.wikipedia.org/wiki/Jhon_C%C3%B3rdoba ; https://www.transfermarkt.us/jhon-cordoba/leistungsdaten/spieler/185245
1127,44,COL,Colombia,K,CONMEBOL,10,MF,James Rodríguez,1991-07-12,34,125,31,True,Minnesota United,United States,Major League Soccer,181,Left,4000000,20,,,3,,,,,,"Liga MX (León, 14 apps 3 goals), MLS (Minnesota United, 6 apps 0 goals)",,,,556,136,high,"Captain and playmaker; 2025 at Club León, joined Minnesota United Feb 2026",https://en.wikipedia.org/wiki/James_Rodr%C3%ADguez ; https://www.flashscoreusa.com/player/rodriguez-james/MPaioN57/ ; https://www.transfermarkt.us/james-rodriguez/leistungsdaten/spieler/88103
1128,44,COL,Colombia,K,CONMEBOL,11,MF,Jhon Arias,1997-09-21,28,37,4,False,Palmeiras,Brazil,Série A,173,Right,22000000,,,1016,3,0,4,,,,"Série A (Palmeiras, 2026); previously Premier League (Wolverhampton)",,,,,,medium,"Wide attacking midfielder; at Wolverhampton H2 2025, joined Palmeiras Feb 2026",https://www.livescore.com/en/season-stats/jhon-arias/5518/ ; https://en.wikipedia.org/wiki/Jhon_Arias_(footballer) ; https://www.transfermarkt.us/jhon-arias/profil/spieler/588989
1129,44,COL,Colombia,K,CONMEBOL,12,GK,Camilo Vargas,1989-03-09,37,41,0,False,Atlas,Mexico,Liga MX,182,Right,450000,,,1620,0,0,,,,,Liga MX (Apertura + Clausura),,,,,0,low,First-choice goalkeeper,https://www.fotmob.com/players/50207/camilo-vargas ; https://www.transfermarkt.us/camilo-vargas/leistungsdaten/spieler/74113 ; https://www.sofascore.com/player/camilo-vargas/125787
1130,44,COL,Colombia,K,CONMEBOL,13,DF,Yerry Mina,1994-09-23,31,53,8,False,Cagliari,Italy,Serie A,195,Right,4000000,26,26,2155,2,1,2,1,7,,Serie A (league only),,,,,,high,Experienced centre-back,https://www.livescore.com/en/season-stats/yerry-mina/33645/ ; https://footystats.org/players/colombia/yerry-mina ; https://www.transfermarkt.us/yerry-mina/leistungsdaten/spieler/289446
1131,44,COL,Colombia,K,CONMEBOL,14,DF,Gustavo Puerta,2003-07-23,22,5,1,False,Racing Santander,Spain,Segunda División,183,Right,4000000,32,,2669,3,1,,,,,Segunda División (LaLiga2),,,,,,high,"Midfielder, regular starter in Segunda División",https://www.livescore.com/en/season-stats/gustavo-puerta/61851/ ; https://en.wikipedia.org/wiki/Gustavo_Puerta ; https://www.transfermarkt.us/gustavo-puerta/profil/spieler/936981
1132,44,COL,Colombia,K,CONMEBOL,15,MF,Juan Portilla,1998-09-12,27,9,0,False,Athletico Paranaense,Brazil,Série A,,Right,3000000,17,12,,,,,,,,Série A / Campeonato Paranaense (2026),,,,,,low,Defensive midfielder; joined Athletico-PR Jan 2026 from Talleres,https://www.transfermarkt.us/juan-portilla/profil/spieler/585747 ; https://www.bemparana.com.br/esportes/atletico-paranaense/portilla-pode-perder-a-vaga-no-athletico-odair-explica/ ; https://www.espn.com/soccer/player/_/id/94976/juan-portilla
1133,44,COL,Colombia,K,CONMEBOL,16,MF,Jefferson Lerma,1994-10-25,31,64,5,False,Crystal Palace,England,Premier League,179,Right,14000000,26,,1724,0,2,7,,,,"Premier League (league figures); also UEFA Conference League, FA Cup, Community Shield",,,,,,high,"Defensive midfielder, regular starter",https://www.flashscore.co.uk/player/lerma-jefferson/Es8aeBs4/ ; https://www.premierleague.com/en/players/152551/jefferson-lerma/stats ; https://www.transfermarkt.us/jefferson-lerma/leistungsdaten/spieler/262980
1134,44,COL,Colombia,K,CONMEBOL,17,DF,Johan Mojica,1992-08-21,33,44,1,False,Mallorca,Spain,La Liga,185,Left,3000000,35,30,2724,0,4,6,1,,,La Liga (league only),,,,,,high,Left-back,https://www.livescore.com/en/season-stats/johan-mojica/19025/ ; https://fbref.com/en/players/608f2092/Johan-Mojica ; https://www.espn.com/soccer/player/stats/_/id/173247/johan-mojica
1135,44,COL,Colombia,K,CONMEBOL,18,DF,Willer Ditta,1998-01-23,28,4,0,False,Cruz Azul,Mexico,Liga MX,186,Right,5000000,38,,,1,2,11,0,10,41,Liga MX (Apertura + Clausura),,,,,,high,"Centre-back, regular starter",https://footystats.org/players/colombia/willer-emilio-ditta-perez ; https://www.espn.com/soccer/player/stats/_/id/270229/willer-ditta ; https://www.fotmob.com/players/965205/willer-ditta
1136,44,COL,Colombia,K,CONMEBOL,19,FW,Cucho Hernández,1999-04-20,27,8,2,False,Real Betis,Spain,La Liga,175,Left,15000000,32,,2594,11,3,5,,,,"La Liga, UEFA Europa League, Copa del Rey",,,,,,high,"Forward, leading scorer for Betis",https://www.sportbusy.com/players/soccer/336809/ ; https://www.espn.com/soccer/player/_/id/336809/cucho-hernandez ; https://www.transfermarkt.us/cucho/leistungsdaten/spieler/459463
1137,44,COL,Colombia,K,CONMEBOL,20,MF,Juan Fernando Quintero,1993-01-18,33,48,6,False,River Plate,Argentina,Primera División,169,Left,5000000,,,,,,,,,,"Liga Profesional Argentina, Copa Libertadores",,,,,,low,Creative midfielder,https://www.livescore.com/en/season-stats/juan-fernando-quintero/24685/ ; https://www.transfermarkt.us/juan-fernando-quintero/leistungsdaten/spieler/122582 ; https://www.flashscore.com/player/quintero-juan/SQPKfPk1/
1138,44,COL,Colombia,K,CONMEBOL,21,FW,Jaminton Campaz,2000-05-24,26,9,1,False,Rosario Central,Argentina,Primera División,,Right,5000000,,,151,0,1,,,,,Liga Profesional Argentina (2026 Apertura),,,,,,low,Left winger,https://www.livescore.com/en/season-stats/jaminton-campaz/47415/ ; https://www.fotmob.com/players/837870/jaminton-campaz ; https://www.transfermarkt.co.uk/jaminton-campaz/leistungsdaten/spieler/491553
1139,44,COL,Colombia,K,CONMEBOL,22,DF,Deiver Machado,1993-09-02,32,15,0,False,Nantes,France,Ligue 1,175,Left,2500000,14,,1186,0,1,3,,2,,Ligue 1 (league only),,,,,,medium,Left-back; joined Nantes Dec 2025,https://www.fotmob.com/players/578756/deiver-machado ; https://ligue1.com/en/player-sheet/l1_championship_player_2025_12_91746/statistics ; https://www.transfermarkt.us/deiver-machado/profil/spieler/332560
1140,44,COL,Colombia,K,CONMEBOL,23,DF,Davinson Sánchez,1996-06-12,29,78,4,False,Galatasaray,Turkey,Süper Lig,187,Right,16000000,37,,4189,2,0,,,,,"Süper Lig, UEFA Champions League, Turkish Cup",,,,,,medium,"Centre-back, regular starter",https://www.livescore.com/en/season-stats/davinson-sanchez/26059/ ; https://www.transfermarkt.us/davinson-sanchez/leistungsdaten/spieler/341429/saison/2025 ; https://www.fctables.com/players/davinson_sanchez-226708/
1141,44,COL,Colombia,K,CONMEBOL,24,GK,Álvaro Montero,1995-03-29,31,11,0,False,Vélez Sarsfield,Argentina,Primera División,190,Right,2500000,17,17,,0,0,,,7,,Liga Profesional Argentina (2026 Apertura),,,,,0,medium,Backup goalkeeper; on loan at Vélez from Millonarios,https://www.livescore.com/en/season-stats/alvaro-montero/33694/ ; https://theanalyst.com/players/10636/alvaro-montero ; https://www.transfermarkt.us/alvaro-montero/leistungsdaten/spieler/292985
1142,44,COL,Colombia,K,CONMEBOL,25,FW,Luis Suárez,1997-12-02,28,11,5,False,Sporting CP,Portugal,Primeira Liga,184,Right,30000000,53,,,38,,,,,,"Primeira Liga, UEFA Champions League, Taça de Portugal, Taça da Liga, Supertaça",,,,371,139,high,Striker; 2025-26 Primeira Liga top scorer (28 league goals),"https://en.wikipedia.org/wiki/Luis_Su%C3%A1rez_(footballer,_born_1997) ; https://www.livescore.com/en/season-stats/luis-suarez/26759/ ; https://www.uefa.com/uefachampionsleague/clubs/players/250147458--luis-suarez/statistics/"
1143,44,COL,Colombia,K,CONMEBOL,26,FW,Andrés Gómez,2002-09-12,23,7,2,False,Vasco da Gama,Brazil,Série A,,Left,8000000,,15,1322,3,1,6,,,,Série A (2026 season),,,,,,medium,Left winger; on loan then permanent at Vasco (Jan 2026),https://www.fotmob.com/players/1353421/andres-gomez ; https://www.transfermarkt.us/andres-gomez/leistungsdaten/spieler/957461 ; https://www.sofascore.com/football/player/andres-gomez/1160386
1144,45,ENG,England,L,UEFA,1,GK,Jordan Pickford,1994-03-07,32,83,0,False,Everton,England,Premier League,185,Right,,38,38,3420,0,0,4,0,11,45,Premier League,,,,514,0,high,England's established No. 1 with consistent shot-stopping,https://www.premierleague.com/en/players/111234/jordan-pickford/stats ; https://en.wikipedia.org/wiki/Jordan_Pickford
1145,45,ENG,England,L,UEFA,2,DF,Ezri Konsa,1997-10-23,28,18,0,False,Aston Villa,England,Premier League,183,Right,,48,,,2,,1,1,,,"Premier League, UEFA Europa League, FA Cup, EFL Cup",,,,419,13,high,Valued for versatility at right-back and centre-back,https://www.livescore.com/en/season-stats/ezri-konsa/30507/ ; https://en.wikipedia.org/wiki/Ezri_Konsa
1146,45,ENG,England,L,UEFA,3,DF,Nico O'Reilly,2005-03-13,21,3,0,False,Manchester City,England,Premier League,185,Left,,34,,2649,5,3,,,,,Premier League,,,,,,high,Breakout Premier League performer with tactical flexibility; PL Young Player of the Season 2025/26,https://www.fotmob.com/players/1300526/nico-oreilly ; https://en.wikipedia.org/wiki/Nico_O'Reilly
1147,45,ENG,England,L,UEFA,4,MF,Declan Rice,1999-01-14,27,72,5,False,Arsenal,England,Premier League,185,Right,,55,,,5,7,,,,,"Premier League, UEFA Champions League, FA Cup, EFL Cup",,,,313,25,high,Arguably England's most important player; crucial midfielder,https://en.wikipedia.org/wiki/Declan_Rice ; https://www.sportbusy.com/players/soccer/238262/
1148,45,ENG,England,L,UEFA,5,DF,John Stones,1994-05-28,32,87,3,False,Manchester City,England,Premier League,188,Right,,9,,439,0,0,,,,,"Premier League, UEFA Champions League, FA Cup, EFL Cup",,,,281,11,high,Defensive linchpin with elite ball progression; fitness concerns,https://www.fotmob.com/players/263653/john-stones ; https://en.wikipedia.org/wiki/John_Stones
1149,45,ENG,England,L,UEFA,6,DF,Marc Guéhi,2000-07-13,25,27,0,False,Manchester City,England,Premier League,182,Right,,,,3150,3,3,6,,,,Premier League (Crystal Palace then Manchester City from Jan 2026),,,,,,medium,Made seamless transition from Crystal Palace in January,https://www.fotmob.com/players/844425/marc-guehi ; https://en.wikipedia.org/wiki/Marc_Gu%C3%A9hi
1150,45,ENG,England,L,UEFA,7,FW,Bukayo Saka,2001-09-05,24,48,12,False,Arsenal,England,Premier League,178,Left,,49,,,11,6,,,,,"Premier League, UEFA Champions League, FA Cup, EFL Cup",,,,316,82,high,Undisputed starter; squad leader despite inconsistent season,https://en.wikipedia.org/wiki/Bukayo_Saka ; https://www.premierleague.com/en/players/223340/bukayo-saka/stats
1151,45,ENG,England,L,UEFA,8,MF,Elliot Anderson,2002-11-06,23,7,0,False,Nottingham Forest,England,Premier League,178,Right,,38,37,3334,4,4,8,0,,,Premier League,,,,,,high,"Energetic, aggressive Tuchel-style midfielder",https://www.premierleague.com/en/players/215379/elliot-anderson/stats ; https://www.sportbusy.com/players/soccer/238472/
1152,45,ENG,England,L,UEFA,9,FW,Harry Kane,1993-07-28,32,112,74,True,Bayern Munich,Germany,Bundesliga,188,Right,,31,,,36,5,,,,,"Bundesliga (31 apps, 36 goals); also UEFA Champions League, DFB-Pokal",,,,411,311,high,Captain and all-time record goalscorer; 36 goals in 31 Bundesliga games,https://www.bundesliga.com/en/player/harry-kane ; https://en.wikipedia.org/wiki/Harry_Kane
1153,45,ENG,England,L,UEFA,10,MF,Jude Bellingham,2003-06-29,22,46,9,False,Real Madrid,Spain,La Liga,186,Right,,40,,,8,,3,0,,,"La Liga, UEFA Champions League, Copa del Rey, Supercopa",,,,,,high,One of England's biggest stars despite indifferent form and injury concerns; recovered from July 2025 shoulder surgery,https://en.wikipedia.org/wiki/Jude_Bellingham ; https://www.sportbusy.com/players/soccer/291281/
1154,45,ENG,England,L,UEFA,11,FW,Marcus Rashford,1997-10-31,28,70,17,False,Barcelona,Spain,La Liga,185,Right,,,,2288,12,10,3,0,,,"La Liga (32 apps, 8 goals), UEFA Champions League, Copa del Rey",,,,329,97,high,Revitalized at Barcelona this season,https://www.fotmob.com/players/696365/marcus-rashford ; https://en.wikipedia.org/wiki/Marcus_Rashford
1155,45,ENG,England,L,UEFA,12,DF,Tino Livramento,2002-11-12,23,5,0,False,Newcastle United,England,Premier League,178,Right,,31,,1327,0,1,,,,,"Premier League, UEFA Champions League, FA Cup, EFL Cup",,,,,,high,Reliable performer; recently recovered from thigh injury,https://www.premierleague.com/en/players/441191/tino-livramento/stats ; https://www.transfermarkt.us/tino-livramento/leistungsdaten/spieler/503981
1156,45,ENG,England,L,UEFA,13,GK,Dean Henderson,1997-03-12,29,4,0,False,Crystal Palace,England,Premier League,188,Right,,37,37,3330,0,0,5,0,10,48,Premier League,,,,,0,high,Primary backup keeper after impressive season at Selhurst Park,https://www.premierleague.com/en/players/172649/dean-henderson/stats ; https://en.wikipedia.org/wiki/Dean_Henderson
1157,45,ENG,England,L,UEFA,14,MF,Jordan Henderson,1990-06-17,35,89,3,False,Brentford,England,Premier League,182,Right,,31,21,1863,1,3,5,0,,,Premier League,,,,,,high,Brought back for tournament experience; record-equalling fourth World Cup,https://www.premierleague.com/en/players/56979/jordan-henderson/stats ; https://theanalyst.com/players/6468/jordan-henderson
1158,45,ENG,England,L,UEFA,15,DF,Dan Burn,1992-05-09,34,6,1,False,Newcastle United,England,Premier League,201,Left,,44,,,2,,11,1,,,"Premier League, UEFA Champions League, FA Cup, EFL Cup",,,,461,16,high,Commanding aerial presence; started six of seven Euro 2024 games,https://www.transfermarkt.us/dan-burn/leistungsdaten/spieler/134270 ; https://en.wikipedia.org/wiki/Dan_Burn
1159,45,ENG,England,L,UEFA,16,MF,Kobbie Mainoo,2005-04-19,21,12,0,False,Manchester United,England,Premier League,175,Right,,28,16,,1,2,2,0,,,"Premier League, FA Cup, EFL Cup",,,,,,high,Revitalized under Michael Carrick; forced way back into squad,https://www.sportbusy.com/players/soccer/328466/ ; https://www.fotmob.com/players/1292810/kobbie-mainoo
1160,45,ENG,England,L,UEFA,17,MF,Morgan Rogers,2002-07-26,23,13,0,False,Aston Villa,England,Premier League,185,Right,,37,30,3285,10,6,,,,,Premier League (league figures; also scored in UEFA Europa League final),,,,,,high,Ever-present for Villa with strong goal contributions; UEFA Europa League Player of the Season,https://www.premierleague.com/en/players/244850/morgan-rogers/stats ; https://en.wikipedia.org/wiki/Morgan_Rogers
1161,45,ENG,England,L,UEFA,18,FW,Anthony Gordon,2001-02-24,25,17,0,False,Barcelona,Spain,La Liga,183,Left,,26,24,1814,6,2,3,1,,,Premier League with Newcastle United (joined Barcelona late May 2026; 2025/26 club stats are Newcastle PL),,,,,,medium,Signed by Barcelona from Newcastle in late May 2026; 2025/26 club stats are from Newcastle United,https://www.premierleague.com/en/players/232826/anthony-gordon/stats ; https://www.flickstat.com/player/anthony-gordon
1162,45,ENG,England,L,UEFA,19,FW,Ollie Watkins,1995-12-30,30,20,6,False,Aston Villa,England,Premier League,180,Right,,55,,,21,2,3,0,,,"Premier League (35 apps, 12 goals), UEFA Europa League, FA Cup, EFL Cup",,,,524,193,high,Elite backup striker with top-level work rate and fitness,https://en.wikipedia.org/wiki/Ollie_Watkins ; https://www.sportbusy.com/players/soccer/198825/
1163,45,ENG,England,L,UEFA,20,FW,Noni Madueke,2002-03-10,24,10,0,False,Arsenal,England,Premier League,180,Right,,16,,1217,3,1,0,0,,,"Premier League (16 apps, 3 goals); also UEFA Champions League",,,,,,high,Premier League champion; selection a surprise given limited output,https://www.premierleague.com/en/players/248857/noni-madueke/stats ; https://www.sportbusy.com/players/soccer/293236/
1164,45,ENG,England,L,UEFA,21,MF,Eberechi Eze,1998-06-29,27,16,0,False,Arsenal,England,Premier League,178,Right,,,,,7,2,1,0,,,"Premier League (32 apps, 7 goals); also UEFA Champions League",,,,303,66,high,Premier League champion; in pole position for No. 10 role,https://en.wikipedia.org/wiki/Eberechi_Eze ; https://www.sportbusy.com/players/soccer/251400/
1165,45,ENG,England,L,UEFA,22,FW,Ivan Toney,1996-03-16,30,7,1,False,Al-Ahli,Saudi Arabia,Saudi Pro League,179,Right,,49,,,42,7,4,0,,,"Saudi Pro League (32 apps, 32 goals), AFC Champions League Elite, domestic cups",,,,,,high,Surprise third-striker option after strong Saudi Pro League season,https://www.transfermarkt.us/ivan-toney/leistungsdaten/spieler/251664 ; https://en.wikipedia.org/wiki/Ivan_Toney
1166,45,ENG,England,L,UEFA,23,GK,James Trafford,2002-10-10,23,1,0,False,Manchester City,England,Premier League,196,Right,,4,4,360,0,0,0,0,1,6,Premier League,,,,,0,medium,Third-choice keeper who performed well in cup competitions,https://www.fotmob.com/players/1187213/james-trafford ; https://www.transfermarkt.us/trafford/leistungsdaten/spieler/566799/saison/2025
1167,45,ENG,England,L,UEFA,24,DF,Reece James,1999-12-08,26,22,1,False,Chelsea,England,Premier League,182,Right,,29,,1960,2,5,,,,,Premier League,,,,,,high,First choice at right-back when fit; strong both ways,https://www.premierleague.com/en/players/225796/reece-james/stats ; https://en.wikipedia.org/wiki/Reece_James
1168,45,ENG,England,L,UEFA,25,DF,Djed Spence,2000-08-09,25,4,0,False,Tottenham Hotspur,England,Premier League,184,Right,,29,,1966,0,0,4,0,,,Premier League,,,,,,high,Somewhat surprising inclusion; versatile across both flanks,https://www.premierleague.com/en/players/232859/djed-spence/stats ; https://www.fotmob.com/players/894803/djed-spence
1169,45,ENG,England,L,UEFA,26,DF,Jarell Quansah,2003-01-29,23,1,0,False,Bayer Leverkusen,Germany,Bundesliga,190,Right,,27,24,2210,3,,9,,,,Bundesliga,,,,,,high,Preferred over Harry Maguire; solid in Leverkusen's back line,https://www.bundesliga.com/en/bundesliga/player/jarell-quansah ; https://en.wikipedia.org/wiki/Jarell_Quansah
1170,46,CRO,Croatia,L,UEFA,1,GK,Dominik Livakovic,1995-01-09,31,74,0,False,Dinamo Zagreb,Croatia,HNL,188,Right,4000000,17,,,0,0,,,6,,"Prva HNL, Croatian Cup, UEFA competition",,,,493,0,medium,First-choice national team goalkeeper; rejoined Dinamo Zagreb on loan from Fenerbahce in Jan 2026,https://en.wikipedia.org/wiki/Dominik_Livakovic ; https://www.transfermarkt.us/dominik-livakovic/leistungsdaten/spieler/205927 ; https://www.footballcritic.com/dominik-livakovic/player-matches/19587/season-2025-2026/66028
1171,46,CRO,Croatia,L,UEFA,2,DF,Josip Stanisic,2000-04-02,26,30,0,False,Bayern Munich,Germany,Bundesliga,185,Right,40000000,26,,3156,2,3,,,,,"Bundesliga, UEFA Champions League, DFB-Pokal",,,,,,medium,Versatile full-back rotation option at Bayern,https://www.transfermarkt.us/josip-stanisic/leistungsdaten/spieler/483046 ; https://www.bundesliga.com/en/bundesliga/player/josip-stanisic ; https://www.uefa.com/uefachampionsleague/clubs/players/250112220--josip-stanisic/statistics/
1172,46,CRO,Croatia,L,UEFA,3,DF,Marin Pongracic,1997-09-11,28,19,0,False,Fiorentina,Italy,Serie A,193,Right,,35,33,2920,0,0,12,,,,Serie A,,,,,,high,Centre-back at Fiorentina; most yellow cards in Serie A this season,https://fbref.com/en/players/2a6cd437/Marin-Pongracic ; https://tribuna.com/en/persons/marin-pongracic/stat/2025-2026/serie-a/ ; https://www.transfermarkt.us/marin-pongracic/leistungsdaten/spieler/282144
1173,46,CRO,Croatia,L,UEFA,4,DF,Josko Gvardiol,2002-01-23,24,47,4,False,Manchester City,England,Premier League,185,Left,70000000,18,,1374,2,2,2,,5,,"Premier League, UEFA Champions League, FA Cup, EFL Cup",,,,,,medium,Regular starter at Manchester City (apps/minutes shown are Premier League),https://www.transfermarkt.us/josko-gvardiol/leistungsdaten/spieler/475959/saison/2025 ; https://www.livescore.com/en/season-stats/josko-gvardiol/28465/ ; https://www.fotmob.com/players/1070712/josko-gvardiol
1174,46,CRO,Croatia,L,UEFA,5,DF,Duje Caleta-Car,1996-09-17,29,38,1,False,Real Sociedad,Spain,La Liga,193,Right,,,,1700,1,0,4,1,,,La Liga,,,,,,medium,"Centre-back at Real Sociedad, on loan from Lyon (stats shown are La Liga)",https://www.fotmob.com/players/557799/duje-caleta-car ; https://www.transfermarkt.us/duje-caleta-car/leistungsdaten/spieler/238266
1175,46,CRO,Croatia,L,UEFA,6,DF,Josip Sutalo,2000-02-28,26,32,0,False,Ajax,Netherlands,Eredivisie,185,Right,,30,,1707,1,0,,,,,"Eredivisie, UEFA Champions League",,,,,,medium,Centre-back at Ajax (24 Eredivisie + 6 Champions League apps),https://www.livescore.com/en/season-stats/josip-sutalo/6331/ ; https://fbref.com/en/players/33a6a650/Josip-Sutalo ; https://footystats.org/players/croatia/josip-sutalo
1176,46,CRO,Croatia,L,UEFA,7,MF,Nikola Moro,1998-03-12,28,10,0,False,Bologna,Italy,Serie A,183,Right,,30,,1799,2,0,1,,,,"Serie A, UEFA Europa League",,,,,,medium,Defensive midfielder at Bologna (apps/minutes/goals shown are Serie A),https://www.livescore.com/en/season-stats/nikola-moro/9839/ ; https://fbref.com/en/players/ff579c7e/Nikola-Moro ; https://footystats.org/players/croatia/nikola-moro
1177,46,CRO,Croatia,L,UEFA,8,MF,Mateo Kovacic,1994-05-06,32,112,5,False,Manchester City,England,Premier League,178,Right,10000000,6,,,0,1,,,,,Premier League,,,,,,medium,Central midfielder at Manchester City; limited apps after returning from Achilles surgery (PL stats shown),https://www.livescore.com/en/season-stats/mateo-kovacic/29924/ ; https://www.transfermarkt.us/mateo-kovacic/leistungsdaten/spieler/51471 ; https://en.wikipedia.org/wiki/Mateo_Kovacic
1178,46,CRO,Croatia,L,UEFA,9,FW,Andrej Kramaric,1991-06-19,34,115,36,False,TSG Hoffenheim,Germany,Bundesliga,178,Right,,34,,,14,6,,,,,Bundesliga,,,,,,high,Veteran forward and key scorer at Hoffenheim; double figures for a 9th time in 10 Bundesliga seasons,https://www.bundesliga.com/en/player/andrej-kramaric ; https://www.sportbusy.com/players/soccer/139520/ ; https://fbref.com/en/players/603cb947/matchlogs/2025-2026/c20/Andrej-Kramaric-Match-Logs
1179,46,CRO,Croatia,L,UEFA,10,MF,Luka Modric,1985-09-09,40,197,28,True,AC Milan,Italy,Serie A,173,Right,3500000,34,32,2713,2,3,4,,,,"Serie A, Coppa Italia",,,,,,high,"Captain and playmaker, first season at AC Milan at age 40 (apps/minutes shown are Serie A)",https://www.transfermarkt.us/luka-modric/leistungsdaten/spieler/27992 ; https://www.sofascore.com/news/vintage-modric-elite-stats-and-ratings-in-milan-colors-at-40 ; https://www.sportbusy.com/players/soccer/76762/
1180,46,CRO,Croatia,L,UEFA,11,FW,Ante Budimir,1991-07-22,34,37,6,False,Osasuna,Spain,La Liga,191,Right,,37,35,2953,17,0,4,,,,La Liga,,,,,,high,Target-man striker at Osasuna; club top scorer and 3rd in La Liga scoring charts,https://www.fotmob.com/players/251269/ante-budimir ; https://www.espn.com/soccer/player/stats/_/id/207288/ante-budimir ; https://www.transfermarkt.us/ante-budimir/leistungsdaten/spieler/46413/saison/2025
1181,46,CRO,Croatia,L,UEFA,12,GK,Ivor Pandur,2000-03-25,26,0,0,False,Hull City,England,Championship,185,Right,,47,,,0,0,,,,,"EFL Championship, FA Cup, EFL Cup",,,,,0,low,"Backup goalkeeper, uncapped; regular starter at Hull City",https://en.wikipedia.org/wiki/Ivor_Pandur ; https://www.transfermarkt.us/ivor-pandur/profil/spieler/371013 ; https://www.soccerbase.com/players/player.sd?player_id=113860
1182,46,CRO,Croatia,L,UEFA,13,MF,Nikola Vlasic,1997-10-04,28,62,10,False,Torino,Italy,Serie A,178,Right,,34,,2785,8,3,7,0,,,Serie A,,,,,,high,Attacking midfielder at Torino; team's main creative threat (Serie A stats shown),https://www.livescore.com/en/season-stats/nikola-vlasic/29263/ ; https://footystats.org/players/croatia/nikola-vlasic ; https://www.fotmob.com/players/557677/nikola-vlasic
1183,46,CRO,Croatia,L,UEFA,14,FW,Ivan Perisic,1989-02-02,37,153,38,False,PSV Eindhoven,Netherlands,Eredivisie,185,Both,1200000,25,25,2218,7,12,5,,,,Eredivisie,,,,,,medium,"Veteran winger, strong creative contributor at PSV (Eredivisie stats shown)",https://www.fotmob.com/players/163670/ivan-perisic ; https://www.transfermarkt.us/ivan-perisic/leistungsdaten/spieler/42460 ; https://eredivisie.com/clubs/psv/players/ivan-perisic/
1184,46,CRO,Croatia,L,UEFA,15,MF,Mario Pasalic,1995-02-09,31,84,11,False,Atalanta,Italy,Serie A,188,Right,,28,,1685,3,4,2,0,,,Serie A,,,,,,high,Box-to-box midfielder at Atalanta (Serie A stats shown),https://www.livescore.com/en/season-stats/mario-pasalic/15664/ ; https://fbref.com/en/players/e599253a/Mario-Pasalic ; https://www.sofascore.com/football/player/mario-pasalic/190437
1185,46,CRO,Croatia,L,UEFA,16,MF,Martin Baturina,2003-02-16,23,18,1,False,Como,Italy,Serie A,173,Right,,29,,1569,6,3,,,,,Serie A,,,,,,high,Young attacking midfielder at Como; 3rd in squad scoring (Serie A stats shown),https://tribuna.com/en/persons/martin-baturina/stat/2025-2026/serie-a/ ; https://footystats.org/players/croatia/martin-baturina ; https://www.fotmob.com/en-GB/players/1215064/martin-baturina
1186,46,CRO,Croatia,L,UEFA,17,MF,Petar Sucic,2003-10-25,22,16,1,False,Inter Milan,Italy,Serie A,183,Left,,,,1765,2,2,5,,,,Serie A,,,,,,medium,"Young midfielder at Inter Milan, first season in Serie A (Serie A stats shown)",https://www.fotmob.com/players/1382000/petar-sucic ; https://www.transfermarkt.us/petar-sucic/leistungsdaten/spieler/668207 ; https://www.livescore.com/en/season-stats/petar-sucic/51007/
1187,46,CRO,Croatia,L,UEFA,18,DF,Kristijan Jakic,1997-05-14,29,17,2,False,FC Augsburg,Germany,Bundesliga,180,Right,,26,,1469,2,1,4,,,,Bundesliga,,,,,,high,Versatile defender/midfielder at Augsburg (Bundesliga stats shown),https://www.bundesliga.com/en/player/kristijan-jakic ; https://fbref.com/en/players/a8ee54ad/Kristijan-Jakic ; https://www.fotmob.com/players/643448/kristijan-jakic
1188,46,CRO,Croatia,L,UEFA,19,MF,Toni Fruk,2001-03-09,25,7,1,False,Rijeka,Croatia,HNL,178,Right,,,,2130,12,3,,,,,Prva HNL,,,,,,medium,Attacking midfielder at Rijeka; left-footed despite right listing per FotMob (HNL stats shown),https://www.fotmob.com/players/1300358/toni-fruk ; https://www.transfermarkt.us/toni-fruk/leistungsdaten/spieler/432758/saison/2025/plus/1 ; https://en.wikipedia.org/wiki/Toni_Fruk
1189,46,CRO,Croatia,L,UEFA,20,FW,Igor Matanovic,2003-03-31,23,8,2,False,SC Freiburg,Germany,Bundesliga,193,Right,,,,1561,11,2,,,,,Bundesliga,,,,,,medium,"Young forward at Freiburg, breakout scoring season (Bundesliga stats shown)",https://www.bundesliga.com/en/bundesliga/player/igor-matanovic ; https://www.fotmob.com/players/1210893/igor-matanovic ; https://www.kicker.de/igor-matanovic-2/spieler
1190,46,CRO,Croatia,L,UEFA,21,MF,Luka Sucic,2002-09-08,23,20,1,False,Real Sociedad,Spain,La Liga,185,Right,,,,1018,3,1,1,,,,La Liga,,,,,,medium,Midfielder at Real Sociedad (La Liga stats shown),https://www.fotmob.com/players/959597/luka-sucic ; https://www.livescore.com/en/season-stats/luka-sucic/6483/ ; https://www.footballcritic.com/luka-sucic/player-matches/274572/season-2025-2026/69145
1191,46,CRO,Croatia,L,UEFA,22,DF,Luka Vuskovic,2007-02-24,19,5,1,False,Hamburger SV,Germany,Bundesliga,193,Right,,28,27,2442,6,0,6,,,,Bundesliga,,,,,,high,"Teenage centre-back prospect; named in 2025-26 Bundesliga Team of the Season, highest-scoring defender (on loan from Tottenham)",https://www.bundesliga.com/en/player/luka-vuskovic ; https://www.livescore.com/en/season-stats/luka-vuskovic/63253/ ; https://theanalyst.com/players/5816/luka-vuskovic
1192,46,CRO,Croatia,L,UEFA,23,GK,Dominik Kotarski,2000-02-10,26,4,0,False,Copenhagen,Denmark,Danish Superliga,191,Right,,30,,,0,0,,,4,,"Danish Superliga, UEFA Champions League",,,,,0,medium,Backup goalkeeper; first-choice keeper at Copenhagen (22 Superliga + 8 Champions League apps; clean sheets are Superliga),https://www.livescore.com/en/season-stats/dominik-kotarski/31409/ ; https://www.uefa.com/uefachampionsleague/clubs/players/250096795--dominik-kotarski/ ; https://fbref.com/en/players/b298716e/Dominik-Kotarski
1193,46,CRO,Croatia,L,UEFA,24,FW,Marco Pasalic,2000-09-14,25,14,1,False,Orlando City,United States,MLS,178,Left,,33,32,2593,11,4,,,,,MLS,,,,,,high,"Winger at Orlando City; 2025 MLS All-Star, instant impact in debut season (2025 MLS regular season stats shown)",https://www.orlandocitysc.com/players/marco-pasalic/ ; https://themaneland.com/2025/11/14/2025-orlando-city-season-in-review-marco-pasalic/ ; https://www.mlssoccer.com/players/marco-pasalic/
1194,46,CRO,Croatia,L,UEFA,25,DF,Martin Erlic,1998-01-24,28,12,1,False,Midtjylland,Denmark,Danish Superliga,193,Right,,26,,2092,5,0,5,1,,,"Danish Superliga, UEFA Europa League",,,,,,medium,Centre-back at Midtjylland (18 Superliga + 8 Europa League apps; cards are Superliga),https://www.livescore.com/en/season-stats/martin-erlic/17157/ ; https://footystats.org/players/croatia/martin-erlic ; https://www.uefa.com/uefaeuropaleague/clubs/players/250081634--martin-erlic/
1195,46,CRO,Croatia,L,UEFA,26,FW,Petar Musa,1998-03-04,28,11,1,False,FC Dallas,United States,MLS,191,Right,,,,,18,,,,,,MLS,,,,,,medium,Striker at FC Dallas; team top scorer with 18 goals in 2025 MLS season,https://www.livescore.com/en/season-stats/petar-musa/21038/ ; https://www.mlssoccer.com/players/petar-musa/ ; https://www.fcdallas.com/players/petar-musa/stats/
1196,47,GHA,Ghana,L,CAF,1,GK,Lawrence Ati-Zigi,1996-11-29,29,29,0,False,FC St. Gallen,Switzerland,Swiss Super League,188,,2500000,33,,,0,,1,,8,43,"Swiss Super League, Swiss Cup, UEFA competitions",,,,281,0,medium,,https://en.wikipedia.org/wiki/Lawrence_Ati-Zigi ; https://www.fotmob.com/players/615411/lawrence-ati-zigi
1197,47,GHA,Ghana,L,CAF,2,DF,Alidu Seidu,2000-06-04,26,24,1,False,Stade Rennais FC,France,Ligue 1,173,,6000000,15,,815,0,1,,,,,Ligue 1,,,,125,0,medium,,https://en.wikipedia.org/wiki/Alidu_Seidu ; https://fbref.com/en/players/cea59f02/Alidu-Seidu ; https://www.transfermarkt.us/alidu-seidu/leistungsdaten/spieler/798404
1198,47,GHA,Ghana,L,CAF,3,MF,Caleb Yirenkyi,2006-01-15,20,11,1,False,FC Nordsjælland,Denmark,Danish Superliga,182,,,34,,,2,,,,,,"Danish Superliga, Danish Cup",,,,47,4,high,Danish Superliga Young Player of the Year 2025-26,https://en.wikipedia.org/wiki/Caleb_Yirenkyi
1199,47,GHA,Ghana,L,CAF,4,DF,Jonas Adjetey,2003-12-13,22,10,0,False,VfL Wolfsburg,Germany,Bundesliga,188,,,4,,,0,,,,,,Bundesliga,,,,110,0,medium,Signed for VfL Wolfsburg in February 2026; 2025-26 club apps split with FC Basel,https://en.wikipedia.org/wiki/Jonas_Adjetey
1200,47,GHA,Ghana,L,CAF,5,MF,Thomas Partey,1993-06-13,32,58,16,False,Villarreal CF,Spain,La Liga,185,right,15000000,32,,,0,,,,,,"La Liga, Copa del Rey, UEFA Champions League",,,,457,34,high,,https://en.wikipedia.org/wiki/Thomas_Partey ; https://www.footballtransfers.com/en/players/thomas-partey
1201,47,GHA,Ghana,L,CAF,6,DF,Abdul Mumin,1998-06-06,28,5,0,False,Rayo Vallecano,Spain,La Liga,188,,,3,,,0,,,,,,La Liga,,,,184,4,medium,Limited 2025-26 appearances after March 2025 cruciate ligament injury,https://en.wikipedia.org/wiki/Abdul_Mumin
1202,47,GHA,Ghana,L,CAF,7,FW,Abdul Fatawu Issahaku,2004-03-08,22,28,3,False,Leicester City,England,EFL Championship,177,,,44,,,9,,,,,,EFL Championship,,,,133,41,medium,,https://en.wikipedia.org/wiki/Abdul_Fatawu_Issahaku
1203,47,GHA,Ghana,L,CAF,8,MF,Kwasi Sibo,1998-06-24,27,8,0,False,Real Oviedo,Spain,La Liga,182,,,,,,,,,,,,La Liga,,,,,,low,,https://en.wikipedia.org/wiki/Kwasi_Sibo
1204,47,GHA,Ghana,L,CAF,9,FW,Jordan Ayew,1991-09-11,34,120,34,True,Leicester City,England,EFL Championship,182,,,45,,,6,,,,,,"EFL Championship, FA Cup, EFL Cup",,,,605,97,high,Equalled Ghana record for most international caps (120) on 2 June 2026,https://en.wikipedia.org/wiki/Jordan_Ayew
1205,47,GHA,Ghana,L,CAF,10,FW,Brandon Thomas-Asante,1998-12-29,27,8,1,False,Coventry City,England,EFL Championship,180,,,33,,,12,,,,,,"EFL Championship, EFL Cup",,,,294,63,high,EFL Championship Player of the Month for October 2025,https://en.wikipedia.org/wiki/Brandon_Thomas-Asante
1206,47,GHA,Ghana,L,CAF,11,MF,Antoine Semenyo,2000-01-07,26,34,3,False,Manchester City,England,Premier League,185,,80000000,27,,,11,,,,,,"Premier League, FA Cup, EFL Cup, UEFA Champions League",,,,272,59,high,Signed for Manchester City from Bournemouth in January 2026 for ~£64m; 2025-26 figures reflect his Manchester City spell,https://en.wikipedia.org/wiki/Antoine_Semenyo ; https://www.transfermarkt.us/antoine-semenyo/profil/spieler/583255
1207,47,GHA,Ghana,L,CAF,12,GK,Joseph Anang,2000-06-08,26,1,0,False,St Patrick's Athletic,Ireland,League of Ireland Premier Division,190,,,19,,,0,,,,,,League of Ireland Premier Division,,,,104,0,medium,,https://en.wikipedia.org/wiki/Joseph_Anang
1208,47,GHA,Ghana,L,CAF,13,FW,Christopher Bonsu Baah,2004-12-14,21,9,0,False,Al Qadsiah FC,Saudi Arabia,Saudi Pro League,172,left,,27,,,3,,,,,,"Saudi Pro League, King Cup",,,,101,6,medium,2025-26 club totals reflect his first season at Al-Qadsiah (joined July 2025),https://en.wikipedia.org/wiki/Christopher_Bonsu_Baah
1209,47,GHA,Ghana,L,CAF,14,DF,Gideon Mensah,1998-07-18,27,40,0,False,AJ Auxerre,France,Ligue 1,178,,,30,26,2333,0,2,8,,,,Ligue 1,8,10,16,193,0,high,,"https://en.wikipedia.org/wiki/Gideon_Mensah_(footballer,_born_1998) ; https://ligue1.com/en/player-sheet/l1_championship_player_2025_2_94516/statistics"
1210,47,GHA,Ghana,L,CAF,15,MF,Elisha Owusu,1997-11-07,28,20,0,False,AJ Auxerre,France,Ligue 1,182,,,29,,2344,0,0,,,,,Ligue 1,8,10,16,206,1,high,,https://en.wikipedia.org/wiki/Elisha_Owusu ; https://fbref.com/en/players/e2781082/Elisha-Owusu
1211,47,GHA,Ghana,L,CAF,16,GK,Benjamin Asare,1992-07-13,33,11,0,False,Accra Hearts of Oak,Ghana,Ghana Premier League,188,,,19,,,0,,,,,,Ghana Premier League,,,,,0,medium,Only home-based player in Ghana's 2026 World Cup squad; SWAG Male Home-Based Footballer of the Year 2025,https://en.wikipedia.org/wiki/Benjamin_Asare ; https://www.transfermarkt.us/benjamin-asare/profil/spieler/837368
1212,47,GHA,Ghana,L,CAF,17,DF,Abdul Rahman Baba,1994-07-02,31,51,1,False,PAOK FC,Greece,Super League Greece,180,left,,25,,1915,2,3,3,0,,,Super League Greece (plus UEFA Europa League apps),,,,233,15,medium,League-only figures shown; additional UEFA Europa League appearances not included in apps count,https://en.wikipedia.org/wiki/Abdul_Rahman_Baba ; https://www.sofascore.com/football/player/abdul-baba-rahman/239632 ; https://footystats.org/players/ghana/abdul-rahman-baba
1213,47,GHA,Ghana,L,CAF,18,DF,Jerome Opoku,1998-10-14,27,11,1,False,İstanbul Başakşehir,Turkey,Süper Lig,197,,,28,,2425,0,1,7,,,,Süper Lig,,,,206,12,medium,,https://en.wikipedia.org/wiki/Jerome_Opoku ; https://www.sofascore.com/player/inaki-williams
1214,47,GHA,Ghana,L,CAF,19,FW,Iñaki Williams,1994-06-15,31,26,2,False,Athletic Bilbao,Spain,La Liga,186,right,,39,,,4,6,2,,,,"La Liga, Copa del Rey, UEFA Champions League",,,,560,142,high,Club totals all competitions; assists (6) from La Liga only,https://en.wikipedia.org/wiki/I%C3%B1aki_Williams ; https://www.sportbusy.com/players/soccer/214412/
1215,47,GHA,Ghana,L,CAF,20,MF,Augustine Boakye,2000-11-03,25,0,0,False,AS Saint-Étienne,France,Ligue 2,178,left,,31,,2476,5,9,,,,,Ligue 2,,,,156,35,high,Saint-Étienne played in Ligue 2 in 2025-26,https://en.wikipedia.org/wiki/Augustine_Boakye ; https://www.fotmob.com/players/1211610/augustine-boakye ; https://www.playmakerstats.com/player/augustine-boakye/910685
1216,47,GHA,Ghana,L,CAF,21,DF,Kojo Peprah Oppong,2004-06-04,22,4,0,False,OGC Nice,France,Ligue 1,,,,29,28,2428,,,,,,,Ligue 1 (plus cup/European appearances),,,,,,medium,Signed for Nice ahead of 2025-26; maiden Ghana call-up October 2025,https://www.ogcnice.com/en/fiche/5432/kojo-peprah-oppong.html ; https://en.wikipedia.org/wiki/Kojo_Peprah_Oppong
1217,47,GHA,Ghana,L,CAF,22,FW,Kamaldeen Sulemana,2002-02-15,24,28,1,False,Atalanta BC,Italy,Serie A,174,,17000000,37,,,3,,,,,,"Serie A, Coppa Italia, UEFA Champions League",,,,201,27,high,Joined Atalanta July 2025,https://en.wikipedia.org/wiki/Kamaldeen_Sulemana ; https://www.transfermarkt.us/kamaldeen-sulemana/leistungsdaten/spieler/746695
1218,47,GHA,Ghana,L,CAF,23,DF,Derrick Luckassen,1995-07-03,30,1,0,False,Pafos FC,Cyprus,Cypriot First Division,188,,,46,,,6,,,,,,"Cypriot First Division, Cypriot Cup, UEFA Champions League, Cypriot Super Cup",,,,340,21,high,Switched allegiance from Netherlands youth to Ghana senior team in 2026,https://en.wikipedia.org/wiki/Derrick_Luckassen
1219,47,GHA,Ghana,L,CAF,24,FW,Ernest Nuamah,2003-11-01,22,18,4,False,Olympique Lyonnais,France,Ligue 1,178,,,3,,,0,,,,,,Ligue 1,,,,117,29,medium,Limited 2025-26 minutes recovering from April 2025 ACL rupture,https://en.wikipedia.org/wiki/Ernest_Nuamah
1220,47,GHA,Ghana,L,CAF,25,FW,Prince Kwabena Adu,2003-09-23,22,5,0,False,FC Viktoria Plzeň,Czech Republic,Czech First League,179,,,,,,,,,,,,Czech First League,,,,95,30,low,2025-26 season-specific split not isolated in available sources,https://en.wikipedia.org/wiki/Prince_Kwabena_Adu
1221,47,GHA,Ghana,L,CAF,26,DF,Marvin Senaya,2001-01-28,25,2,0,False,AJ Auxerre,France,Ligue 1,179,,,25,20,1780,1,0,5,,,,Ligue 1,8,10,16,139,3,high,Joined Auxerre July 2025,https://en.wikipedia.org/wiki/Marvin_Senaya ; https://fbref.com/en/players/1d383c10/Marvin-Senaya ; https://theanalyst.com/players/3556/marvin-senaya
1222,48,PAN,Panama,L,CONCACAF,1,GK,Luis Mejía,1991-03-16,35,56,0,False,Nacional,Uruguay,Primera División,,,,27,27,,0,0,,,8,,Primera División (Uruguay),,,,,,medium,Primary goalkeeper for Nacional; 27 apps and 8 clean sheets in the 2025 Uruguayan Primera División season.,https://en.wikipedia.org/wiki/Luis_Mej%C3%ADa ; https://www.espn.com/soccer/player/_/id/124521/luis-mejia
1223,48,PAN,Panama,L,CONCACAF,2,DF,César Blackman,1998-04-02,28,39,3,False,Slovan Bratislava,Slovakia,Slovak Super Liga,174,right,,40,,,3,,,,,,"Slovak Super Liga, Slovak Cup, UEFA Champions League/Europa League/Conference League",,,,266,10,high,"Right-back; 40 apps/3 goals across all competitions in 2025/26 (27 league apps with 2 goals, 12 European apps).",https://en.wikipedia.org/wiki/C%C3%A9sar_Blackman ; https://fbref.com/en/players/c2b11050/Cesar-Blackman
1224,48,PAN,Panama,L,CONCACAF,3,DF,José Córdoba,2001-06-03,25,32,1,False,Norwich City,England,EFL Championship,189,left,5000000,28,24,2250,1,1,,,,,EFL Championship,,,,,,high,"Centre-back; 28 Championship apps (24 starts), 1 goal, 1 assist, 2,250 minutes in 2025/26. Market value €5.0m.",https://www.espn.com/soccer/player/matches/_/id/286667/jose-cordoba ; https://www.transfermarkt.us/jose-cordoba/profil/spieler/698415
1225,48,PAN,Panama,L,CONCACAF,4,DF,Fidel Escobar,1995-01-09,31,98,4,False,Saprissa,Costa Rica,Liga FPD,,,,20,,,1,2,3,0,,,Liga FPD (Primera División),,,,,,medium,"Centre-back; 20 league apps, 1 goal, 2 assists, 3 yellows in 2025/26 Liga FPD.",https://footystats.org/players/panama/fidel-escobar-mendieta ; https://en.wikipedia.org/wiki/Fidel_Escobar
1226,48,PAN,Panama,L,CONCACAF,5,DF,Edgardo Fariña,2001-10-19,24,17,0,False,Pari Nizhny Novgorod,Russia,Russian Premier League,,,,14,,1084,0,0,,,,,Russian Premier League,,,,,,medium,"Centre-back; joined Pari NN July 2025, 14 RPL apps, 1,084 minutes, no goals/assists in 2025/26.",https://en.wikipedia.org/wiki/Edgardo_Fari%C3%B1a ; https://www.transfermarkt.us/edgardo-farina/profil/spieler/923177
1227,48,PAN,Panama,L,CONCACAF,6,MF,Cristian Martínez,1997-02-06,29,65,2,False,Ironi Kiryat Shmona,Israel,Israeli Premier League,,,,,,1853,4,0,5,,,,Israeli Premier League (Ligat Ha'al),,,,,,medium,"Defensive midfielder; 4 goals, 1,853 minutes, 5 yellows in 2025/26 Ligat Ha'al (exact appearance count unconfirmed).",https://www.sofascore.com/player/cesar-blackman/841006 ; https://www.fotmob.com/players/727101/christian-martinez
1228,48,PAN,Panama,L,CONCACAF,7,MF,José Luis Rodríguez,1998-06-19,27,69,8,False,FC Juárez,Mexico,Liga MX,,,,33,,2617,3,7,,,,,Liga MX (Apertura + Clausura),,,,,,high,"Left winger; 33 Liga MX apps, 3 goals, 7 assists, 2,617 minutes in 2025/26.",https://www.fotmob.com/players/940333/jose-luis-rodriguez ; https://www.espn.com/soccer/player/_/id/238763/jose-luis-rodriguez
1229,48,PAN,Panama,L,CONCACAF,8,MF,Adalberto Carrasquilla,1998-11-28,27,73,3,False,UNAM,Mexico,Liga MX,171,,4000000,,,,,,,,,,Liga MX (Apertura + Clausura),,,,,,low,"Central midfielder; key Pumas UNAM player, reached Clausura 2026 final (scored penalty in final). Market value €4.0m. Detailed apps/goals not verified.",https://www.transfermarkt.us/adalberto-carrasquilla/profil/spieler/375300 ; https://www.fmfstateofmind.com/unam-pumas-features/27131/cruz-azul-win-the-clausura-2026-liga-mx-title
1230,48,PAN,Panama,L,CONCACAF,9,FW,Tomás Rodríguez,1999-03-09,27,13,4,False,Saprissa,Costa Rica,Liga FPD,,,,22,,1563,6,,,,,,Liga FPD (Primera División),,,,,,medium,"Forward; 22 apps, 6 goals, 1,563 minutes in 2025/26 Liga FPD.",https://footystats.org/players/panama/tomas-abdiel-rodriguez-mena ; https://en.wikipedia.org/wiki/Tom%C3%A1s_Rodr%C3%ADguez_(footballer)
1231,48,PAN,Panama,L,CONCACAF,10,MF,Ismael Díaz,1997-05-12,29,56,17,False,León,Mexico,Liga MX,,,,27,22,1933,10,,,,,,Liga MX,,,,,,high,"Attacker; 27 Liga MX apps (22 starts), 10 goals, 1,933 minutes in 2025/26.",https://theanalyst.com/players/10304/ismael-diaz ; https://www.transfermarkt.us/ismael-diaz/leistungsdaten/spieler/243298
1232,48,PAN,Panama,L,CONCACAF,11,MF,Yoel Bárcenas,1993-10-23,32,103,10,False,Mazatlán,Mexico,Liga MX,,,,30,,2250,3,1,3,0,,,Liga MX,,,,,,high,"Winger; 30 Liga MX apps, 3 goals, 1 assist, 2,250 minutes, 3 yellows in 2025/26.",https://www.sofascore.com/football/player/yoel-barcenas/833352 ; https://footystats.org/players/panama/edgar-yoel-barcenas-herrera
1233,48,PAN,Panama,L,CONCACAF,12,GK,César Samudio,1994-02-23,32,5,0,False,Marathón,Honduras,Liga Nacional,,,,30,,2638,0,0,,,,,Liga Nacional (Honduras),,,,,,medium,"Primary goalkeeper; 30 apps, 2,638 minutes in 2025/26 Liga Nacional.",https://en.wikipedia.org/wiki/C%C3%A9sar_Samudio ; https://www.espn.com/soccer/player/_/id/328403/cesar-samudio
1234,48,PAN,Panama,L,CONCACAF,13,DF,Jiovany Ramos,1997-01-26,29,22,1,False,Puerto Cabello,Venezuela,Liga FUTVE,,,,,,630,0,0,1,,,,Liga FUTVE (Clausura),,,,,,low,"Defender; joined Puerto Cabello July 2025, 630 minutes and 1 yellow in 2025 Clausura first stage. Exact apps unconfirmed.",https://www.fotmob.com/players/688448/jiovany-ramos ; https://www.espn.com/soccer/player/_/id/291014/jiovany-ramos
1235,48,PAN,Panama,L,CONCACAF,14,DF,Carlos Harvey,2000-02-03,26,27,3,False,Minnesota United,United States,MLS,184,,600000,25,16,,2,1,,,,,MLS,,,,,,high,"Defensive midfielder; 25 apps (16 starts), 2 goals, 1 assist in 2025 MLS season. Market value €600k.",https://www.mnufc.com/players/carlos-harvey/ ; https://www.transfermarkt.us/carlos-harvey/profil/spieler/628806
1236,48,PAN,Panama,L,CONCACAF,15,DF,Eric Davis,1991-03-31,35,106,9,False,Plaza Amador,Panama,Liga Panameña de Fútbol,180,left,,,,,1,,,,,,"Liga Panameña de Fútbol, CONCACAF Central American Cup",,,,,,low,"Left-back; joined Plaza Amador July 2025, 8 apps and 1 goal in Central American Cup as of Oct 2025. Full league apps unconfirmed.",https://en.wikipedia.org/wiki/Eric_Davis_(Panamanian_footballer) ; https://www.transfermarkt.us/eric-davis/profil/spieler/121791
1237,48,PAN,Panama,L,CONCACAF,16,DF,Andrés Andrade,1998-10-16,27,49,1,False,LASK,Austria,Austrian Bundesliga,,,,36,,,3,2,1,,,,"Austrian Bundesliga, ÖFB-Cup",,,,,,medium,"Won Austrian Bundesliga and cup double with LASK in 2025/26: ~30 league apps (1 goal, ~2-3 assists) plus 6 cup apps (2 goals).",https://fbref.com/en/players/6ea23758/Andres-Andrade-Cedeno ; https://www.sofascore.com/football/player/andres-andrade/841802
1238,48,PAN,Panama,L,CONCACAF,17,FW,José Fajardo,1993-08-18,32,67,17,False,Universidad Católica,Ecuador,LigaPro,,,,26,8,,9,1,,,,,LigaPro Serie A (Ecuador),,,,,,medium,"Forward (on loan); 26 LigaPro apps (8 starts), 9 goals, 1 assist in 2025.",https://www.espn.com/soccer/player/stats/_/id/267996/jose-fajardo ; https://www.transfermarkt.us/jose-fajardo/leistungsdaten/spieler/546803
1239,48,PAN,Panama,L,CONCACAF,18,FW,Cecilio Waterman,1991-04-13,35,54,15,False,Universidad de Concepción,Chile,Primera B,,,,2,,,0,0,,,,,Liga de Primera (Chile),,,,,,medium,"Striker; rejoined Universidad de Concepción Dec 2025, 2 apps in early 2026. In 2025 he scored 9 goals in 25 league apps for title-winning Coquimbo Unido.",https://en.wikipedia.org/wiki/Cecilio_Waterman ; https://www.transfermarkt.us/cecilio-waterman/alletore/spieler/177064
1240,48,PAN,Panama,L,CONCACAF,19,MF,Alberto Quintero,1987-12-18,38,141,7,False,Plaza Amador,Panama,Liga Panameña de Fútbol,,,,14,14,,3,0,4,,,,Liga Panameña de Fútbol,,,,,,medium,"Right winger; 14 apps (14 starts), 3 goals, 4 yellows in the 2026 LPF season.",https://www.transfermarkt.us/alberto-quintero/profil/spieler/126019 ; https://en.wikipedia.org/wiki/Alberto_Quintero_(footballer)
1241,48,PAN,Panama,L,CONCACAF,20,MF,Aníbal Godoy,1990-02-10,36,159,4,True,San Diego FC,United States,MLS,,,,33,29,,1,2,,,,,MLS,,,,266,,high,"Captain; defensive midfielder. 33 apps (29 starts), 1 goal, 2 assists in San Diego FC's inaugural 2025 MLS season.",https://www.sandiegofc.com/news/get-to-know-panama-captain-and-sdfc-midfielder-anibal-godoy ; https://en.wikipedia.org/wiki/An%C3%ADbal_Godoy
1242,48,PAN,Panama,L,CONCACAF,21,MF,César Yanis,1996-01-28,30,56,5,False,Cobresal,Chile,Primera División,,,,22,,,1,2,,,,,Primera División (Chile),,,,,,medium,"Winger; 22 league apps, 1 goal, 2 assists in 2025 Chilean Primera División.",https://en.wikipedia.org/wiki/C%C3%A9sar_Yanis ; https://www.sofascore.com/football/player/cesar-yanis/1021117
1243,48,PAN,Panama,L,CONCACAF,22,GK,Orlando Mosquera,1994-12-25,31,47,0,False,Al-Fayha,Saudi Arabia,Saudi Pro League,191,,,32,32,,0,0,1,0,7,,"Saudi Pro League, King's Cup",,,,,,high,"Goalkeeper; 32 apps, 7 clean sheets, 96 saves, 1 yellow in 2025/26 Saudi Pro League.",https://www.spl.com.sa/en/players/84187/orlando-mosquera ; https://footystats.org/players/panama/orlando-mosquera
1244,48,PAN,Panama,L,CONCACAF,23,DF,Michael Amir Murillo,1996-02-11,30,93,9,False,Beşiktaş,Turkey,Süper Lig,183,right,,12,,867,1,1,4,,,,Süper Lig,,,,,,medium,"Right-back; joined Beşiktaş Feb 2026 for ~€5m. 12 Süper Lig apps, 1 goal, 1 assist, 867 minutes, 4 yellows in 2025/26 (includes time at Marseille earlier in season).",https://en.wikipedia.org/wiki/Michael_Amir_Murillo ; https://www.sofascore.com/football/player/michael-murillo/839493
1245,48,PAN,Panama,L,CONCACAF,24,FW,Azarias Londoño,2001-06-21,24,10,0,False,Universidad Católica,Ecuador,LigaPro,,,,33,,2263,8,7,,,,,LigaPro Serie A (Ecuador),,,,,,medium,"Forward (on loan); 33 apps, 8 goals, 7 assists, 2,263 minutes in 2025 LigaPro.",https://en.wikipedia.org/wiki/Azarias_Londo%C3%B1o ; https://footystats.org/players/panama/azarias-londono
1246,48,PAN,Panama,L,CONCACAF,25,DF,Roderick Miller,1992-04-03,34,50,2,False,Turan Tovuz,Azerbaijan,Azerbaijan Premier League,190,,175000,,,,,,,,,,Azerbaijan Premier League,,,,,,low,Centre-back (shirt #5 at club); regular starter for Turan Tovuz in 2025/26 but exact apps/goals unconfirmed. Market value €175k.,https://www.transfermarkt.us/roderick-miller/leistungsdaten/spieler/157154 ; https://www.sofascore.com/player/roderick-miller/159939
1247,48,PAN,Panama,L,CONCACAF,26,DF,Jorge Gutiérrez,1998-09-01,27,18,0,False,Deportivo La Guaira,Venezuela,Liga FUTVE,,left,,12,,1080,2,2,,,,,Liga FUTVE (Venezuela),,,,,,low,"Left-back; 12 apps, 2 goals, 2 assists, 1,080 minutes in 2025 Liga FUTVE (figures vary by source/stage).",https://www.transfermarkt.us/jorge-gutierrez/leistungsdaten/spieler/443379 ; https://www.cospanama.com/futbol/panama-jorge-gutierrez-y-su-destacado-paso-venezuela-n6039219
